model,learning_rate,epochs,hidden_dim,num_layers,dropout,train_loss,val_loss
gcn,0.001,50,4,2,0.0,0.010692442332704862,0.011360121090168285
gcn,0.001,50,4,2,0.1,0.01661510235733456,0.016483337531148567
gcn,0.001,50,4,2,0.2,0.013270458703239759,0.012179529133415735
gcn,0.001,50,4,2,0.5,0.017325154340101612,0.016442969581098678
gcn,0.001,50,4,3,0.0,0.01565134562551975,0.016191807417440085
gcn,0.001,50,4,3,0.1,0.012254899595346716,0.012328178150269853
gcn,0.001,50,4,3,0.2,0.02030575912859705,0.018243075711749324
gcn,0.001,50,4,3,0.5,0.016687776355279817,0.014834171472596224
gcn,0.001,50,4,4,0.0,0.014253073206378353,0.014840220873696986
gcn,0.001,50,4,4,0.1,0.021286701907714208,0.014617296973588444
gcn,0.001,50,4,4,0.2,0.017597696805993716,0.012289383870650993
gcn,0.001,50,4,4,0.5,0.018431134584049384,0.018082182494776868
gcn,0.001,50,8,2,0.0,0.014366220558683078,0.015072026370699732
gcn,0.001,50,8,2,0.1,0.012382560999443133,0.011811777763670418
gcn,0.001,50,8,2,0.2,0.012125113358100256,0.011226897821518644
gcn,0.001,50,8,2,0.5,0.020317326941423946,0.01572603632936138
gcn,0.001,50,8,3,0.0,0.007300166806413068,0.008133388032031608
gcn,0.001,50,8,3,0.1,0.014026638699902429,0.012887283583034304
gcn,0.001,50,8,3,0.2,0.012403594392041365,0.010236712559763906
gcn,0.001,50,8,3,0.5,0.015669183288183477,0.012203749279245368
gcn,0.001,50,8,4,0.0,0.0064882165648870995,0.0077467603480082525
gcn,0.001,50,8,4,0.1,0.011401884837283029,0.008410293247132916
gcn,0.001,50,8,4,0.2,0.01449659773045116,0.008784451679367145
gcn,0.001,50,8,4,0.5,0.01795012950897217,0.013285378740845833
gcn,0.001,50,16,2,0.0,0.007986363696141375,0.008578744930146964
gcn,0.001,50,16,2,0.1,0.008040903405182891,0.007588786245216306
gcn,0.001,50,16,2,0.2,0.009279800227118863,0.007435677794691231
gcn,0.001,50,16,2,0.5,0.013661169467700853,0.011249544993902561
gcn,0.001,50,16,3,0.0,0.006483062605063121,0.006815150394195691
gcn,0.001,50,16,3,0.1,0.007378068530104227,0.006795792090264907
gcn,0.001,50,16,3,0.2,0.007966478003395928,0.0068433879884806535
gcn,0.001,50,16,3,0.5,0.014347089433835612,0.009506582912316385
gcn,0.001,50,16,4,0.0,0.006296428427514103,0.0063404059802039114
gcn,0.001,50,16,4,0.1,0.00772656270613273,0.007854979652809213
gcn,0.001,50,16,4,0.2,0.00782119342022472,0.0071485876381817805
gcn,0.001,50,16,4,0.5,0.012137563997465703,0.008268542324835603
gcn,0.001,50,32,2,0.0,0.0060919390991330145,0.0070743792859574
gcn,0.001,50,32,2,0.1,0.007111822141127454,0.006852188294133743
gcn,0.001,50,32,2,0.2,0.0075641323786435856,0.006883573286434607
gcn,0.001,50,32,2,0.5,0.00979424137622118,0.007273415424376495
gcn,0.001,50,32,3,0.0,0.0058699952490213845,0.006409097088322313
gcn,0.001,50,32,3,0.1,0.006766148967047533,0.00737736960060138
gcn,0.001,50,32,3,0.2,0.007981078368094233,0.007088961277264705
gcn,0.001,50,32,3,0.5,0.009359521780990893,0.007564026155629655
gcn,0.001,50,32,4,0.0,0.005669139739539888,0.006621535578321592
gcn,0.001,50,32,4,0.1,0.006781738106575277,0.007553962094232069
gcn,0.001,50,32,4,0.2,0.007612498984154728,0.006576421742864991
gcn,0.001,50,32,4,0.5,0.010005350617898836,0.007324109235891818
gcn,0.001,100,4,2,0.0,0.014526442769500944,0.015188423256567062
gcn,0.001,100,4,2,0.1,0.011043840046558116,0.008620479818720207
gcn,0.001,100,4,2,0.2,0.013470668097337086,0.009785824215147532
gcn,0.001,100,4,2,0.5,0.018711973395612504,0.020894341120912686
gcn,0.001,100,4,3,0.0,0.007428124857445558,0.007326648215851783
gcn,0.001,100,4,3,0.1,0.011047697864058945,0.00972087101179575
gcn,0.001,100,4,3,0.2,0.012737329883707894,0.008697051196826244
gcn,0.001,100,4,3,0.5,0.019622888271179466,0.015365283422129217
gcn,0.001,100,4,4,0.0,0.006830589224894841,0.006442484165130313
gcn,0.001,100,4,4,0.1,0.00860156894971927,0.006685309175919407
gcn,0.001,100,4,4,0.2,0.02214565442668067,0.01800488499113202
gcn,0.001,100,4,4,0.5,0.019064929781274664,0.013558074997134994
gcn,0.001,100,8,2,0.0,0.007025297586288717,0.007464974541646097
gcn,0.001,100,8,2,0.1,0.00868810477356116,0.006638745717236572
gcn,0.001,100,8,2,0.2,0.010574573195642895,0.009179675771647754
gcn,0.001,100,8,2,0.5,0.011833783446086777,0.009625497671609562
gcn,0.001,100,8,3,0.0,0.006735415425565508,0.006712432808062574
gcn,0.001,100,8,3,0.1,0.008232654569049676,0.007396635021653175
gcn,0.001,100,8,3,0.2,0.008185927531061073,0.007523218491528194
gcn,0.001,100,8,3,0.5,0.013504281640052795,0.010586891163009593
gcn,0.001,100,8,4,0.0,0.005972204859265023,0.006144775613511388
gcn,0.001,100,8,4,0.1,0.008594116692741712,0.007818606333769029
gcn,0.001,100,8,4,0.2,0.009041659099360307,0.007829784534926887
gcn,0.001,100,8,4,0.5,0.013352121619714632,0.008344095192296485
gcn,0.001,100,16,2,0.0,0.005895052881290515,0.006416630664482703
gcn,0.001,100,16,2,0.1,0.006786319468584326,0.006486275540279074
gcn,0.001,100,16,2,0.2,0.008352916087541315,0.006515404339428077
gcn,0.001,100,16,2,0.5,0.010702293862899144,0.00852413223045465
gcn,0.001,100,16,3,0.0,0.005611379786084096,0.005912315915641497
gcn,0.001,100,16,3,0.1,0.006897510774433613,0.006740616435820091
gcn,0.001,100,16,3,0.2,0.007400776073336601,0.007068607412909156
gcn,0.001,100,16,3,0.5,0.009442992218666606,0.0077838373080051145
gcn,0.001,100,16,4,0.0,0.005498706135484907,0.005992308623515297
gcn,0.001,100,16,4,0.1,0.00702763611657752,0.007261989442081162
gcn,0.001,100,16,4,0.2,0.007211973683701621,0.006419475533289809
gcn,0.001,100,16,4,0.5,0.010468491580751207,0.008243488902299223
gcn,0.001,100,32,2,0.0,0.005380395551522573,0.006371925018397206
gcn,0.001,100,32,2,0.1,0.006345867883000109,0.006813906552641491
gcn,0.001,100,32,2,0.2,0.006967146177258757,0.006765310822856851
gcn,0.001,100,32,2,0.5,0.008834813162684441,0.007165402559723688
gcn,0.001,100,32,3,0.0,0.005461080092936754,0.0072534621243468544
gcn,0.001,100,32,3,0.1,0.006959443497988913,0.007150399301641475
gcn,0.001,100,32,3,0.2,0.007126377326332861,0.006816082214505403
gcn,0.001,100,32,3,0.5,0.008853198453370069,0.007415950874020383
gcn,0.001,100,32,4,0.0,0.005029065017071035,0.005428763665846437
gcn,0.001,100,32,4,0.1,0.006205760201232301,0.006081866287063975
gcn,0.001,100,32,4,0.2,0.006681137206032872,0.006020139658922408
gcn,0.001,100,32,4,0.5,0.008102592453360558,0.006959947908487418
gcn,0.001,200,4,2,0.0,0.006397034641769197,0.007128111745910904
gcn,0.001,200,4,2,0.1,0.009447176216377152,0.006874840723949571
gcn,0.001,200,4,2,0.2,0.00957192341900534,0.007934038593145143
gcn,0.001,200,4,2,0.5,0.012724020621842809,0.011653886273533942
gcn,0.001,200,4,3,0.0,0.006481340279181799,0.006568071523594376
gcn,0.001,200,4,3,0.1,0.007951074424717161,0.007099202384640258
gcn,0.001,200,4,3,0.2,0.010003153731425603,0.007791673269837674
gcn,0.001,200,4,3,0.5,0.012725342706673675,0.010390763024314431
gcn,0.001,200,4,4,0.0,0.00585712009213037,0.005893641881466505
gcn,0.001,200,4,4,0.1,0.00918872348136372,0.007383013472168809
gcn,0.001,200,4,4,0.2,0.00996481447170178,0.007653248038747407
gcn,0.001,200,4,4,0.5,0.012027864054673248,0.009624164640529998
gcn,0.001,200,8,2,0.0,0.005820638339759575,0.006118101640942531
gcn,0.001,200,8,2,0.1,0.007897878272665871,0.006607071107845553
gcn,0.001,200,8,2,0.2,0.008826521928939554,0.00742940445756961
gcn,0.001,200,8,2,0.5,0.01246666262547175,0.010688473221296757
gcn,0.001,200,8,3,0.0,0.005492045171558857,0.0060984101091751345
gcn,0.001,200,8,3,0.1,0.007823915127664805,0.007151667455023247
gcn,0.001,200,8,3,0.2,0.007423600844211049,0.006798775796856926
gcn,0.001,200,8,3,0.5,0.010101712660657035,0.008212456944027124
gcn,0.001,200,8,4,0.0,0.005955061326838202,0.006505415653448065
gcn,0.001,200,8,4,0.1,0.007282053348090914,0.007328647209617856
gcn,0.001,200,8,4,0.2,0.00841666745642821,0.007364750119932406
gcn,0.001,200,8,4,0.5,0.011152987285620636,0.00782514000337935
gcn,0.001,200,16,2,0.0,0.004885893325424857,0.006277545569546739
gcn,0.001,200,16,2,0.1,0.006513326863447825,0.007059750312330526
gcn,0.001,200,16,2,0.2,0.007670461355398099,0.007099998244428374
gcn,0.001,200,16,2,0.5,0.008167800948851639,0.007339820858742829
gcn,0.001,200,16,3,0.0,0.004610288267334302,0.005862061079184855
gcn,0.001,200,16,3,0.1,0.005954172648489475,0.005716183243510753
gcn,0.001,200,16,3,0.2,0.0074693253574271996,0.00665486018899557
gcn,0.001,200,16,3,0.5,0.00878306898391909,0.007235147510912565
gcn,0.001,200,16,4,0.0,0.005153666741939055,0.0059154812236267285
gcn,0.001,200,16,4,0.1,0.005492467764351103,0.005922441331250394
gcn,0.001,200,16,4,0.2,0.006873058382835653,0.006203487473724167
gcn,0.001,200,16,4,0.5,0.009502659510407184,0.006831443432595763
gcn,0.001,200,32,2,0.0,0.005185109614912007,0.006384712291597183
gcn,0.001,200,32,2,0.1,0.0057346038106415006,0.006732093263784322
gcn,0.001,200,32,2,0.2,0.006516870390623808,0.006915048801813417
gcn,0.001,200,32,2,0.5,0.007921619051032596,0.0067382681771821495
gcn,0.001,200,32,3,0.0,0.004437003740006023,0.005623659705270989
gcn,0.001,200,32,3,0.1,0.005309704173770215,0.0055150434670164115
gcn,0.001,200,32,3,0.2,0.005565382022824552,0.0058555480984881616
gcn,0.001,200,32,3,0.5,0.006979293417599466,0.006044955002564212
gcn,0.001,200,32,4,0.0,0.0046429015489088165,0.005953501700350849
gcn,0.001,200,32,4,0.1,0.004828065571685632,0.005460252833793899
gcn,0.001,200,32,4,0.2,0.00536863360967901,0.005250594733040526
gcn,0.001,200,32,4,0.5,0.007278999003271262,0.006299356771159848
gcn,0.001,300,4,2,0.0,0.006190595610274209,0.006306692357380439
gcn,0.001,300,4,2,0.1,0.008160106444524393,0.007227037432817607
gcn,0.001,300,4,2,0.2,0.008835165430274275,0.008406677767118165
gcn,0.001,300,4,2,0.5,0.013076599770122104,0.011694498899031024
gcn,0.001,300,4,3,0.0,0.005820359289646149,0.006039060979199285
gcn,0.001,300,4,3,0.1,0.009009072497590549,0.007479265127942014
gcn,0.001,300,4,3,0.2,0.008411530094842115,0.007669947210837513
gcn,0.001,300,4,3,0.5,0.01308494195755985,0.0112401330119547
gcn,0.001,300,4,4,0.0,0.005721796272943417,0.005843742617266034
gcn,0.001,300,4,4,0.1,0.016992447856399747,0.017432356762129862
gcn,0.001,300,4,4,0.2,0.016993158393436007,0.0174401941880852
gcn,0.001,300,4,4,0.5,0.012863485059804386,0.010202392586354758
gcn,0.001,300,8,2,0.0,0.005085330539279514,0.006320444649824642
gcn,0.001,300,8,2,0.1,0.006815393041405413,0.0065266343984181855
gcn,0.001,300,8,2,0.2,0.007962364951769512,0.007033560914558379
gcn,0.001,300,8,2,0.5,0.00895857744746738,0.007497758217375505
gcn,0.001,300,8,3,0.0,0.004827497154474258,0.0065024827701574365
gcn,0.001,300,8,3,0.1,0.0070811940357089044,0.007156608676926179
gcn,0.001,300,8,3,0.2,0.007226508731643359,0.006157170219380425
gcn,0.001,300,8,3,0.5,0.009187677688896657,0.008221283989353711
gcn,0.001,300,8,4,0.0,0.0055985350575711995,0.006478290996684244
gcn,0.001,300,8,4,0.1,0.006689319800999429,0.006184926453462492
gcn,0.001,300,8,4,0.2,0.00825481628999114,0.007144664615418517
gcn,0.001,300,8,4,0.5,0.01090347586820523,0.007780720876774705
gcn,0.001,300,16,2,0.0,0.004838495836075809,0.006276624686866938
gcn,0.001,300,16,2,0.1,0.0065413655920161145,0.006339380946424189
gcn,0.001,300,16,2,0.2,0.006998721603304147,0.006470088729305079
gcn,0.001,300,16,2,0.5,0.007615610460440318,0.006975759107675117
gcn,0.001,300,16,3,0.0,0.004547134900672568,0.0056878040690479855
gcn,0.001,300,16,3,0.1,0.005958748298386733,0.006224557250048246
gcn,0.001,300,16,3,0.2,0.00637361334843768,0.006044913015678355
gcn,0.001,300,16,3,0.5,0.007905533537268639,0.006483942922709063
gcn,0.001,300,16,4,0.0,0.004771255443079604,0.006746124827824151
gcn,0.001,300,16,4,0.1,0.005147251228077544,0.005663319962725488
gcn,0.001,300,16,4,0.2,0.006514375186007884,0.0053683426090535
gcn,0.001,300,16,4,0.5,0.00837823347085052,0.007164977484965718
gcn,0.001,300,32,2,0.0,0.004520366915191213,0.006413248618537826
gcn,0.001,300,32,2,0.1,0.005382457634227143,0.005804218213976964
gcn,0.001,300,32,2,0.2,0.005950916248063247,0.006407011789726446
gcn,0.001,300,32,2,0.5,0.007791124667144484,0.006633138537920136
gcn,0.001,300,32,3,0.0,0.00437775371182296,0.006489223052185444
gcn,0.001,300,32,3,0.1,0.005231366616984209,0.0055802280954564635
gcn,0.001,300,32,3,0.2,0.005480533838272095,0.005546699486249485
gcn,0.001,300,32,3,0.5,0.006550628174510267,0.0061966150820692125
gcn,0.001,300,32,4,0.0,0.0041598536384602385,0.005605191194990167
gcn,0.001,300,32,4,0.1,0.00504748471495178,0.005284500319378704
gcn,0.001,300,32,4,0.2,0.0048734328606062464,0.0052737010681401355
gcn,0.001,300,32,4,0.5,0.006676858642862903,0.00583201098904651
gcn,0.001,50,4,2,0.0,0.012309522719846831,0.01335714559006338
gcn,0.001,50,4,2,0.1,0.018062425384091006,0.015863635252127684
gcn,0.001,50,4,2,0.2,0.014170206172598733,0.012711864323080867
gcn,0.001,50,4,2,0.5,0.015721946168276997,0.016176032880662584
gcn,0.001,50,4,3,0.0,0.009698398613060514,0.009996990012314577
gcn,0.001,50,4,3,0.1,0.015677823767893843,0.013874905693843887
gcn,0.001,50,4,3,0.2,0.020249618175956937,0.01639471441764855
gcn,0.001,50,4,3,0.5,0.051260440713829465,0.05016028833805042
gcn,0.001,50,4,4,0.0,0.010787924006581306,0.01321541689898471
gcn,0.001,50,4,4,0.1,0.010624546474880642,0.00953104563873206
gcn,0.001,50,4,4,0.2,0.020493976606263054,0.01657946471806764
gcn,0.001,50,4,4,0.5,0.02133059613406658,0.018203350681607878
gcn,0.001,50,8,2,0.0,0.01094978406197495,0.011765676085496257
gcn,0.001,50,8,2,0.1,0.009680481399926874,0.00872880572660606
gcn,0.001,50,8,2,0.2,0.014498092792928218,0.013852457639488525
gcn,0.001,50,8,2,0.5,0.014968424538771312,0.012696970813173114
gcn,0.001,50,8,3,0.0,0.0069316486517588295,0.007164713542069578
gcn,0.001,50,8,3,0.1,0.010361575076563491,0.008676646501727548
gcn,0.001,50,8,3,0.2,0.013626337713665433,0.011288684714981057
gcn,0.001,50,8,3,0.5,0.020100727842913734,0.014539751198371786
gcn,0.001,50,8,4,0.0,0.0066093298089173105,0.00696015549803386
gcn,0.001,50,8,4,0.1,0.009642116306349636,0.008778244207871677
gcn,0.001,50,8,4,0.2,0.01189921750790543,0.008666487072326512
gcn,0.001,50,8,4,0.5,0.014243551219503084,0.010537059287420037
gcn,0.001,50,16,2,0.0,0.006372599272678295,0.007066637709576384
gcn,0.001,50,16,2,0.1,0.010817294733391868,0.009836238978258227
gcn,0.001,50,16,2,0.2,0.0097833594514264,0.007103006633590536
gcn,0.001,50,16,2,0.5,0.011316211024920145,0.008619195707440786
gcn,0.001,50,16,3,0.0,0.006493997822205225,0.0072994741026180645
gcn,0.001,50,16,3,0.1,0.008020882163610724,0.006891990046235396
gcn,0.001,50,16,3,0.2,0.00975419765131341,0.007779621920804325
gcn,0.001,50,16,3,0.5,0.012062712965740099,0.00928912668338333
gcn,0.001,50,16,4,0.0,0.006423273579114013,0.007109740806264253
gcn,0.001,50,16,4,0.1,0.007376280157930321,0.006897212442544309
gcn,0.001,50,16,4,0.2,0.008334795157942507,0.007095510079638356
gcn,0.001,50,16,4,0.5,0.01712967318793138,0.008303628683674024
gcn,0.001,50,32,2,0.0,0.005972553975880146,0.006650893214633169
gcn,0.001,50,32,2,0.1,0.0067181963680519,0.006356981106175575
gcn,0.001,50,32,2,0.2,0.007261184209750758,0.006812016140553645
gcn,0.001,50,32,2,0.5,0.00938807622426086,0.007024839492553547
gcn,0.001,50,32,3,0.0,0.00618197289812896,0.007318651765578732
gcn,0.001,50,32,3,0.1,0.00669907768153482,0.006771164940375218
gcn,0.001,50,32,3,0.2,0.007651868648827076,0.006750202198570676
gcn,0.001,50,32,3,0.5,0.009587915872948037,0.007480205109449423
gcn,0.001,50,32,4,0.0,0.0055360639674796,0.0066985156415794835
gcn,0.001,50,32,4,0.1,0.006552759630398618,0.007037725224930758
gcn,0.001,50,32,4,0.2,0.00708255207993918,0.007210742921782054
gcn,0.001,50,32,4,0.5,0.00982085969299078,0.007274284903129691
gcn,0.001,100,4,2,0.0,0.006372782794965638,0.0065473116512598795
gcn,0.001,100,4,2,0.1,0.01591239327357875,0.01455745496423939
gcn,0.001,100,4,2,0.2,0.01359027661383152,0.00954138688709547
gcn,0.001,100,4,2,0.5,0.013700168465988503,0.011700901400557684
gcn,0.001,100,4,3,0.0,0.007502215552247233,0.007978430578278517
gcn,0.001,100,4,3,0.1,0.009064501110050414,0.0079778471857874
gcn,0.001,100,4,3,0.2,0.010155854643219046,0.007516434462667676
gcn,0.001,100,4,3,0.5,0.015613823653095299,0.0136966439809598
gcn,0.001,100,4,4,0.0,0.016952502644724317,0.01770466668662716
gcn,0.001,100,4,4,0.1,0.022780625273784,0.022852503521848467
gcn,0.001,100,4,4,0.2,0.009337050860954656,0.007494916692520737
gcn,0.001,100,4,4,0.5,0.014882230386137962,0.012463125158090827
gcn,0.001,100,8,2,0.0,0.006163401265318195,0.006743918981126229
gcn,0.001,100,8,2,0.1,0.008482453785836697,0.0067940522398063806
gcn,0.001,100,8,2,0.2,0.011311641056090593,0.008934741774642796
gcn,0.001,100,8,2,0.5,0.011630099949737389,0.008917717091577893
gcn,0.001,100,8,3,0.0,0.006517766172894173,0.00740438013625655
gcn,0.001,100,8,3,0.1,0.007410807286699613,0.0077567564776916285
gcn,0.001,100,8,3,0.2,0.009226718586352137,0.007421812365369917
gcn,0.001,100,8,3,0.5,0.012674376575483216,0.00743108478688701
gcn,0.001,100,8,4,0.0,0.006565859251552158,0.007026222923279169
gcn,0.001,100,8,4,0.1,0.008849725582533413,0.00701130892268893
gcn,0.001,100,8,4,0.2,0.009593901131302119,0.007325886615365573
gcn,0.001,100,8,4,0.5,0.01080557985438241,0.007939220188937779
gcn,0.001,100,16,2,0.0,0.005193945982803901,0.005576796760736191
gcn,0.001,100,16,2,0.1,0.00825615365886026,0.006452717493812821
gcn,0.001,100,16,2,0.2,0.007353404391970899,0.006625748937897779
gcn,0.001,100,16,2,0.5,0.011581327124602265,0.007392155214125595
gcn,0.001,100,16,3,0.0,0.00569643697494434,0.0066595633586337575
gcn,0.001,100,16,3,0.1,0.0066619347987903485,0.006892884438986524
gcn,0.001,100,16,3,0.2,0.008927231592436632,0.007216424274877053
gcn,0.001,100,16,3,0.5,0.009031712698439756,0.007112501445164754
gcn,0.001,100,16,4,0.0,0.005391863143692414,0.00676968180843931
gcn,0.001,100,16,4,0.1,0.006573897538085779,0.006807964983222292
gcn,0.001,100,16,4,0.2,0.007154895592894819,0.006736058294349178
gcn,0.001,100,16,4,0.5,0.010711976440830363,0.007024164192053495
gcn,0.001,100,32,2,0.0,0.0054342612313727535,0.006011326649778148
gcn,0.001,100,32,2,0.1,0.006329215131700039,0.006328568328899209
gcn,0.001,100,32,2,0.2,0.006811432623200947,0.006280498609396723
gcn,0.001,100,32,2,0.5,0.00900111324671242,0.0069118680933710095
gcn,0.001,100,32,3,0.0,0.005067887891911798,0.006041107906473653
gcn,0.001,100,32,3,0.1,0.006521851403845681,0.006884863586517032
gcn,0.001,100,32,3,0.2,0.00657382116963466,0.006342088303892201
gcn,0.001,100,32,3,0.5,0.008827127309309112,0.006574284329369284
gcn,0.001,100,32,4,0.0,0.005037884258975585,0.005694797113736816
gcn,0.001,100,32,4,0.1,0.005730913341459301,0.005760410263934923
gcn,0.001,100,32,4,0.2,0.006684796429342694,0.006242580372545903
gcn,0.001,100,32,4,0.5,0.007983984808541006,0.006985796382187636
gcn,0.001,200,4,2,0.0,0.005388578938113319,0.005790628240066464
gcn,0.001,200,4,2,0.1,0.01029112461126513,0.0082322935029848
gcn,0.001,200,4,2,0.2,0.008913068690647681,0.007001759024667309
gcn,0.001,200,4,2,0.5,0.014560452351967493,0.013075783322970148
gcn,0.001,200,4,3,0.0,0.006515130193697082,0.007510554864606012
gcn,0.001,200,4,3,0.1,0.009194103349000216,0.006892849897026143
gcn,0.001,200,4,3,0.2,0.012295504307581319,0.008106821518823915
gcn,0.001,200,4,3,0.5,0.012953376128441758,0.009520202613720153
gcn,0.001,200,4,4,0.0,0.006389676965773106,0.007182970114837084
gcn,0.001,200,4,4,0.1,0.008070035816894637,0.007117475031459919
gcn,0.001,200,4,4,0.2,0.010518553687466516,0.0073116245279840845
gcn,0.001,200,4,4,0.5,0.015392097478939427,0.008623236390311928
gcn,0.001,200,8,2,0.0,0.005448984385778507,0.005838017852931987
gcn,0.001,200,8,2,0.1,0.008147343061864376,0.006218080576665841
gcn,0.001,200,8,2,0.2,0.008583458678589926,0.006913191566016175
gcn,0.001,200,8,2,0.5,0.01021805935435825,0.0075905878772493775
gcn,0.001,200,8,3,0.0,0.005572403139538235,0.007099990333124406
gcn,0.001,200,8,3,0.1,0.00718869644527634,0.006463727632506022
gcn,0.001,200,8,3,0.2,0.007448815947605504,0.006545623673233014
gcn,0.001,200,8,3,0.5,0.011274638006256686,0.00839853228687073
gcn,0.001,200,8,4,0.0,0.005512311816629437,0.00695890889025137
gcn,0.001,200,8,4,0.1,0.008028293111258083,0.006753463951500826
gcn,0.001,200,8,4,0.2,0.00824819499005874,0.007056537502347226
gcn,0.001,200,8,4,0.5,0.01025461916708284,0.007340651313191171
gcn,0.001,200,16,2,0.0,0.005288661209245523,0.005746387678453613
gcn,0.001,200,16,2,0.1,0.006498162241445647,0.006054223127399294
gcn,0.001,200,16,2,0.2,0.007568741579436594,0.006633116449178633
gcn,0.001,200,16,2,0.5,0.008872892241925001,0.007423483294300958
gcn,0.001,200,16,3,0.0,0.0048866521567106245,0.006184932241927133
gcn,0.001,200,16,3,0.1,0.005888050411724382,0.005862139863724458
gcn,0.001,200,16,3,0.2,0.0076655786898401045,0.00631773176676047
gcn,0.001,200,16,3,0.5,0.008959504961967468,0.0069659204405537745
gcn,0.001,200,16,4,0.0,0.005121534265991714,0.006530165387196108
gcn,0.001,200,16,4,0.1,0.006185827725049522,0.0059856692034682135
gcn,0.001,200,16,4,0.2,0.007121977541181776,0.006130104254132296
gcn,0.001,200,16,4,0.5,0.008117320264379184,0.006890627119997395
gcn,0.001,200,32,2,0.0,0.004892720685650905,0.005592696176701661
gcn,0.001,200,32,2,0.1,0.00621572985417313,0.00626753403286937
gcn,0.001,200,32,2,0.2,0.006588457918001546,0.006087321691673098
gcn,0.001,200,32,2,0.5,0.007632504983080758,0.006714834682396487
gcn,0.001,200,32,3,0.0,0.004923809863006075,0.005809990196440862
gcn,0.001,200,32,3,0.1,0.004877087411781152,0.005544227113334377
gcn,0.001,200,32,3,0.2,0.006028080007268323,0.005287847949737157
gcn,0.001,200,32,3,0.5,0.007853966692669525,0.006401319789587423
gcn,0.001,200,32,4,0.0,0.005344289442938235,0.005768400290568821
gcn,0.001,200,32,4,0.1,0.005517436170743572,0.0056794221263221315
gcn,0.001,200,32,4,0.2,0.005864068576031261,0.005826792087057808
gcn,0.001,200,32,4,0.5,0.0064216187844673795,0.006139574126295799
gcn,0.001,300,4,2,0.0,0.005544065870344639,0.005946914970064943
gcn,0.001,300,4,2,0.1,0.008600050635221932,0.006619176638378854
gcn,0.001,300,4,2,0.2,0.010549028072920111,0.00848548105776754
gcn,0.001,300,4,2,0.5,0.011559146104587449,0.008215432278776125
gcn,0.001,300,4,3,0.0,0.005577913806256321,0.006845856325413369
gcn,0.001,300,4,3,0.1,0.007174115545219845,0.0067343765945692136
gcn,0.001,300,4,3,0.2,0.01149241735951768,0.00838051089039571
gcn,0.001,300,4,3,0.5,0.013272509806685977,0.009395647436467614
gcn,0.001,300,4,4,0.0,0.005956366678906811,0.007246390799443958
gcn,0.001,300,4,4,0.1,0.009323704666975472,0.007014600540021498
gcn,0.001,300,4,4,0.2,0.01110543633500735,0.008833104746982845
gcn,0.001,300,4,4,0.5,0.015335950876275699,0.012196598997648356
gcn,0.001,300,8,2,0.0,0.00591922632108132,0.006349603944660864
gcn,0.001,300,8,2,0.1,0.00728866346180439,0.006671070149269398
gcn,0.001,300,8,2,0.2,0.007720405173798402,0.0064692560385666955
gcn,0.001,300,8,2,0.5,0.010503272588054339,0.007586500854667055
gcn,0.001,300,8,3,0.0,0.005781671746323506,0.007067650386815938
gcn,0.001,300,8,3,0.1,0.007088940559575955,0.006642702828627644
gcn,0.001,300,8,3,0.2,0.008062051836815146,0.006858049381565779
gcn,0.001,300,8,3,0.5,0.009044627389974065,0.007436784789200712
gcn,0.001,300,8,4,0.0,0.005642505497154262,0.00650545533867668
gcn,0.001,300,8,4,0.1,0.006532512336141534,0.006212547809726488
gcn,0.001,300,8,4,0.2,0.00805984555433194,0.005997516907281164
gcn,0.001,300,8,4,0.5,0.010030843917694357,0.007954660720828
gcn,0.001,300,16,2,0.0,0.005062751885917451,0.005638769742390015
gcn,0.001,300,16,2,0.1,0.005912145144409604,0.005716923720203782
gcn,0.001,300,16,2,0.2,0.006769742702858315,0.006286299169397514
gcn,0.001,300,16,2,0.5,0.008119288283503718,0.006701015659723919
gcn,0.001,300,16,3,0.0,0.004826189101570183,0.005693152738975216
gcn,0.001,300,16,3,0.1,0.005930662569072511,0.0056632586707527684
gcn,0.001,300,16,3,0.2,0.006157217029896047,0.006186519263569346
gcn,0.001,300,16,3,0.5,0.008080349034733243,0.0068771448055586545
gcn,0.001,300,16,4,0.0,0.004728654306381941,0.00658244214982473
gcn,0.001,300,16,4,0.1,0.005743982974025938,0.005791831947136505
gcn,0.001,300,16,4,0.2,0.006854287597040335,0.006010479916469191
gcn,0.001,300,16,4,0.5,0.007749707086218728,0.00677981553143836
gcn,0.001,300,32,2,0.0,0.0046126992545194095,0.005439440826778608
gcn,0.001,300,32,2,0.1,0.00529385811338822,0.005393966189035137
gcn,0.001,300,32,2,0.2,0.006284680341680845,0.005973734604651515
gcn,0.001,300,32,2,0.5,0.007254902594205406,0.007012926805643116
gcn,0.001,300,32,3,0.0,0.004560810058481164,0.005346291982679397
gcn,0.001,300,32,3,0.1,0.004954108637240198,0.005475967357021716
gcn,0.001,300,32,3,0.2,0.005214753759921425,0.005570463575093054
gcn,0.001,300,32,3,0.5,0.006582435427440537,0.006372008598512302
gcn,0.001,300,32,4,0.0,0.004117919204549657,0.005539938682547785
gcn,0.001,300,32,4,0.1,0.004858423138244285,0.005340187495618753
gcn,0.001,300,32,4,0.2,0.005165456587241756,0.005470388747837984
gcn,0.001,300,32,4,0.5,0.006461943479047882,0.005652020582916783
gcn,0.001,50,4,2,0.0,0.015652940194639895,0.017987295463140575
gcn,0.001,50,4,2,0.1,0.013627829982174768,0.014649440372625055
gcn,0.001,50,4,2,0.2,0.019762399906499518,0.01540608455849839
gcn,0.001,50,4,2,0.5,0.03659896155198415,0.016974797010761676
gcn,0.001,50,4,3,0.0,0.010466108336630794,0.013359338957729627
gcn,0.001,50,4,3,0.1,0.017008551292949252,0.015939586696866237
gcn,0.001,50,4,3,0.2,0.016281902251972093,0.01573249061833517
gcn,0.001,50,4,3,0.5,0.016253330931067466,0.016768097198297062
gcn,0.001,50,4,4,0.0,0.013833159622218873,0.01662502640894712
gcn,0.001,50,4,4,0.1,0.012302242084923717,0.01299752048016709
gcn,0.001,50,4,4,0.2,0.022091120522883204,0.01610281027067233
gcn,0.001,50,4,4,0.5,0.03025233406159613,0.01668710517398584
gcn,0.001,50,8,2,0.0,0.00901416822647055,0.010376065969477133
gcn,0.001,50,8,2,0.1,0.014676889611615075,0.015200039008204259
gcn,0.001,50,8,2,0.2,0.014607569865054555,0.015818827648908608
gcn,0.001,50,8,2,0.5,0.01667481426977449,0.016154060867947552
gcn,0.001,50,8,3,0.0,0.0075039065339499045,0.010249702791011495
gcn,0.001,50,8,3,0.1,0.008168519929879242,0.008052435846641014
gcn,0.001,50,8,3,0.2,0.01123073822301295,0.010878163949958997
gcn,0.001,50,8,3,0.5,0.016061556215087574,0.015154792941832196
gcn,0.001,50,8,4,0.0,0.0067376129639645415,0.008681940475515248
gcn,0.001,50,8,4,0.1,0.011087546166446473,0.010617512374743066
gcn,0.001,50,8,4,0.2,0.009500661409563488,0.009318753661585988
gcn,0.001,50,8,4,0.5,0.018844253487057157,0.015097693483423602
gcn,0.001,50,16,2,0.0,0.006884397411098083,0.008008782871064147
gcn,0.001,50,16,2,0.1,0.008997856722109848,0.010106303857400366
gcn,0.001,50,16,2,0.2,0.009873192131312356,0.009366266964842152
gcn,0.001,50,16,2,0.5,0.014290607141123877,0.011205936977171694
gcn,0.001,50,16,3,0.0,0.006189382748885287,0.006420098246387451
gcn,0.001,50,16,3,0.1,0.0075819902742902436,0.007642929743863491
gcn,0.001,50,16,3,0.2,0.010364678046769566,0.008293713626809595
gcn,0.001,50,16,3,0.5,0.011442623825536834,0.008528700706546677
gcn,0.001,50,16,4,0.0,0.006223077327013016,0.007116466561872548
gcn,0.001,50,16,4,0.1,0.00778161125878493,0.007643628140446013
gcn,0.001,50,16,4,0.2,0.008990089222788811,0.007324873485099759
gcn,0.001,50,16,4,0.5,0.012716727745201852,0.009199848132533384
gcn,0.001,50,32,2,0.0,0.005988262717922529,0.00635087855575549
gcn,0.001,50,32,2,0.1,0.006796426015595595,0.007394674006009727
gcn,0.001,50,32,2,0.2,0.007282034142149819,0.007109954142330644
gcn,0.001,50,32,2,0.5,0.010646947028322352,0.008376199900856762
gcn,0.001,50,32,3,0.0,0.006234997159077061,0.006929633093828791
gcn,0.001,50,32,3,0.1,0.007205858723156982,0.006868504593639124
gcn,0.001,50,32,3,0.2,0.0075247640618019635,0.006258507142525205
gcn,0.001,50,32,3,0.5,0.010026654311352306,0.008068388612274657
gcn,0.001,50,32,4,0.0,0.00594818244377772,0.006078218995880058
gcn,0.001,50,32,4,0.1,0.006737796734604571,0.006724830636463097
gcn,0.001,50,32,4,0.2,0.007872225375225146,0.007014361540027126
gcn,0.001,50,32,4,0.5,0.009933796069688267,0.008881740690248052
gcn,0.001,100,4,2,0.0,0.010964259795016713,0.014086976220346891
gcn,0.001,100,4,2,0.1,0.015481430913011233,0.014356693003810173
gcn,0.001,100,4,2,0.2,0.016638463570011988,0.01694107770051565
gcn,0.001,100,4,2,0.5,0.013865890529834562,0.013817986081654809
gcn,0.001,100,4,3,0.0,0.00657909946102235,0.008260772608475197
gcn,0.001,100,4,3,0.1,0.009619827941060066,0.009560086526998668
gcn,0.001,100,4,3,0.2,0.01044525405805972,0.010041746756885872
gcn,0.001,100,4,3,0.5,0.014539985731244088,0.01465842087149396
gcn,0.001,100,4,4,0.0,0.006189144102649556,0.007205391899997982
gcn,0.001,100,4,4,0.1,0.017581459507346152,0.018469802642200883
gcn,0.001,100,4,4,0.2,0.01133148098985354,0.010201735719328586
gcn,0.001,100,4,4,0.5,0.018496664861838024,0.012270367641796143
gcn,0.001,100,8,2,0.0,0.006189537752005789,0.007756402814202668
gcn,0.001,100,8,2,0.1,0.008359375927183364,0.008971996755566392
gcn,0.001,100,8,2,0.2,0.00918487740887536,0.0089942192694638
gcn,0.001,100,8,2,0.5,0.01610690268377463,0.010520689584143494
gcn,0.001,100,8,3,0.0,0.006522995978593826,0.007893001201846949
gcn,0.001,100,8,3,0.1,0.007462098211463954,0.008619416164537453
gcn,0.001,100,8,3,0.2,0.011768515863352352,0.007876791914857618
gcn,0.001,100,8,3,0.5,0.012725455065568289,0.009873564892773712
gcn,0.001,100,8,4,0.0,0.00614290298997528,0.006278482940636221
gcn,0.001,100,8,4,0.1,0.008744986075907946,0.0077380875158488795
gcn,0.001,100,8,4,0.2,0.008569544346796142,0.009429606791758194
gcn,0.001,100,8,4,0.5,0.011635566451069381,0.010568000588266391
gcn,0.001,100,16,2,0.0,0.005994143337011338,0.007019128011053977
gcn,0.001,100,16,2,0.1,0.007322415440446801,0.0065217088137597525
gcn,0.001,100,16,2,0.2,0.007547689870827727,0.007017825381979592
gcn,0.001,100,16,2,0.5,0.011323485813207097,0.008730298453733742
gcn,0.001,100,16,3,0.0,0.005728125168631474,0.0058645866654407405
gcn,0.001,100,16,3,0.1,0.006492520537641313,0.006697256771147231
gcn,0.001,100,16,3,0.2,0.007912824499524303,0.007443064983956149
gcn,0.001,100,16,3,0.5,0.011035514622926712,0.008754607938205728
gcn,0.001,100,16,4,0.0,0.0054801764380600715,0.005781601973035233
gcn,0.001,100,16,4,0.1,0.006794189723829429,0.00648642424475121
gcn,0.001,100,16,4,0.2,0.007660934815390243,0.006763603807194496
gcn,0.001,100,16,4,0.5,0.010778415161702368,0.009104631944123675
gcn,0.001,100,32,2,0.0,0.005725386014415158,0.006634723101356155
gcn,0.001,100,32,2,0.1,0.006691404142313533,0.006175116569291461
gcn,0.001,100,32,2,0.2,0.007250667032268312,0.0065631529864590196
gcn,0.001,100,32,2,0.5,0.008929897772355212,0.0074169193793541584
gcn,0.001,100,32,3,0.0,0.005126656395279699,0.007136534603515554
gcn,0.001,100,32,3,0.1,0.006441458516443769,0.006148803743170728
gcn,0.001,100,32,3,0.2,0.006365787962244617,0.006365290313316252
gcn,0.001,100,32,3,0.5,0.00852407719939947,0.007079666163194021
gcn,0.001,100,32,4,0.0,0.005152232893225219,0.00663095361673891
gcn,0.001,100,32,4,0.1,0.006142853769577212,0.006333272182620142
gcn,0.001,100,32,4,0.2,0.006227981464730368,0.006959151258896501
gcn,0.001,100,32,4,0.5,0.00889854942344957,0.007714742764313542
gcn,0.001,200,4,2,0.0,0.013779405939082305,0.012348078221858415
gcn,0.001,200,4,2,0.1,0.00930671128961775,0.008408244247155517
gcn,0.001,200,4,2,0.2,0.010806545542760029,0.009537281813757414
gcn,0.001,200,4,2,0.5,0.011459764672650231,0.01161469195303566
gcn,0.001,200,4,3,0.0,0.006137706297967169,0.007007215944106737
gcn,0.001,200,4,3,0.1,0.009020627662539481,0.00868268297038155
gcn,0.001,200,4,3,0.2,0.009028711252742343,0.008622728267732893
gcn,0.001,200,4,3,0.5,0.013966447363297144,0.014698475798913013
gcn,0.001,200,4,4,0.0,0.016839464174376595,0.018927579074167533
gcn,0.001,200,4,4,0.1,0.008123350019256273,0.008899491329795261
gcn,0.001,200,4,4,0.2,0.009460440153876941,0.009564129502865027
gcn,0.001,200,4,4,0.5,0.014543223836355739,0.012090507952082441
gcn,0.001,200,8,2,0.0,0.005171376259790527,0.006921431246613175
gcn,0.001,200,8,2,0.1,0.007902669347822666,0.00795038906946408
gcn,0.001,200,8,2,0.2,0.007708424474630091,0.008607424503737904
gcn,0.001,200,8,2,0.5,0.011478569255106978,0.00940029964300495
gcn,0.001,200,8,3,0.0,0.005711751120785872,0.006558537879505999
gcn,0.001,200,8,3,0.1,0.008068142965849902,0.007253916114142012
gcn,0.001,200,8,3,0.2,0.009178686659369203,0.009165422699202463
gcn,0.001,200,8,3,0.5,0.00961519561501013,0.009904915438624706
gcn,0.001,200,8,4,0.0,0.005644766106787655,0.0056053348801756945
gcn,0.001,200,8,4,0.1,0.007658799903260337,0.008463829971374204
gcn,0.001,200,8,4,0.2,0.007879771023160882,0.006647986631930914
gcn,0.001,200,8,4,0.5,0.012084759937392341,0.010244743113395871
gcn,0.001,200,16,2,0.0,0.005441556167271402,0.005832022442853635
gcn,0.001,200,16,2,0.1,0.006503786839958694,0.00640103616390073
gcn,0.001,200,16,2,0.2,0.0069864760359956155,0.0067812551738153145
gcn,0.001,200,16,2,0.5,0.008559802609185378,0.0077843972822109865
gcn,0.001,200,16,3,0.0,0.004930753317765064,0.0062432161612553825
gcn,0.001,200,16,3,0.1,0.006591545805955927,0.0069228876007577655
gcn,0.001,200,16,3,0.2,0.00682613386048211,0.00614822798237793
gcn,0.001,200,16,3,0.5,0.008964599979420503,0.008913985171012962
gcn,0.001,200,16,4,0.0,0.00501580989609162,0.007269677532893692
gcn,0.001,200,16,4,0.1,0.005784080022325119,0.006912881098782742
gcn,0.001,200,16,4,0.2,0.00647882864707046,0.006453392277265668
gcn,0.001,200,16,4,0.5,0.00826616074062056,0.00799149510035344
gcn,0.001,200,32,2,0.0,0.005268415850069787,0.00666961433003106
gcn,0.001,200,32,2,0.1,0.005655881700416406,0.006168602283081826
gcn,0.001,200,32,2,0.2,0.005903445830982592,0.006305831979977072
gcn,0.001,200,32,2,0.5,0.007671495444244809,0.006664701714624877
gcn,0.001,200,32,3,0.0,0.005485861955417527,0.006611274656456079
gcn,0.001,200,32,3,0.1,0.004918884796400865,0.006707851530405673
gcn,0.001,200,32,3,0.2,0.006123699594496025,0.007469491298980224
gcn,0.001,200,32,3,0.5,0.007689226118640767,0.006681507858980784
gcn,0.001,200,32,4,0.0,0.004397462401539087,0.007103269371686349
gcn,0.001,200,32,4,0.1,0.0051362293668919135,0.007136015008340046
gcn,0.001,200,32,4,0.2,0.006248704944219854,0.006855052032045794
gcn,0.001,200,32,4,0.5,0.006835848320689467,0.006656387096051208
gcn,0.001,300,4,2,0.0,0.006281035952270031,0.0074310142660366065
gcn,0.001,300,4,2,0.1,0.008569282872809305,0.008818970634255519
gcn,0.001,300,4,2,0.2,0.01005677299367057,0.008778721333271133
gcn,0.001,300,4,2,0.5,0.012735502608120442,0.012325767551300637
gcn,0.001,300,4,3,0.0,0.006213357061561611,0.006363577028197653
gcn,0.001,300,4,3,0.1,0.007944532421727974,0.008753075389413856
gcn,0.001,300,4,3,0.2,0.008082941008938683,0.009382032366742465
gcn,0.001,300,4,3,0.5,0.010864005693131023,0.011511413411587434
gcn,0.001,300,4,4,0.0,0.016839758513702285,0.019041157609887116
gcn,0.001,300,4,4,0.1,0.008555527828219864,0.008766128082937575
gcn,0.001,300,4,4,0.2,0.008659288845956325,0.010157832569609958
gcn,0.001,300,4,4,0.5,0.012169047652019396,0.013003287075423064
gcn,0.001,300,8,2,0.0,0.005027716813815965,0.006179589157051968
gcn,0.001,300,8,2,0.1,0.006913508485174842,0.007464153947545538
gcn,0.001,300,8,2,0.2,0.008290924411267043,0.0077054960310808385
gcn,0.001,300,8,2,0.5,0.010939201526343822,0.00962706270590925
gcn,0.001,300,8,3,0.0,0.005507119124134382,0.005773089066815107
gcn,0.001,300,8,3,0.1,0.006117198988795281,0.007898284905811903
gcn,0.001,300,8,3,0.2,0.007405304913926456,0.007490895429954403
gcn,0.001,300,8,3,0.5,0.011109380517154932,0.011054794283305492
gcn,0.001,300,8,4,0.0,0.005589821572519011,0.006339199929874107
gcn,0.001,300,8,4,0.1,0.007526863945855035,0.007149996988470075
gcn,0.001,300,8,4,0.2,0.007229251373145316,0.006035813137740509
gcn,0.001,300,8,4,0.5,0.010355409772859678,0.010236313809530473
gcn,0.001,300,16,2,0.0,0.004911038931459189,0.006586272176428043
gcn,0.001,300,16,2,0.1,0.006287392228841782,0.00682650406798615
gcn,0.001,300,16,2,0.2,0.006768811576896244,0.006850223613911055
gcn,0.001,300,16,2,0.5,0.00886212657723162,0.007859659171187628
gcn,0.001,300,16,3,0.0,0.004572382859057851,0.006876059015204916
gcn,0.001,300,16,3,0.1,0.00616712634348207,0.007303731462175289
gcn,0.001,300,16,3,0.2,0.006653323355648253,0.006623969860633227
gcn,0.001,300,16,3,0.5,0.007885404044969214,0.007191330393119877
gcn,0.001,300,16,4,0.0,0.004653261105219523,0.008431101982341982
gcn,0.001,300,16,4,0.1,0.005500691513427429,0.00653447597615342
gcn,0.001,300,16,4,0.2,0.005838455052839385,0.006490670765828921
gcn,0.001,300,16,4,0.5,0.007973296443621318,0.009606398928244197
gcn,0.001,300,32,2,0.0,0.004654558261649476,0.006779136276555709
gcn,0.001,300,32,2,0.1,0.005283772717747423,0.007240457067871286
gcn,0.001,300,32,2,0.2,0.006608808206187354,0.007000001540513634
gcn,0.001,300,32,2,0.5,0.006845412082556221,0.007153886876997917
gcn,0.001,300,32,3,0.0,0.004402660619881418,0.00719593866488486
gcn,0.001,300,32,3,0.1,0.005158599176340633,0.0074159024151678075
gcn,0.001,300,32,3,0.2,0.005754453838906355,0.0067582833578145205
gcn,0.001,300,32,3,0.5,0.006745975733631187,0.007346414301256066
gcn,0.001,300,32,4,0.0,0.004370677636729346,0.008023369829646066
gcn,0.001,300,32,4,0.1,0.005285764428683453,0.007266458340421456
gcn,0.001,300,32,4,0.2,0.005129547965609365,0.007456318081486923
gcn,0.001,300,32,4,0.5,0.006118387666841348,0.006726245745319504
gcn,0.001,50,4,2,0.0,0.015349404762188594,0.013502472826079904
gcn,0.001,50,4,2,0.1,0.017699218748344316,0.016070476648897648
gcn,0.001,50,4,2,0.2,0.015930950144926705,0.01131087194063165
gcn,0.001,50,4,2,0.5,0.017815773892733786,0.01511484213537051
gcn,0.001,50,4,3,0.0,0.01107529950224691,0.009441257912504697
gcn,0.001,50,4,3,0.1,0.019424402548207178,0.010487459619297312
gcn,0.001,50,4,3,0.2,0.015780138307147556,0.012829962308401855
gcn,0.001,50,4,3,0.5,0.024909717506832546,0.014996351189652235
gcn,0.001,50,4,4,0.0,0.015480243869953685,0.013279825216342833
gcn,0.001,50,4,4,0.1,0.012500965657333532,0.009901431034213393
gcn,0.001,50,4,4,0.2,0.016765050859087045,0.01297153023280535
gcn,0.001,50,4,4,0.5,0.021256833026806515,0.0150627061434083
gcn,0.001,50,8,2,0.0,0.01372912074956629,0.01129913512581313
gcn,0.001,50,8,2,0.1,0.02097470855547322,0.013983815203875705
gcn,0.001,50,8,2,0.2,0.017955323970980114,0.011923292288226616
gcn,0.001,50,8,2,0.5,0.01623326554480526,0.011713792635867137
gcn,0.001,50,8,3,0.0,0.00836159773170948,0.007062615904581926
gcn,0.001,50,8,3,0.1,0.009426047570175594,0.006876003355283111
gcn,0.001,50,8,3,0.2,0.015117058944371011,0.008558652781219256
gcn,0.001,50,8,3,0.5,0.015758851563764942,0.011546038879957376
gcn,0.001,50,8,4,0.0,0.006895317344201936,0.006556141092128276
gcn,0.001,50,8,4,0.1,0.013490435481071473,0.009603476600473582
gcn,0.001,50,8,4,0.2,0.010102705533305804,0.008111972587508131
gcn,0.001,50,8,4,0.5,0.01721069175336096,0.011338460373240555
gcn,0.001,50,16,2,0.0,0.007060031303101116,0.005947571441660427
gcn,0.001,50,16,2,0.1,0.007851402854753865,0.0056275082798086466
gcn,0.001,50,16,2,0.2,0.009169038219584359,0.005568173688449462
gcn,0.001,50,16,2,0.5,0.011090429396265082,0.00836364186797669
gcn,0.001,50,16,3,0.0,0.0063499621426065765,0.00562938214931521
gcn,0.001,50,16,3,0.1,0.007065807334664795,0.006093382268295255
gcn,0.001,50,16,3,0.2,0.008506515477266576,0.006206853117508548
gcn,0.001,50,16,3,0.5,0.011279309396114615,0.008409458885611554
gcn,0.001,50,16,4,0.0,0.006309857798947228,0.005870425034162285
gcn,0.001,50,16,4,0.1,0.007061603582567639,0.006636376353871154
gcn,0.001,50,16,4,0.2,0.009201425789958901,0.007319645038882538
gcn,0.001,50,16,4,0.5,0.011549831471509404,0.007976467595873449
gcn,0.001,50,32,2,0.0,0.006226334617369705,0.0057748618705870895
gcn,0.001,50,32,2,0.1,0.0061560633074906135,0.005540541717431613
gcn,0.001,50,32,2,0.2,0.007448345319264465,0.005469957606551645
gcn,0.001,50,32,2,0.5,0.009077220472196739,0.007000391914045711
gcn,0.001,50,32,3,0.0,0.006319629721757439,0.005920166580739595
gcn,0.001,50,32,3,0.1,0.007122765336599615,0.005874385821006833
gcn,0.001,50,32,3,0.2,0.007161810450876753,0.005732936317347814
gcn,0.001,50,32,3,0.5,0.010197273683216837,0.006643672091138008
gcn,0.001,50,32,4,0.0,0.00624374362329642,0.00529040393707354
gcn,0.001,50,32,4,0.1,0.007343776560285025,0.006050574763840566
gcn,0.001,50,32,4,0.2,0.007066152451766862,0.005367076087398304
gcn,0.001,50,32,4,0.5,0.009344762139436271,0.007767133295770922
gcn,0.001,100,4,2,0.0,0.027320524139536752,0.025245256926634617
gcn,0.001,100,4,2,0.1,0.011283756585584746,0.008685482748093176
gcn,0.001,100,4,2,0.2,0.010551164940827423,0.007367057050817416
gcn,0.001,100,4,2,0.5,0.02050823697613345,0.010636330501449387
gcn,0.001,100,4,3,0.0,0.00854465943088548,0.007418974929074751
gcn,0.001,100,4,3,0.1,0.013646343350410461,0.010252603810876981
gcn,0.001,100,4,3,0.2,0.017282223804957336,0.01579047597576333
gcn,0.001,100,4,3,0.5,0.015487244269914097,0.012046579903005505
gcn,0.001,100,4,4,0.0,0.0065188101544562315,0.006102784605746958
gcn,0.001,100,4,4,0.1,0.020623697775105636,0.018824611186091487
gcn,0.001,100,4,4,0.2,0.009700795573492845,0.007985408865465194
gcn,0.001,100,4,4,0.5,0.013595078471634122,0.010417981331663584
gcn,0.001,100,8,2,0.0,0.0062499703218539555,0.005714886835304833
gcn,0.001,100,8,2,0.1,0.016773147363629608,0.01408414426829332
gcn,0.001,100,8,2,0.2,0.01047091455095344,0.006099474602423993
gcn,0.001,100,8,2,0.5,0.01511996438105901,0.0070479351194608466
gcn,0.001,100,8,3,0.0,0.005901786498725414,0.005487761898906829
gcn,0.001,100,8,3,0.1,0.00798304873622126,0.007816911581186248
gcn,0.001,100,8,3,0.2,0.011984586922658814,0.006411427547270887
gcn,0.001,100,8,3,0.5,0.010950773912999366,0.008562991940837539
gcn,0.001,100,8,4,0.0,0.006380950556033187,0.005803129801955386
gcn,0.001,100,8,4,0.1,0.0076137322725521196,0.005983398231906034
gcn,0.001,100,8,4,0.2,0.008830350554651685,0.007662567014320687
gcn,0.001,100,8,4,0.5,0.01623835986894038,0.008975672673610036
gcn,0.001,100,16,2,0.0,0.006014652301867803,0.005117328004993027
gcn,0.001,100,16,2,0.1,0.006770653396637904,0.005237461525877185
gcn,0.001,100,16,2,0.2,0.008366316536234484,0.005582251432766539
gcn,0.001,100,16,2,0.5,0.011259802472260263,0.006384855210294149
gcn,0.001,100,16,3,0.0,0.005966225183672375,0.005595707975521646
gcn,0.001,100,16,3,0.1,0.007241721285714043,0.005594284568364772
gcn,0.001,100,16,3,0.2,0.00756600106962853,0.005501882070642972
gcn,0.001,100,16,3,0.5,0.009565862299253543,0.007601498344351509
gcn,0.001,100,16,4,0.0,0.005632396259655555,0.005137628308251885
gcn,0.001,100,16,4,0.1,0.006372575420472357,0.005773432374441367
gcn,0.001,100,16,4,0.2,0.008680442192902168,0.005998991196061576
gcn,0.001,100,16,4,0.5,0.010456890592144595,0.009001032390083208
gcn,0.001,100,32,2,0.0,0.005728618128018247,0.005151622352557372
gcn,0.001,100,32,2,0.1,0.006632360277904405,0.005284661101470278
gcn,0.001,100,32,2,0.2,0.007110120976964633,0.005360738278324839
gcn,0.001,100,32,2,0.5,0.009246795727974839,0.0067091616357728865
gcn,0.001,100,32,3,0.0,0.005101639772247937,0.005260005888730657
gcn,0.001,100,32,3,0.1,0.006516481170223819,0.005433268284445347
gcn,0.001,100,32,3,0.2,0.006591848677231206,0.005777977467206874
gcn,0.001,100,32,3,0.5,0.008846811898466613,0.006309838033250359
gcn,0.001,100,32,4,0.0,0.00533272093679342,0.004795529584956437
gcn,0.001,100,32,4,0.1,0.006186084449291229,0.0052964086892841825
gcn,0.001,100,32,4,0.2,0.00712250421444575,0.005811333912347139
gcn,0.001,100,32,4,0.5,0.00868977192375395,0.007072311213545146
gcn,0.001,200,4,2,0.0,0.006257981879429685,0.005923700199946436
gcn,0.001,200,4,2,0.1,0.0081508732918236,0.006504046564700628
gcn,0.001,200,4,2,0.2,0.009714449610975054,0.007083181701872676
gcn,0.001,200,4,2,0.5,0.015012416450513735,0.01006065310014741
gcn,0.001,200,4,3,0.0,0.00664724541000194,0.006188540641596374
gcn,0.001,200,4,3,0.1,0.009417016514473492,0.006236405636418962
gcn,0.001,200,4,3,0.2,0.008313464952839746,0.0064986496457411615
gcn,0.001,200,4,3,0.5,0.012203868975241979,0.009199372848548415
gcn,0.001,200,4,4,0.0,0.006182103593730264,0.0068149296784415945
gcn,0.001,200,4,4,0.1,0.008359304484393862,0.00814176238421933
gcn,0.001,200,4,4,0.2,0.00849686095284091,0.00895993632779366
gcn,0.001,200,4,4,0.5,0.01332180526935392,0.009820669474272603
gcn,0.001,200,8,2,0.0,0.005440400375260247,0.005384336941458434
gcn,0.001,200,8,2,0.1,0.007043589827501111,0.005115469914156812
gcn,0.001,200,8,2,0.2,0.008430108283129003,0.006372229981022071
gcn,0.001,200,8,2,0.5,0.011298653069469663,0.008102048241662562
gcn,0.001,200,8,3,0.0,0.005353968207620912,0.0054374765545105895
gcn,0.001,200,8,3,0.1,0.007086160158117612,0.00513019495569964
gcn,0.001,200,8,3,0.2,0.008243693804575337,0.007694850763392958
gcn,0.001,200,8,3,0.5,0.010162005118197865,0.008958059683844355
gcn,0.001,200,8,4,0.0,0.005034555049820079,0.005250760887934747
gcn,0.001,200,8,4,0.1,0.007577035896894005,0.0059336502838694734
gcn,0.001,200,8,4,0.2,0.009329854262371857,0.006829501852309438
gcn,0.001,200,8,4,0.5,0.011093392161031564,0.009219760633994078
gcn,0.001,200,16,2,0.0,0.005583175830543042,0.005296962123593851
gcn,0.001,200,16,2,0.1,0.006788871209654543,0.005696404339122063
gcn,0.001,200,16,2,0.2,0.007155906326240963,0.005223315426462927
gcn,0.001,200,16,2,0.5,0.008665488411982855,0.007667568344123521
gcn,0.001,200,16,3,0.0,0.005224983632150623,0.0050435650715694
gcn,0.001,200,16,3,0.1,0.005747011748866902,0.004700784064756736
gcn,0.001,200,16,3,0.2,0.007492883503437043,0.006106607780722695
gcn,0.001,200,16,3,0.5,0.007918218916489018,0.005645936359329284
gcn,0.001,200,16,4,0.0,0.004934473459919294,0.00596418894295776
gcn,0.001,200,16,4,0.1,0.005548388221197658,0.005157565607536108
gcn,0.001,200,16,4,0.2,0.006629218875120083,0.0056471960739608255
gcn,0.001,200,16,4,0.5,0.009995322524466449,0.008295457086403535
gcn,0.001,200,32,2,0.0,0.004712449935161405,0.005100941003667559
gcn,0.001,200,32,2,0.1,0.006463333938477768,0.004744780772303003
gcn,0.001,200,32,2,0.2,0.006365642882883549,0.005420036797800542
gcn,0.001,200,32,2,0.5,0.007027390149111549,0.005736130157237174
gcn,0.001,200,32,3,0.0,0.004618324059993029,0.005062779554758224
gcn,0.001,200,32,3,0.1,0.005290295908020603,0.004731008188058805
gcn,0.001,200,32,3,0.2,0.006092178718083435,0.004872071162290159
gcn,0.001,200,32,3,0.5,0.007187199913379219,0.005594235555087268
gcn,0.001,200,32,4,0.0,0.004386425721976492,0.0043158777698093734
gcn,0.001,200,32,4,0.1,0.005260166856977675,0.005038903650146165
gcn,0.001,200,32,4,0.2,0.005476871101806561,0.005096479720851388
gcn,0.001,200,32,4,0.5,0.007176151271495554,0.0060937910701422075
gcn,0.001,300,4,2,0.0,0.017180891190138128,0.015607349949242465
gcn,0.001,300,4,2,0.1,0.009051559513641729,0.007173623656741968
gcn,0.001,300,4,2,0.2,0.009319134325616889,0.00967425095168164
gcn,0.001,300,4,2,0.5,0.01334632250169913,0.009801886632940815
gcn,0.001,300,4,3,0.0,0.0066491576118601695,0.0064205770089345695
gcn,0.001,300,4,3,0.1,0.009145252654949825,0.008092127556177098
gcn,0.001,300,4,3,0.2,0.008482249163919025,0.008574000639568724
gcn,0.001,300,4,3,0.5,0.015209036548104552,0.012390081953869748
gcn,0.001,300,4,4,0.0,0.00564117817622092,0.005377656749009696
gcn,0.001,300,4,4,0.1,0.008443717451559172,0.006696476728556377
gcn,0.001,300,4,4,0.2,0.0085008443488429,0.006817844486462055
gcn,0.001,300,4,4,0.5,0.013570396353801091,0.009918408573603288
gcn,0.001,300,8,2,0.0,0.005629527527425024,0.005807747751368941
gcn,0.001,300,8,2,0.1,0.0067837019347482255,0.005661133566929122
gcn,0.001,300,8,2,0.2,0.007697224477306008,0.006276295725831748
gcn,0.001,300,8,2,0.5,0.009643408459507757,0.0073505097852165635
gcn,0.001,300,8,3,0.0,0.005170614189571805,0.004691557409317792
gcn,0.001,300,8,3,0.1,0.006921711108750768,0.0056570307246438965
gcn,0.001,300,8,3,0.2,0.007455875248544746,0.005656796663565822
gcn,0.001,300,8,3,0.5,0.00991745392481486,0.006932927885666662
gcn,0.001,300,8,4,0.0,0.0057122897356748584,0.006133678260499953
gcn,0.001,300,8,4,0.1,0.0075045435585909415,0.006497466553312603
gcn,0.001,300,8,4,0.2,0.0076301136778460605,0.006180602319423212
gcn,0.001,300,8,4,0.5,0.011879242522021135,0.008555433644530486
gcn,0.001,300,16,2,0.0,0.0054065115698095825,0.00545852600690575
gcn,0.001,300,16,2,0.1,0.005953665170818567,0.004625742374809438
gcn,0.001,300,16,2,0.2,0.007012527974115478,0.00581131861213795
gcn,0.001,300,16,2,0.5,0.0074977852921519015,0.00571230715615203
gcn,0.001,300,16,3,0.0,0.004887284276386102,0.00500112521886511
gcn,0.001,300,16,3,0.1,0.0058990013992620835,0.005145493122430666
gcn,0.001,300,16,3,0.2,0.006996614874030153,0.005523486973112224
gcn,0.001,300,16,3,0.5,0.009023104204485814,0.008365582497320223
gcn,0.001,300,16,4,0.0,0.0045320844795140956,0.005233449565943293
gcn,0.001,300,16,4,0.1,0.005384322990559869,0.005238418086558316
gcn,0.001,300,16,4,0.2,0.006401628400716517,0.005398015907319653
gcn,0.001,300,16,4,0.5,0.008396017530726062,0.005305090713540772
gcn,0.001,300,32,2,0.0,0.004761644116499358,0.005441745875836279
gcn,0.001,300,32,2,0.1,0.005240757825473944,0.004805718369073042
gcn,0.001,300,32,2,0.2,0.006093777281542619,0.00509839726710064
gcn,0.001,300,32,2,0.5,0.007346058719687991,0.005640702620300697
gcn,0.001,300,32,3,0.0,0.0048250628531806995,0.004860322685345064
gcn,0.001,300,32,3,0.1,0.005052930116653443,0.00472184466416421
gcn,0.001,300,32,3,0.2,0.005876204288668103,0.005031067295283886
gcn,0.001,300,32,3,0.5,0.007088215938872761,0.005556607661926361
gcn,0.001,300,32,4,0.0,0.004456332419067621,0.004839798962708519
gcn,0.001,300,32,4,0.1,0.005113267127631439,0.004678633116249142
gcn,0.001,300,32,4,0.2,0.005686798764185773,0.005450845637115354
gcn,0.001,300,32,4,0.5,0.006120186102473073,0.00553006973216319
gcn,0.001,50,4,2,0.0,0.014911109664373928,0.013326713862885952
gcn,0.001,50,4,2,0.1,0.015616877004504204,0.01265820943229965
gcn,0.001,50,4,2,0.2,0.01126350120951732,0.008968405463986695
gcn,0.001,50,4,2,0.5,0.03913634969956345,0.029279981305796277
gcn,0.001,50,4,3,0.0,0.01743397435380353,0.01619860681764127
gcn,0.001,50,4,3,0.1,0.015590941678318712,0.014128945942363469
gcn,0.001,50,4,3,0.2,0.017163800075650215,0.012251269422168943
gcn,0.001,50,4,3,0.5,0.02289224351859755,0.02015674116317152
gcn,0.001,50,4,4,0.0,0.007023855298757553,0.006998855786487024
gcn,0.001,50,4,4,0.1,0.011365014107690917,0.009004408614737346
gcn,0.001,50,4,4,0.2,0.011295498659213385,0.008738082850116947
gcn,0.001,50,4,4,0.5,0.034494455117318364,0.01947119380996796
gcn,0.001,50,8,2,0.0,0.011499153243170844,0.01027282414080526
gcn,0.001,50,8,2,0.1,0.008659790456295013,0.0072896925995675765
gcn,0.001,50,8,2,0.2,0.016388998346196282,0.01207191250032844
gcn,0.001,50,8,2,0.5,0.02584050546089808,0.0155520545780246
gcn,0.001,50,8,3,0.0,0.0068967598490417,0.006467899951910461
gcn,0.001,50,8,3,0.1,0.011397231018377675,0.008011802724851691
gcn,0.001,50,8,3,0.2,0.009828672682245573,0.007119818896144814
gcn,0.001,50,8,3,0.5,0.02492265949646632,0.01632143414265279
gcn,0.001,50,8,4,0.0,0.006135179826782809,0.007072771905720731
gcn,0.001,50,8,4,0.1,0.008532966114580631,0.007528815601446137
gcn,0.001,50,8,4,0.2,0.009787596907052729,0.007055410971419818
gcn,0.001,50,8,4,0.5,0.013635970072613822,0.008398640114028577
gcn,0.001,50,16,2,0.0,0.006272767566972309,0.005984259380237766
gcn,0.001,50,16,2,0.1,0.008872895843038957,0.0077305691582890464
gcn,0.001,50,16,2,0.2,0.00788232104645835,0.006232372207650538
gcn,0.001,50,16,2,0.5,0.0146043891294135,0.008437048044455508
gcn,0.001,50,16,3,0.0,0.0062940290404690635,0.006818320382826659
gcn,0.001,50,16,3,0.1,0.007960025924775335,0.006048199605059779
gcn,0.001,50,16,3,0.2,0.008100874825484224,0.006382891405147006
gcn,0.001,50,16,3,0.5,0.012637863432367643,0.00791290979780035
gcn,0.001,50,16,4,0.0,0.006218664441257715,0.006968975870668803
gcn,0.001,50,16,4,0.1,0.007676454752476679,0.0065069451858048135
gcn,0.001,50,16,4,0.2,0.009304109629657534,0.006668152895359025
gcn,0.001,50,16,4,0.5,0.013278417330649163,0.0075306863288302495
gcn,0.001,50,32,2,0.0,0.006037746318098572,0.0057752775912924825
gcn,0.001,50,32,2,0.1,0.007225590302712388,0.006095559469346057
gcn,0.001,50,32,2,0.2,0.0074507679221116835,0.006234193112396103
gcn,0.001,50,32,2,0.5,0.009512160511480437,0.00629415134047564
gcn,0.001,50,32,3,0.0,0.0058468198714156944,0.006148290928286571
gcn,0.001,50,32,3,0.1,0.00678246882226732,0.00636411688350913
gcn,0.001,50,32,3,0.2,0.007356661289102501,0.006660701542150616
gcn,0.001,50,32,3,0.5,0.011137551400396559,0.006850640173705269
gcn,0.001,50,32,4,0.0,0.006087876566582256,0.006382740252384345
gcn,0.001,50,32,4,0.1,0.00748601918005281,0.006566913537917785
gcn,0.001,50,32,4,0.2,0.007266416933594478,0.006038339863416287
gcn,0.001,50,32,4,0.5,0.012133621610701084,0.007331476006014181
gcn,0.001,100,4,2,0.0,0.006742540001869202,0.006404661692555625
gcn,0.001,100,4,2,0.1,0.015254784313340982,0.016458573405830547
gcn,0.001,100,4,2,0.2,0.009431732921964593,0.007136836566085858
gcn,0.001,100,4,2,0.5,0.01859244971225659,0.018679935804801494
gcn,0.001,100,4,3,0.0,0.0065356054860684605,0.006935929268028662
gcn,0.001,100,4,3,0.1,0.010457003571920925,0.006617941213853573
gcn,0.001,100,4,3,0.2,0.01276540911446015,0.006912784741924494
gcn,0.001,100,4,3,0.5,0.017244319659140375,0.01530421545350098
gcn,0.001,100,4,4,0.0,0.018806067523029116,0.019045284374700523
gcn,0.001,100,4,4,0.1,0.01089043513768249,0.006883625373351521
gcn,0.001,100,4,4,0.2,0.009628086045591368,0.006653392918511347
gcn,0.001,100,4,4,0.5,0.014743031933903694,0.01121643281091993
gcn,0.001,100,8,2,0.0,0.006578959048622184,0.0059430707179726205
gcn,0.001,100,8,2,0.1,0.010866191859046618,0.007482417461342905
gcn,0.001,100,8,2,0.2,0.010702097395228014,0.007478783093608143
gcn,0.001,100,8,2,0.5,0.014083218119210667,0.009018558674017374
gcn,0.001,100,8,3,0.0,0.00646490967935986,0.0064565886473270774
gcn,0.001,100,8,3,0.1,0.008181940267483393,0.006614389603664605
gcn,0.001,100,8,3,0.2,0.009207902517583634,0.006672240043533684
gcn,0.001,100,8,3,0.5,0.014826976238853401,0.007655460175599415
gcn,0.001,100,8,4,0.0,0.006314132155643569,0.006816721583649521
gcn,0.001,100,8,4,0.1,0.007375300282405482,0.006340119290614776
gcn,0.001,100,8,4,0.2,0.008316587573952145,0.006844326026471048
gcn,0.001,100,8,4,0.5,0.01085368094758855,0.006678475430689534
gcn,0.001,100,16,2,0.0,0.005695504591696792,0.005963896216245513
gcn,0.001,100,16,2,0.1,0.006490301423602634,0.006029993759387864
gcn,0.001,100,16,2,0.2,0.00755792289144463,0.006473229604274345
gcn,0.001,100,16,2,0.5,0.010219876219828923,0.006426356110942244
gcn,0.001,100,16,3,0.0,0.005554813529468245,0.0058694908810129395
gcn,0.001,100,16,3,0.1,0.007838813091317813,0.006048784154292708
gcn,0.001,100,16,3,0.2,0.007379367186998328,0.006018018858136553
gcn,0.001,100,16,3,0.5,0.009886035861240493,0.00654386607950892
gcn,0.001,100,16,4,0.0,0.005570256368567546,0.0063773611814442075
gcn,0.001,100,16,4,0.1,0.007201664563682344,0.0062478618506863984
gcn,0.001,100,16,4,0.2,0.008774051773879262,0.006529077387699101
gcn,0.001,100,16,4,0.5,0.011688101291656493,0.0068492436973527585
gcn,0.001,100,32,2,0.0,0.005620358191016648,0.00581225439528632
gcn,0.001,100,32,2,0.1,0.0065601286581820914,0.00594284981025277
gcn,0.001,100,32,2,0.2,0.007321635747535361,0.006115731855838913
gcn,0.001,100,32,2,0.5,0.008275771306620704,0.00607784870409338
gcn,0.001,100,32,3,0.0,0.005321477643317646,0.006150666769689383
gcn,0.001,100,32,3,0.1,0.006402109480566449,0.006650950716294002
gcn,0.001,100,32,3,0.2,0.006933517816166083,0.006468502538101184
gcn,0.001,100,32,3,0.5,0.007943275550173389,0.0067849356357646325
gcn,0.001,100,32,4,0.0,0.0049453936724199185,0.006650664991202859
gcn,0.001,100,32,4,0.1,0.006039430594278706,0.00617144273442225
gcn,0.001,100,32,4,0.2,0.006733928920908107,0.006405402465957799
gcn,0.001,100,32,4,0.5,0.008680113156636556,0.006644079779413392
gcn,0.001,200,4,2,0.0,0.0063396948389709,0.00578791398634273
gcn,0.001,200,4,2,0.1,0.010333133074972365,0.006563981545857888
gcn,0.001,200,4,2,0.2,0.009823980554938317,0.0067100237258096666
gcn,0.001,200,4,2,0.5,0.01326317290465037,0.009700197278479372
gcn,0.001,200,4,3,0.0,0.006510116594533126,0.006138212217147032
gcn,0.001,200,4,3,0.1,0.012150920099682279,0.012228691364447375
gcn,0.001,200,4,3,0.2,0.009109935029927227,0.006527888588841258
gcn,0.001,200,4,3,0.5,0.01163521876765622,0.006682796566335103
gcn,0.001,200,4,4,0.0,0.006150767786635293,0.00668113451092891
gcn,0.001,200,4,4,0.1,0.010462953771154086,0.009859928480341562
gcn,0.001,200,4,4,0.2,0.009801230041517152,0.00651150457045171
gcn,0.001,200,4,4,0.5,0.013618835972415077,0.008761470302856811
gcn,0.001,200,8,2,0.0,0.005417427265395721,0.005678674666272254
gcn,0.001,200,8,2,0.1,0.007684062116055025,0.006194906257158461
gcn,0.001,200,8,2,0.2,0.008672431483864785,0.005798148879489507
gcn,0.001,200,8,2,0.5,0.011797811980876658,0.007638971588678966
gcn,0.001,200,8,3,0.0,0.0054861869249078965,0.0069089613398340965
gcn,0.001,200,8,3,0.1,0.0063135133745769656,0.006093588659200844
gcn,0.001,200,8,3,0.2,0.007589953330655892,0.006323439892749416
gcn,0.001,200,8,3,0.5,0.01034958442259166,0.006297743477308248
gcn,0.001,200,8,4,0.0,0.005276343785226345,0.0059573654610176165
gcn,0.001,200,8,4,0.1,0.0070195372319883775,0.006350378325743478
gcn,0.001,200,8,4,0.2,0.009700236407419046,0.0062900031362813635
gcn,0.001,200,8,4,0.5,0.010042178382476171,0.006210199598963051
gcn,0.001,200,16,2,0.0,0.0050503453343278834,0.006227672037446919
gcn,0.001,200,16,2,0.1,0.006131153036322858,0.006188625872385866
gcn,0.001,200,16,2,0.2,0.006599004773630036,0.005828703914936106
gcn,0.001,200,16,2,0.5,0.007862352517743905,0.005799861270275208
gcn,0.001,200,16,3,0.0,0.005325630555550257,0.006790011359853754
gcn,0.001,200,16,3,0.1,0.006239375161627928,0.00596471838099868
gcn,0.001,200,16,3,0.2,0.0070388337183329795,0.006100441298015724
gcn,0.001,200,16,3,0.5,0.008287310186359618,0.005988673785308762
gcn,0.001,200,16,4,0.0,0.004718313283390469,0.00686636168676662
gcn,0.001,200,16,4,0.1,0.005862538019816081,0.0059808619909715866
gcn,0.001,200,16,4,0.2,0.006711046501166291,0.006259589915628627
gcn,0.001,200,16,4,0.5,0.008489210675987933,0.006124454918194999
gcn,0.001,200,32,2,0.0,0.004795122839924362,0.006131601883949678
gcn,0.001,200,32,2,0.1,0.005592890135529969,0.005901701633151823
gcn,0.001,200,32,2,0.2,0.006386515798254146,0.0061603100327934255
gcn,0.001,200,32,2,0.5,0.006851034404502974,0.005861446997236097
gcn,0.001,200,32,3,0.0,0.004442303938170274,0.006191878902313519
gcn,0.001,200,32,3,0.1,0.005380725601894988,0.006151396715093238
gcn,0.001,200,32,3,0.2,0.0059188423005657066,0.006320472649267295
gcn,0.001,200,32,3,0.5,0.007049743458628655,0.006308263117774793
gcn,0.001,200,32,4,0.0,0.004694449306569166,0.005657761830706143
gcn,0.001,200,32,4,0.1,0.005379225831064913,0.005875130124198424
gcn,0.001,200,32,4,0.2,0.005854903006305297,0.006544773126812231
gcn,0.001,200,32,4,0.5,0.0067124352893895576,0.005970180781607937
gcn,0.001,300,4,2,0.0,0.0052949696572290525,0.006284763308606944
gcn,0.001,300,4,2,0.1,0.007936584659748606,0.006134527784368427
gcn,0.001,300,4,2,0.2,0.008155099385314517,0.0060514546780713555
gcn,0.001,300,4,2,0.5,0.012972698815994792,0.008230775477971974
gcn,0.001,300,4,3,0.0,0.006184164631283946,0.006458179527404351
gcn,0.001,300,4,3,0.1,0.008478445890876983,0.006260157214147988
gcn,0.001,300,4,3,0.2,0.00985839453836282,0.006549748050584459
gcn,0.001,300,4,3,0.5,0.012849406194355753,0.008129506511591167
gcn,0.001,300,4,4,0.0,0.005215482620729341,0.006834701439078383
gcn,0.001,300,4,4,0.1,0.008581117168068886,0.006201436738855826
gcn,0.001,300,4,4,0.2,0.009606036626630359,0.006386104422362049
gcn,0.001,300,4,4,0.5,0.011399600478923983,0.006314577679867472
gcn,0.001,300,8,2,0.0,0.0060529453990360105,0.0055422931369422555
gcn,0.001,300,8,2,0.1,0.007282644334352679,0.005949683569220721
gcn,0.001,300,8,2,0.2,0.007553551739288701,0.006234927225437392
gcn,0.001,300,8,2,0.5,0.01005825705619322,0.006047033793879742
gcn,0.001,300,8,3,0.0,0.0051133278757333755,0.00591498005739437
gcn,0.001,300,8,3,0.1,0.0072099279301861925,0.006181377542496591
gcn,0.001,300,8,3,0.2,0.007512898608628246,0.006190934983444052
gcn,0.001,300,8,3,0.5,0.01061125747445557,0.005643556875883515
gcn,0.001,300,8,4,0.0,0.005083101811922259,0.006395312892007343
gcn,0.001,300,8,4,0.1,0.006913050564212931,0.006661720267843041
gcn,0.001,300,8,4,0.2,0.007496504651175605,0.006095833867923251
gcn,0.001,300,8,4,0.5,0.010524212072292963,0.006062477938322442
gcn,0.001,300,16,2,0.0,0.004685645271092653,0.006109693589804089
gcn,0.001,300,16,2,0.1,0.006597333184132973,0.006484153281489924
gcn,0.001,300,16,2,0.2,0.006855437552763356,0.005996204068968414
gcn,0.001,300,16,2,0.5,0.007885409043067032,0.005878980209642037
gcn,0.001,300,16,3,0.0,0.004511395771987736,0.005932802185355346
gcn,0.001,300,16,3,0.1,0.006556876831584507,0.00613267802619033
gcn,0.001,300,16,3,0.2,0.006798742618411779,0.006488942771070416
gcn,0.001,300,16,3,0.5,0.007771997298631404,0.00568528618399391
gcn,0.001,300,16,4,0.0,0.004774592853047781,0.006155817930977836
gcn,0.001,300,16,4,0.1,0.005274802166968584,0.006302213634727405
gcn,0.001,300,16,4,0.2,0.006367529452674919,0.0062978940116964035
gcn,0.001,300,16,4,0.5,0.007416593428287242,0.0057375180622822874
gcn,0.001,300,32,2,0.0,0.004495842692752679,0.0058919111475653095
gcn,0.001,300,32,2,0.1,0.005371489582790268,0.0059761683469319316
gcn,0.001,300,32,2,0.2,0.005898700344065825,0.005788685232737745
gcn,0.001,300,32,2,0.5,0.00695930595199267,0.005896482347103049
gcn,0.001,300,32,3,0.0,0.004281824682321814,0.006053209251256941
gcn,0.001,300,32,3,0.1,0.0050655080522927975,0.005979833764777442
gcn,0.001,300,32,3,0.2,0.005506956867045826,0.006132123284193635
gcn,0.001,300,32,3,0.5,0.006636070232424471,0.005822330730855807
gcn,0.001,300,32,4,0.0,0.004521917055050532,0.006325657696839571
gcn,0.001,300,32,4,0.1,0.005014779687755638,0.006210877196292053
gcn,0.001,300,32,4,0.2,0.005460210517048836,0.005941887266887225
gcn,0.001,300,32,4,0.5,0.006316748944421609,0.006196775417052614
gcn,0.001,50,4,2,0.0,0.01607455623646577,0.01287798833235776
gcn,0.001,50,4,2,0.1,0.017282207682728767,0.012511168352604596
gcn,0.001,50,4,2,0.2,0.012670831775499715,0.009659454777329301
gcn,0.001,50,4,2,0.5,0.027721112883753247,0.013384169947099877
gcn,0.001,50,4,3,0.0,0.01499332668673661,0.012332581555879508
gcn,0.001,50,4,3,0.1,0.022967949302660093,0.01243509323760419
gcn,0.001,50,4,3,0.2,0.023552518089612326,0.011893649601202672
gcn,0.001,50,4,3,0.5,0.02025788558853997,0.012119046399649136
gcn,0.001,50,4,4,0.0,0.016216143551799986,0.013082010724116078
gcn,0.001,50,4,4,0.1,0.018238740517861313,0.011268662939425944
gcn,0.001,50,4,4,0.2,0.024212289932701324,0.01239613699080282
gcn,0.001,50,4,4,0.5,0.017533873435523775,0.012804835215112841
gcn,0.001,50,8,2,0.0,0.009578310242957539,0.007869151881979609
gcn,0.001,50,8,2,0.1,0.011583279031846258,0.009232278299068409
gcn,0.001,50,8,2,0.2,0.011201775156789356,0.007954456307169
gcn,0.001,50,8,2,0.5,0.02167419402135743,0.011851522537653736
gcn,0.001,50,8,3,0.0,0.006584051634288496,0.005995432296839543
gcn,0.001,50,8,3,0.1,0.013315663879944218,0.008110634194430944
gcn,0.001,50,8,3,0.2,0.012318371008667681,0.007267243414240987
gcn,0.001,50,8,3,0.5,0.017654202340377703,0.009350433510806866
gcn,0.001,50,8,4,0.0,0.027580260237058004,0.019441112591583386
gcn,0.001,50,8,4,0.1,0.011047519965925151,0.007045456755287205
gcn,0.001,50,8,4,0.2,0.019166142990191776,0.011858907066766466
gcn,0.001,50,8,4,0.5,0.02077309265732765,0.009815586007093202
gcn,0.001,50,16,2,0.0,0.010101787559688092,0.008687580653562677
gcn,0.001,50,16,2,0.1,0.00779237842394246,0.006956059131627601
gcn,0.001,50,16,2,0.2,0.009185997557101979,0.0066110661256503
gcn,0.001,50,16,2,0.5,0.013792492883900801,0.008442961188087317
gcn,0.001,50,16,3,0.0,0.006484690872538421,0.00589833171774945
gcn,0.001,50,16,3,0.1,0.008118467658965125,0.006354459215695751
gcn,0.001,50,16,3,0.2,0.009190093560351265,0.006546005640585317
gcn,0.001,50,16,3,0.5,0.01539755914774206,0.007013675849729584
gcn,0.001,50,16,4,0.0,0.00606328235525224,0.005653272140829913
gcn,0.001,50,16,4,0.1,0.007647692143089241,0.006176917527947534
gcn,0.001,50,16,4,0.2,0.007416079627970854,0.006178057081143784
gcn,0.001,50,16,4,0.5,0.01279867183831003,0.006681240733881122
gcn,0.001,50,32,2,0.0,0.005861442184282674,0.00546457731941814
gcn,0.001,50,32,2,0.1,0.006931423851185375,0.005823209269825824
gcn,0.001,50,32,2,0.2,0.007460677603052722,0.006175628353303075
gcn,0.001,50,32,2,0.5,0.009667906454867786,0.0066971951742516465
gcn,0.001,50,32,3,0.0,0.0058106342744496135,0.005705588902002212
gcn,0.001,50,32,3,0.1,0.007019716542628077,0.006179439033993095
gcn,0.001,50,32,3,0.2,0.007609290877978007,0.006346792329559659
gcn,0.001,50,32,3,0.5,0.009468689933419228,0.005996157267551627
gcn,0.001,50,32,4,0.0,0.005978833470079634,0.005927415638037647
gcn,0.001,50,32,4,0.1,0.0070063623910148936,0.006091663760755583
gcn,0.001,50,32,4,0.2,0.007185542185066475,0.0065149171522106645
gcn,0.001,50,32,4,0.5,0.00940150490237607,0.005996225286224366
gcn,0.001,100,4,2,0.0,0.011317906984024578,0.00817750648801976
gcn,0.001,100,4,2,0.1,0.008617125099731816,0.006316980539379102
gcn,0.001,100,4,2,0.2,0.016248470462030835,0.00979239745427094
gcn,0.001,100,4,2,0.5,0.019637432197729746,0.010676880212383378
gcn,0.001,100,4,3,0.0,0.007322154028548134,0.006123539752373919
gcn,0.001,100,4,3,0.1,0.009821161358720727,0.0069909074365926745
gcn,0.001,100,4,3,0.2,0.011928551602694723,0.0075237722648826555
gcn,0.001,100,4,3,0.5,0.01774234931088156,0.011351911826328553
gcn,0.001,100,4,4,0.0,0.007266802216569583,0.006150225883235816
gcn,0.001,100,4,4,0.1,0.009609107072982523,0.0059112275197626294
gcn,0.001,100,4,4,0.2,0.012676916819893651,0.006296639324798204
gcn,0.001,100,4,4,0.5,0.01412704297237926,0.009216284439774559
gcn,0.001,100,8,2,0.0,0.006354757325930728,0.005883575090387794
gcn,0.001,100,8,2,0.1,0.009133404576116139,0.005876335578591174
gcn,0.001,100,8,2,0.2,0.009179491984347503,0.006066229662395717
gcn,0.001,100,8,2,0.5,0.015997090107864802,0.00792698271419603
gcn,0.001,100,8,3,0.0,0.006117967035000523,0.005719986442175884
gcn,0.001,100,8,3,0.1,0.008188749725619952,0.0061929103059338965
gcn,0.001,100,8,3,0.2,0.009047511923644279,0.0065602974712553495
gcn,0.001,100,8,3,0.5,0.015332751183046235,0.007068259223840734
gcn,0.001,100,8,4,0.0,0.00621735408074326,0.006530671299175594
gcn,0.001,100,8,4,0.1,0.008048799633979798,0.006327411526011062
gcn,0.001,100,8,4,0.2,0.00994613743904564,0.005777674706471636
gcn,0.001,100,8,4,0.5,0.015148992815779316,0.006920881932269829
gcn,0.001,100,16,2,0.0,0.00572945343123542,0.005598277536596452
gcn,0.001,100,16,2,0.1,0.007636460796412494,0.005615465265434505
gcn,0.001,100,16,2,0.2,0.007403081862462892,0.005819366155825368
gcn,0.001,100,16,2,0.5,0.010302216476864285,0.006866064604116495
gcn,0.001,100,16,3,0.0,0.005845462137626277,0.005295506743210066
gcn,0.001,100,16,3,0.1,0.007636051863018009,0.005888898834296707
gcn,0.001,100,16,3,0.2,0.008325764909386635,0.006384821217076642
gcn,0.001,100,16,3,0.5,0.009612390978468789,0.00617279921023064
gcn,0.001,100,16,4,0.0,0.005681793619361188,0.005664803936350715
gcn,0.001,100,16,4,0.1,0.007268931364847554,0.006461831530866924
gcn,0.001,100,16,4,0.2,0.007244574237200949,0.005979780779442034
gcn,0.001,100,16,4,0.5,0.0101484890613291,0.005949074466877491
gcn,0.001,100,32,2,0.0,0.005413563135597441,0.005110070627748442
gcn,0.001,100,32,2,0.1,0.006478174010084735,0.006173161744784128
gcn,0.001,100,32,2,0.2,0.006672778767016199,0.006113261965792827
gcn,0.001,100,32,2,0.5,0.0094062440097332,0.006112010777110655
gcn,0.001,100,32,3,0.0,0.0055168243875313135,0.005459769005295012
gcn,0.001,100,32,3,0.1,0.006034283412413465,0.005739401567116609
gcn,0.001,100,32,3,0.2,0.006401415934993161,0.00651464953779497
gcn,0.001,100,32,3,0.5,0.009077196226765711,0.00623151616780584
gcn,0.001,100,32,4,0.0,0.005113468960755401,0.005522583309209406
gcn,0.001,100,32,4,0.1,0.006330782842511932,0.00584799918002874
gcn,0.001,100,32,4,0.2,0.0063039725128975176,0.006015875583251518
gcn,0.001,100,32,4,0.5,0.009079071465465757,0.006629829659649822
gcn,0.001,200,4,2,0.0,0.006464942974141902,0.0063746073363502905
gcn,0.001,200,4,2,0.1,0.009187064961426787,0.005929151311649772
gcn,0.001,200,4,2,0.2,0.009490379008154075,0.00634831226388588
gcn,0.001,200,4,2,0.5,0.013216485476328267,0.007562092961081568
gcn,0.001,200,4,3,0.0,0.006143944524228573,0.004912543947417092
gcn,0.001,200,4,3,0.1,0.017451728901101485,0.014060954561674333
gcn,0.001,200,4,3,0.2,0.00912210630873839,0.006040041832570608
gcn,0.001,200,4,3,0.5,0.012969251887665855,0.007913316793006863
gcn,0.001,200,4,4,0.0,0.006426955718133185,0.006226112668673345
gcn,0.001,200,4,4,0.1,0.007690850252078639,0.006280039561110229
gcn,0.001,200,4,4,0.2,0.017551847630076937,0.013973793968744897
gcn,0.001,200,4,4,0.5,0.014753996311790413,0.008187688992424036
gcn,0.001,200,8,2,0.0,0.006256398165391551,0.0062234123678731375
gcn,0.001,200,8,2,0.1,0.006397435503701369,0.006203484494090627
gcn,0.001,200,8,2,0.2,0.008929779442648092,0.00620203050216297
gcn,0.001,200,8,2,0.5,0.011347176838252279,0.0070047562732090006
gcn,0.001,200,8,3,0.0,0.0052940183319151405,0.006461392048789527
gcn,0.001,200,8,3,0.1,0.008211654445363415,0.006291233422766762
gcn,0.001,200,8,3,0.2,0.009684601570996973,0.006418800931360024
gcn,0.001,200,8,3,0.5,0.010240574243168037,0.006538094482638979
gcn,0.001,200,8,4,0.0,0.00569848379948073,0.00472492949568446
gcn,0.001,200,8,4,0.1,0.0065812343835002845,0.005667016023956428
gcn,0.001,200,8,4,0.2,0.00839423065384229,0.0054907646931579455
gcn,0.001,200,8,4,0.5,0.010501743904832337,0.006273328219035789
gcn,0.001,200,16,2,0.0,0.0052732148932086095,0.005867072147210628
gcn,0.001,200,16,2,0.1,0.006206314658953084,0.006123942205077703
gcn,0.001,200,16,2,0.2,0.007206796544293562,0.0065476274860056805
gcn,0.001,200,16,2,0.5,0.009339398683773146,0.00626663750930101
gcn,0.001,200,16,3,0.0,0.005084984314938386,0.006073804976912988
gcn,0.001,200,16,3,0.1,0.006301848041928477,0.00642798342918569
gcn,0.001,200,16,3,0.2,0.0072682017667426,0.006082806999380441
gcn,0.001,200,16,3,0.5,0.008623215245703857,0.006262551803856198
gcn,0.001,200,16,4,0.0,0.005086201201710436,0.005769132468412863
gcn,0.001,200,16,4,0.1,0.006115289880997605,0.006147272324847375
gcn,0.001,200,16,4,0.2,0.006902158446609974,0.00578972449676769
gcn,0.001,200,16,4,0.5,0.008783820462930534,0.006059529087162119
gcn,0.001,200,32,2,0.0,0.004789846850973036,0.005220016814247686
gcn,0.001,200,32,2,0.1,0.005709616053435538,0.006012992306176468
gcn,0.001,200,32,2,0.2,0.0060577751240796516,0.006383159119160986
gcn,0.001,200,32,2,0.5,0.006889876743985547,0.0061848606499080635
gcn,0.001,200,32,3,0.0,0.00451962561863992,0.005987172275147401
gcn,0.001,200,32,3,0.1,0.005400086680634154,0.006561293909425369
gcn,0.001,200,32,3,0.2,0.006273001354808609,0.005847774689879248
gcn,0.001,200,32,3,0.5,0.007511978725799256,0.005988481252555022
gcn,0.001,200,32,4,0.0,0.004635146875969238,0.005845308894545731
gcn,0.001,200,32,4,0.1,0.005371920412613286,0.005587487071785624
gcn,0.001,200,32,4,0.2,0.005637437074134747,0.006037368399913134
gcn,0.001,200,32,4,0.5,0.006871327669877145,0.005869012217417513
gcn,0.001,300,4,2,0.0,0.00672197254995505,0.005853352624990471
gcn,0.001,300,4,2,0.1,0.008283221307728026,0.00611002714691331
gcn,0.001,300,4,2,0.2,0.01015484645548794,0.006459549161187272
gcn,0.001,300,4,2,0.5,0.013394868684311707,0.007702286674332903
gcn,0.001,300,4,3,0.0,0.0060604106531374985,0.005547147810227937
gcn,0.001,300,4,3,0.1,0.008539431273109382,0.0059403182987550094
gcn,0.001,300,4,3,0.2,0.007946924223668045,0.006329489318471548
gcn,0.001,300,4,3,0.5,0.014368064970605903,0.008199656036317027
gcn,0.001,300,4,4,0.0,0.005965711828321218,0.005668304945322067
gcn,0.001,300,4,4,0.1,0.008533760615521007,0.0062116414815870154
gcn,0.001,300,4,4,0.2,0.009249169069031874,0.005494925548690866
gcn,0.001,300,4,4,0.5,0.01108777957657973,0.006391052619104975
gcn,0.001,300,8,2,0.0,0.005000711542864641,0.0054746933653452064
gcn,0.001,300,8,2,0.1,0.006803312659677532,0.005784794473361376
gcn,0.001,300,8,2,0.2,0.007166017260816362,0.005954923542246515
gcn,0.001,300,8,2,0.5,0.010454490408301353,0.006584454831172782
gcn,0.001,300,8,3,0.0,0.0053117169429444605,0.005592259149801837
gcn,0.001,300,8,3,0.1,0.006851261523034838,0.006386331829859771
gcn,0.001,300,8,3,0.2,0.007924881401575275,0.005981759262415132
gcn,0.001,300,8,3,0.5,0.009770176466554403,0.0067429207212064135
gcn,0.001,300,8,4,0.0,0.004986118628746933,0.005073774929782449
gcn,0.001,300,8,4,0.1,0.0066303148658739194,0.005721321503572785
gcn,0.001,300,8,4,0.2,0.007869001829789744,0.00592294073457369
gcn,0.001,300,8,4,0.5,0.009920684413777458,0.005859379641283713
gcn,0.001,300,16,2,0.0,0.00488106780168083,0.005213221159103121
gcn,0.001,300,16,2,0.1,0.0064978519661559,0.005949209052952131
gcn,0.001,300,16,2,0.2,0.007010522277818786,0.005866131813796116
gcn,0.001,300,16,2,0.5,0.007854527907652988,0.006696763621866264
gcn,0.001,300,16,3,0.0,0.00494759204900927,0.0052274860445076675
gcn,0.001,300,16,3,0.1,0.005651233076221413,0.006193813015936911
gcn,0.001,300,16,3,0.2,0.006166665835513009,0.005991213963230368
gcn,0.001,300,16,3,0.5,0.007941707534094651,0.0065411076484682695
gcn,0.001,300,16,4,0.0,0.004218809792978896,0.005681537642566692
gcn,0.001,300,16,4,0.1,0.005446368621455299,0.005094820842028902
gcn,0.001,300,16,4,0.2,0.006335293946580754,0.0059494523526297804
gcn,0.001,300,16,4,0.5,0.007991149628327952,0.0061773260004923
gcn,0.001,300,32,2,0.0,0.004533151987319192,0.005430623233879661
gcn,0.001,300,32,2,0.1,0.0055050920074184734,0.005703396286270835
gcn,0.001,300,32,2,0.2,0.0055595824494957926,0.005840250524530166
gcn,0.001,300,32,2,0.5,0.007063787420176797,0.006259424223031029
gcn,0.001,300,32,3,0.0,0.004463032136360804,0.005770713809467143
gcn,0.001,300,32,3,0.1,0.004796638453586234,0.00586991625409139
gcn,0.001,300,32,3,0.2,0.005696831829845905,0.0063247849533309974
gcn,0.001,300,32,3,0.5,0.006882916427113943,0.006228866641825892
gcn,0.001,300,32,4,0.0,0.004253431585513883,0.006602924730954207
gcn,0.001,300,32,4,0.1,0.004804346410350667,0.0054021814084078915
gcn,0.001,300,32,4,0.2,0.00478761843405664,0.00614673722749135
gcn,0.001,300,32,4,0.5,0.00624748849723902,0.005461451994981914
gcn,0.001,50,4,2,0.0,0.011102884449064732,0.013390936414324673
gcn,0.001,50,4,2,0.1,0.03013167546855079,0.03749918932346428
gcn,0.001,50,4,2,0.2,0.01910848526491059,0.018732430080546657
gcn,0.001,50,4,2,0.5,0.016269253235724236,0.01897974590042941
gcn,0.001,50,4,3,0.0,0.012503121048212051,0.014943965263964687
gcn,0.001,50,4,3,0.1,0.015283095557242632,0.015620127732213041
gcn,0.001,50,4,3,0.2,0.02787939078278012,0.020794954639936636
gcn,0.001,50,4,3,0.5,0.017238448580933943,0.02048365989722458
gcn,0.001,50,4,4,0.0,0.012683705281880167,0.016273695298690206
gcn,0.001,50,4,4,0.1,0.0206148331777917,0.01893831813156388
gcn,0.001,50,4,4,0.2,0.01346217832631535,0.013672709104957059
gcn,0.001,50,4,4,0.5,0.026316894383894073,0.020364561939884274
gcn,0.001,50,8,2,0.0,0.012057148271964656,0.013903633226692547
gcn,0.001,50,8,2,0.1,0.015716359929906,0.014152192112340024
gcn,0.001,50,8,2,0.2,0.012525889194673963,0.012506042625662017
gcn,0.001,50,8,2,0.5,0.018324795882734987,0.01893211119489089
gcn,0.001,50,8,3,0.0,0.01131554554320044,0.013360019841176518
gcn,0.001,50,8,3,0.1,0.011662104229132334,0.010512508440758728
gcn,0.001,50,8,3,0.2,0.01551531751950582,0.014436200603143901
gcn,0.001,50,8,3,0.5,0.01829964162574874,0.015737119549066536
gcn,0.001,50,8,4,0.0,0.009828195224205654,0.012192297032979882
gcn,0.001,50,8,4,0.1,0.008644828945398331,0.009743186462398468
gcn,0.001,50,8,4,0.2,0.011753394309845235,0.009699848743787464
gcn,0.001,50,8,4,0.5,0.016057458478543493,0.011603174775406577
gcn,0.001,50,16,2,0.0,0.008235644114514192,0.009575225401349252
gcn,0.001,50,16,2,0.1,0.008275802857759926,0.008582883085813942
gcn,0.001,50,16,2,0.2,0.008562692917055553,0.009034765741699369
gcn,0.001,50,16,2,0.5,0.011274624326162868,0.010489240279820278
gcn,0.001,50,16,3,0.0,0.006769538443121646,0.007341722322461353
gcn,0.001,50,16,3,0.1,0.007765549928363827,0.007544549582489113
gcn,0.001,50,16,3,0.2,0.009083252607120408,0.007697489566476578
gcn,0.001,50,16,3,0.5,0.01192943745603164,0.010194328475392433
gcn,0.001,50,16,4,0.0,0.00617121835756633,0.006578963598450493
gcn,0.001,50,16,4,0.1,0.007893778352687756,0.007896548236705625
gcn,0.001,50,16,4,0.2,0.009810822250114547,0.007921901269274056
gcn,0.001,50,16,4,0.5,0.011663882289495733,0.009965215398948724
gcn,0.001,50,32,2,0.0,0.006090106401178572,0.006260792546882809
gcn,0.001,50,32,2,0.1,0.006705991199447049,0.006693522052510259
gcn,0.001,50,32,2,0.2,0.006746174094991552,0.006916396860672825
gcn,0.001,50,32,2,0.5,0.01012506429105997,0.00826810385819532
gcn,0.001,50,32,3,0.0,0.006100522726774216,0.007029135698971567
gcn,0.001,50,32,3,0.1,0.006780034251925018,0.0068490218655618
gcn,0.001,50,32,3,0.2,0.007111950135893292,0.006995797336415532
gcn,0.001,50,32,3,0.5,0.009626831647215619,0.007774570206650599
gcn,0.001,50,32,4,0.0,0.005783589370548725,0.006410058070253877
gcn,0.001,50,32,4,0.1,0.006859244882232613,0.006551532491043099
gcn,0.001,50,32,4,0.2,0.007249401530457868,0.006957840586604602
gcn,0.001,50,32,4,0.5,0.010048951353463861,0.008552725483983226
gcn,0.001,100,4,2,0.0,0.007160291034314367,0.008321588720036077
gcn,0.001,100,4,2,0.1,0.012339529188142882,0.013333292396669316
gcn,0.001,100,4,2,0.2,0.01174438250147634,0.009811985700220438
gcn,0.001,100,4,2,0.5,0.014959484876857863,0.015367822491077687
gcn,0.001,100,4,3,0.0,0.006861722966035207,0.007663861447981502
gcn,0.001,100,4,3,0.1,0.008363562780949805,0.007933910320225345
gcn,0.001,100,4,3,0.2,0.012227944450245963,0.01035773355319285
gcn,0.001,100,4,3,0.5,0.0149113436953889,0.013815974696998756
gcn,0.001,100,4,4,0.0,0.026808638705147637,0.033639828639187595
gcn,0.001,100,4,4,0.1,0.011215910977787442,0.009503965716070572
gcn,0.001,100,4,4,0.2,0.00979961332761579,0.009429965743739244
gcn,0.001,100,4,4,0.5,0.021063292047215833,0.0165498029599362
gcn,0.001,100,8,2,0.0,0.008632870411707296,0.010411781067851188
gcn,0.001,100,8,2,0.1,0.008313896879553796,0.007490503783446245
gcn,0.001,100,8,2,0.2,0.008557350581718816,0.00786073500444311
gcn,0.001,100,8,2,0.5,0.011676240039782392,0.010990556509396
gcn,0.001,100,8,3,0.0,0.006106356696950065,0.006423262654869389
gcn,0.001,100,8,3,0.1,0.007725685431311528,0.008101697438459033
gcn,0.001,100,8,3,0.2,0.009113295666045613,0.00854124404272425
gcn,0.001,100,8,3,0.5,0.012253982263306777,0.009796032894627826
gcn,0.001,100,8,4,0.0,0.006224165722313855,0.007533849245723645
gcn,0.001,100,8,4,0.1,0.0076191976459489925,0.007350472074587921
gcn,0.001,100,8,4,0.2,0.007651201614903079,0.008075710997210762
gcn,0.001,100,8,4,0.5,0.01316600897245937,0.010302002807643752
gcn,0.001,100,16,2,0.0,0.0057699281929267775,0.006331255346043863
gcn,0.001,100,16,2,0.1,0.0072299214804338085,0.006606113588467921
gcn,0.001,100,16,2,0.2,0.007542803924944666,0.007115335449084825
gcn,0.001,100,16,2,0.5,0.010336084581083722,0.008916010274527908
gcn,0.001,100,16,3,0.0,0.005840212313665284,0.006646323248373198
gcn,0.001,100,16,3,0.1,0.006415671606858572,0.006675156882913691
gcn,0.001,100,16,3,0.2,0.007135999823609988,0.0069651062096898865
gcn,0.001,100,16,3,0.5,0.009542005426353879,0.008374952325514906
gcn,0.001,100,16,4,0.0,0.0051287367215587035,0.0061043625637952955
gcn,0.001,100,16,4,0.1,0.007117174069086711,0.007053899622847704
gcn,0.001,100,16,4,0.2,0.007338044637193283,0.007311220197146318
gcn,0.001,100,16,4,0.5,0.011276073836618,0.008552570015852145
gcn,0.001,100,32,2,0.0,0.0058226152633627255,0.006054736782388414
gcn,0.001,100,32,2,0.1,0.006352281611826684,0.006017691874049058
gcn,0.001,100,32,2,0.2,0.007915959859059917,0.0065793070770924665
gcn,0.001,100,32,2,0.5,0.00903730456613832,0.007488008377833255
gcn,0.001,100,32,3,0.0,0.004942774741599957,0.0063361200222771695
gcn,0.001,100,32,3,0.1,0.006385080826779206,0.006491809941292392
gcn,0.001,100,32,3,0.2,0.006451121676299307,0.006443433694868483
gcn,0.001,100,32,3,0.5,0.008138396021806531,0.0073337112549903384
gcn,0.001,100,32,4,0.0,0.004839439576284753,0.0068177381110493315
gcn,0.001,100,32,4,0.1,0.005623249036984311,0.0063355631846947254
gcn,0.001,100,32,4,0.2,0.006308366358280182,0.006192015592311884
gcn,0.001,100,32,4,0.5,0.008730247140758568,0.007756133747665617
gcn,0.001,200,4,2,0.0,0.006155891964832942,0.006565382042056855
gcn,0.001,200,4,2,0.1,0.007418088780509101,0.00688005498842108
gcn,0.001,200,4,2,0.2,0.008830144442617894,0.008422204039942783
gcn,0.001,200,4,2,0.5,0.012115386770003372,0.01161118461362709
gcn,0.001,200,4,3,0.0,0.007498283611817492,0.009028741395428818
gcn,0.001,200,4,3,0.1,0.007715022719154755,0.0076443577123727294
gcn,0.001,200,4,3,0.2,0.009352073321739833,0.0091176585238387
gcn,0.001,200,4,3,0.5,0.01474129729386833,0.014973748544050692
gcn,0.001,200,4,4,0.0,0.007079884730693367,0.007992686607216592
gcn,0.001,200,4,4,0.1,0.008459167130705382,0.008965722342994508
gcn,0.001,200,4,4,0.2,0.009381595181508197,0.009408586937126494
gcn,0.001,200,4,4,0.5,0.013365762142671479,0.011129816089481404
gcn,0.001,200,8,2,0.0,0.005526176053616736,0.00621147549468497
gcn,0.001,200,8,2,0.1,0.007364904839131567,0.007082753691238475
gcn,0.001,200,8,2,0.2,0.008990263959599867,0.007678208155106292
gcn,0.001,200,8,2,0.5,0.01053573919667138,0.009604136250256756
gcn,0.001,200,8,3,0.0,0.0054105718827082054,0.006433912206769166
gcn,0.001,200,8,3,0.1,0.007099890791707569,0.006807784659259708
gcn,0.001,200,8,3,0.2,0.008230889795555009,0.0073626666247906146
gcn,0.001,200,8,3,0.5,0.009758937545120716,0.009500336083726291
gcn,0.001,200,8,4,0.0,0.0055702152661979195,0.006100577953043862
gcn,0.001,200,8,4,0.1,0.006172398726145427,0.00654759881099225
gcn,0.001,200,8,4,0.2,0.008969589074452718,0.00884857677955444
gcn,0.001,200,8,4,0.5,0.010355497534490294,0.00909764030244733
gcn,0.001,200,16,2,0.0,0.0054677371711780625,0.006517875649645832
gcn,0.001,200,16,2,0.1,0.006001111389034324,0.006700342734391862
gcn,0.001,200,16,2,0.2,0.006762717048534089,0.00664003446595296
gcn,0.001,200,16,2,0.5,0.00871849006248845,0.00781353181011828
gcn,0.001,200,16,3,0.0,0.005269517413237028,0.006650563369850926
gcn,0.001,200,16,3,0.1,0.006105040355275075,0.0062819558414036305
gcn,0.001,200,16,3,0.2,0.006523161785056194,0.0063010586029431884
gcn,0.001,200,16,3,0.5,0.009936523520284228,0.008348112209098747
gcn,0.001,200,16,4,0.0,0.004891607475777467,0.007533361831962293
gcn,0.001,200,16,4,0.1,0.0057686819384495415,0.006917047206498372
gcn,0.001,200,16,4,0.2,0.0068770946883079075,0.006457562403875494
gcn,0.001,200,16,4,0.5,0.009969740981856982,0.00910844713270369
gcn,0.001,200,32,2,0.0,0.004950031338052617,0.006299915735244377
gcn,0.001,200,32,2,0.1,0.005594995648910602,0.006255864865094396
gcn,0.001,200,32,2,0.2,0.006167479221605592,0.006255246876824239
gcn,0.001,200,32,2,0.5,0.008273358612010876,0.00670325801376932
gcn,0.001,200,32,3,0.0,0.004685359686199162,0.006912846520403115
gcn,0.001,200,32,3,0.1,0.004968085595303111,0.005670597640246666
gcn,0.001,200,32,3,0.2,0.00595400831144717,0.006237308350501314
gcn,0.001,200,32,3,0.5,0.0074070165554682415,0.006347074371206629
gcn,0.001,200,32,4,0.0,0.004321610410180357,0.006453261686435607
gcn,0.001,200,32,4,0.1,0.005390408697227637,0.006808852105308749
gcn,0.001,200,32,4,0.2,0.005672204277167718,0.006055340576271773
gcn,0.001,200,32,4,0.5,0.008272369744049178,0.006402742505448922
gcn,0.001,300,4,2,0.0,0.006314795588453611,0.006176602539564269
gcn,0.001,300,4,2,0.1,0.008389146915740437,0.008226488116895903
gcn,0.001,300,4,2,0.2,0.01055050678551197,0.009943399089373495
gcn,0.001,300,4,2,0.5,0.012123803339070744,0.010469210595176071
gcn,0.001,300,4,3,0.0,0.0060572061894668475,0.006808792914150197
gcn,0.001,300,4,3,0.1,0.007243559840652678,0.006591670250874282
gcn,0.001,300,4,3,0.2,0.011271540013452371,0.011337334913959163
gcn,0.001,300,4,3,0.5,0.012312993821170595,0.011459404289359432
gcn,0.001,300,4,4,0.0,0.0167443395488792,0.019612311339932333
gcn,0.001,300,4,4,0.1,0.008068197086039517,0.007214962041852258
gcn,0.001,300,4,4,0.2,0.008952117069727844,0.009352674107341263
gcn,0.001,300,4,4,0.5,0.01190092513958613,0.01168447540116202
gcn,0.001,300,8,2,0.0,0.005260343208081193,0.00662438308692892
gcn,0.001,300,8,2,0.1,0.007258006412949827,0.0073244328508069055
gcn,0.001,300,8,2,0.2,0.008259719258381261,0.007691818706488052
gcn,0.001,300,8,2,0.5,0.00895463443464703,0.008816294902785548
gcn,0.001,300,8,3,0.0,0.004909655550080869,0.00578329126590067
gcn,0.001,300,8,3,0.1,0.006936944669319524,0.007036812754962485
gcn,0.001,300,8,3,0.2,0.008554254425689578,0.007463435713486399
gcn,0.001,300,8,3,0.5,0.010169728120995893,0.009456000414999855
gcn,0.001,300,8,4,0.0,0.005678465108697613,0.006266755881520103
gcn,0.001,300,8,4,0.1,0.006808779523190525,0.006246716611516989
gcn,0.001,300,8,4,0.2,0.007363000025765763,0.007133448764255079
gcn,0.001,300,8,4,0.5,0.009627062848044767,0.009393548974598032
gcn,0.001,300,16,2,0.0,0.005176481728752454,0.005889130638905393
gcn,0.001,300,16,2,0.1,0.006337353028357029,0.006430018119639902
gcn,0.001,300,16,2,0.2,0.00671702679246664,0.006444939510522607
gcn,0.001,300,16,2,0.5,0.008398534316155646,0.007971923186522779
gcn,0.001,300,16,3,0.0,0.004613486201398903,0.005663423370627774
gcn,0.001,300,16,3,0.1,0.005481973114526934,0.005870626093538389
gcn,0.001,300,16,3,0.2,0.0072085078960905475,0.006188142664385432
gcn,0.001,300,16,3,0.5,0.007350909792714648,0.0073480639313758585
gcn,0.001,300,16,4,0.0,0.004665909862766663,0.005675205457121302
gcn,0.001,300,16,4,0.1,0.005239434043566386,0.006511526040700511
gcn,0.001,300,16,4,0.2,0.006316786900990539,0.006035804154745472
gcn,0.001,300,16,4,0.5,0.008249334996152255,0.007550180019121155
gcn,0.001,300,32,2,0.0,0.005406147583077351,0.006080918760617782
gcn,0.001,300,32,2,0.1,0.005227280966937542,0.005991751391458111
gcn,0.001,300,32,2,0.2,0.006074520759284496,0.006074739151912168
gcn,0.001,300,32,2,0.5,0.007492725168251329,0.0063691328199120935
gcn,0.001,300,32,3,0.0,0.004279955652438932,0.005966049685718433
gcn,0.001,300,32,3,0.1,0.0049213970804380044,0.006012659787574526
gcn,0.001,300,32,3,0.2,0.005925867447836531,0.0062897342592688425
gcn,0.001,300,32,3,0.5,0.006573065080576473,0.006529729155683417
gcn,0.001,300,32,4,0.0,0.0042485086454285515,0.006075991375492973
gcn,0.001,300,32,4,0.1,0.0044661862568722835,0.005981428351464068
gcn,0.001,300,32,4,0.2,0.005398320561895768,0.005963755872916953
gcn,0.001,300,32,4,0.5,0.006925476735664738,0.006305905404252354
gcn,0.001,50,4,2,0.0,0.014765988828407394,0.017705802246140424
gcn,0.001,50,4,2,0.1,0.021278607431385252,0.01793871164579166
gcn,0.001,50,4,2,0.2,0.02046152398818069,0.017695232619280722
gcn,0.001,50,4,2,0.5,0.022108474001288413,0.018911475522245015
gcn,0.001,50,4,3,0.0,0.013320018268293805,0.01599211195947714
gcn,0.001,50,4,3,0.1,0.010121299843821261,0.010709292354742517
gcn,0.001,50,4,3,0.2,0.020594245857662626,0.017583179554629357
gcn,0.001,50,4,3,0.5,0.020641345779101053,0.020025845970307477
gcn,0.001,50,4,4,0.0,0.02420441135764122,0.024736554410766075
gcn,0.001,50,4,4,0.1,0.0174792875846227,0.019017778317099786
gcn,0.001,50,4,4,0.2,0.013468539300892089,0.01278571632425678
gcn,0.001,50,4,4,0.5,0.026842515129182072,0.01670581822927979
gcn,0.001,50,8,2,0.0,0.010488108173012734,0.011915609666304162
gcn,0.001,50,8,2,0.1,0.01308341392626365,0.014096349728957347
gcn,0.001,50,8,2,0.2,0.015895621395773357,0.016447705760180065
gcn,0.001,50,8,2,0.5,0.016865241361988914,0.012600283324559336
gcn,0.001,50,8,3,0.0,0.006343390213118659,0.007478265354377722
gcn,0.001,50,8,3,0.1,0.010133185423910618,0.010668575056606521
gcn,0.001,50,8,3,0.2,0.012094914509604374,0.01281487312783256
gcn,0.001,50,8,3,0.5,0.016839819898207983,0.014081906948799206
gcn,0.001,50,8,4,0.0,0.007229777901536888,0.008778472752020438
gcn,0.001,50,8,4,0.1,0.008103658072650432,0.009372522067525434
gcn,0.001,50,8,4,0.2,0.009294130446182356,0.009558023114575698
gcn,0.001,50,8,4,0.5,0.019718584128552014,0.015087097715577813
gcn,0.001,50,16,2,0.0,0.00666532652038667,0.007252187660081888
gcn,0.001,50,16,2,0.1,0.0077181622385978695,0.008035046965336435
gcn,0.001,50,16,2,0.2,0.007553005384074317,0.008616942866482468
gcn,0.001,50,16,2,0.5,0.014077535085380077,0.011353710985814414
gcn,0.001,50,16,3,0.0,0.006064783409237861,0.007328591067193124
gcn,0.001,50,16,3,0.1,0.007236069099356731,0.007482793948130273
gcn,0.001,50,16,3,0.2,0.009237217613392405,0.008260789680216818
gcn,0.001,50,16,3,0.5,0.010980351465857692,0.0091031311222878
gcn,0.001,50,16,4,0.0,0.006133169411785073,0.007364996874598706
gcn,0.001,50,16,4,0.1,0.00815198930601279,0.007834849192426607
gcn,0.001,50,16,4,0.2,0.008301770800931587,0.008164112110570887
gcn,0.001,50,16,4,0.5,0.01083146207448509,0.009240858136144081
gcn,0.001,50,32,2,0.0,0.0056442450421551865,0.006786455384492673
gcn,0.001,50,32,2,0.1,0.0064152060852696495,0.0068340939302662385
gcn,0.001,50,32,2,0.2,0.006933389997316732,0.00763985347881091
gcn,0.001,50,32,2,0.5,0.010017347377207544,0.00816411853027923
gcn,0.001,50,32,3,0.0,0.005863296851101849,0.007417895819699894
gcn,0.001,50,32,3,0.1,0.006320813670754433,0.007410818421696774
gcn,0.001,50,32,3,0.2,0.006820876865337292,0.007949230353125558
gcn,0.001,50,32,3,0.5,0.010305610371546613,0.008471922988461533
gcn,0.001,50,32,4,0.0,0.005912931946416696,0.006542680856581939
gcn,0.001,50,32,4,0.1,0.0071132043790486125,0.007314125434303787
gcn,0.001,50,32,4,0.2,0.007636706044690476,0.00700419567650803
gcn,0.001,50,32,4,0.5,0.009858536037305991,0.009324497394821597
gcn,0.001,100,4,2,0.0,0.007709295571678215,0.009032858070939943
gcn,0.001,100,4,2,0.1,0.012626439788275295,0.013810021947576013
gcn,0.001,100,4,2,0.2,0.016398573542634645,0.016160184182264746
gcn,0.001,100,4,2,0.5,0.017812872450384827,0.012873120266661719
gcn,0.001,100,4,3,0.0,0.007119803854988681,0.008763460957666624
gcn,0.001,100,4,3,0.1,0.008560962561104033,0.009618621019741647
gcn,0.001,100,4,3,0.2,0.01466400743358665,0.010617296315521885
gcn,0.001,100,4,3,0.5,0.02432672849131955,0.020028393717039815
gcn,0.001,100,4,4,0.0,0.0059148854006909665,0.00760983120537464
gcn,0.001,100,4,4,0.1,0.008925621004568205,0.009490832522774295
gcn,0.001,100,4,4,0.2,0.017926758755412366,0.011938593588776159
gcn,0.001,100,4,4,0.5,0.01308574668235249,0.012130136346364773
gcn,0.001,100,8,2,0.0,0.00603197356685996,0.006796344926710063
gcn,0.001,100,8,2,0.1,0.00884237748881181,0.007606186947599203
gcn,0.001,100,8,2,0.2,0.012748636222547955,0.013144591242846304
gcn,0.001,100,8,2,0.5,0.012754397880699899,0.010352899853915899
gcn,0.001,100,8,3,0.0,0.006148347708707054,0.00754093553738393
gcn,0.001,100,8,3,0.1,0.007707709984646903,0.00822777046902703
gcn,0.001,100,8,3,0.2,0.007885359827842978,0.009005412047885585
gcn,0.001,100,8,3,0.5,0.015461151260468695,0.013626279245148632
gcn,0.001,100,8,4,0.0,0.005902331146515078,0.006804410961414864
gcn,0.001,100,8,4,0.1,0.00787364285853174,0.00818018940958718
gcn,0.001,100,8,4,0.2,0.009320805201099978,0.008664228641727978
gcn,0.001,100,8,4,0.5,0.011006279463051922,0.010254521757632529
gcn,0.001,100,16,2,0.0,0.006276105996221304,0.007026888093197759
gcn,0.001,100,16,2,0.1,0.007393844032453166,0.007202062268595566
gcn,0.001,100,16,2,0.2,0.007699323724955321,0.007649082866398427
gcn,0.001,100,16,2,0.5,0.009098073384828037,0.008733642204746973
gcn,0.001,100,16,3,0.0,0.0056559333577752115,0.006195733157985472
gcn,0.001,100,16,3,0.1,0.007028117838005225,0.007307305937141883
gcn,0.001,100,16,3,0.2,0.007126719132065773,0.007148929330934273
gcn,0.001,100,16,3,0.5,0.009836499165329669,0.00863456763306536
gcn,0.001,100,16,4,0.0,0.005619609190358056,0.007046423101069887
gcn,0.001,100,16,4,0.1,0.006744774658646848,0.006939485048180228
gcn,0.001,100,16,4,0.2,0.007471999453587665,0.007113981870990771
gcn,0.001,100,16,4,0.5,0.009843446407467126,0.009467763980537235
gcn,0.001,100,32,2,0.0,0.005544249527156353,0.006557209908373296
gcn,0.001,100,32,2,0.1,0.00653182677924633,0.0067135469809224135
gcn,0.001,100,32,2,0.2,0.0069513637262086075,0.007074235464723877
gcn,0.001,100,32,2,0.5,0.0076464280900028015,0.007355669582656987
gcn,0.001,100,32,3,0.0,0.005099196069770389,0.006430381454088518
gcn,0.001,100,32,3,0.1,0.006241586131768094,0.006719263749740212
gcn,0.001,100,32,3,0.2,0.006541492293278376,0.0072502657102967
gcn,0.001,100,32,3,0.5,0.008586431967301501,0.007273614989185551
gcn,0.001,100,32,4,0.0,0.004842388769611716,0.0064077927107693
gcn,0.001,100,32,4,0.1,0.005802336066133446,0.006784356659291735
gcn,0.001,100,32,4,0.2,0.006811162115385135,0.006718843895800952
gcn,0.001,100,32,4,0.5,0.008597841051717599,0.0072002221628690855
gcn,0.001,200,4,2,0.0,0.00625296983247002,0.00690452826154031
gcn,0.001,200,4,2,0.1,0.0076460728007886145,0.008742344332066243
gcn,0.001,200,4,2,0.2,0.009554539289739396,0.008624320277601894
gcn,0.001,200,4,2,0.5,0.010885881922311253,0.010989965045675487
gcn,0.001,200,4,3,0.0,0.01671469577898582,0.019881107112436534
gcn,0.001,200,4,3,0.1,0.009341553288201491,0.009040843350572047
gcn,0.001,200,4,3,0.2,0.012284574305845631,0.012786759227591492
gcn,0.001,200,4,3,0.5,0.0111321362770266,0.010763311753202508
gcn,0.001,200,4,4,0.0,0.006060245208856133,0.007406658534963051
gcn,0.001,200,4,4,0.1,0.00841952059417963,0.009120843776420995
gcn,0.001,200,4,4,0.2,0.011408039679129919,0.010894344973149405
gcn,0.001,200,4,4,0.5,0.012624775783883201,0.011452400519245943
gcn,0.001,200,8,2,0.0,0.005641535731653372,0.006595940024038005
gcn,0.001,200,8,2,0.1,0.007000436126771901,0.007243345371706966
gcn,0.001,200,8,2,0.2,0.007597907311800454,0.007911481098823291
gcn,0.001,200,8,2,0.5,0.00923419627878401,0.0100178526916751
gcn,0.001,200,8,3,0.0,0.0052233366295695305,0.0067917626236912556
gcn,0.001,200,8,3,0.1,0.006986557071407636,0.006586576895704255
gcn,0.001,200,8,3,0.2,0.008031883194214768,0.00825878953545287
gcn,0.001,200,8,3,0.5,0.01025944257982903,0.010064462299842014
gcn,0.001,200,8,4,0.0,0.005145477627714475,0.00646059792472935
gcn,0.001,200,8,4,0.1,0.007019138201657268,0.008177571759459056
gcn,0.001,200,8,4,0.2,0.008106999016470379,0.007559878621668048
gcn,0.001,200,8,4,0.5,0.009845459481908216,0.01038257558858835
gcn,0.001,200,16,2,0.0,0.004914073159711228,0.006196411786054701
gcn,0.001,200,16,2,0.1,0.006904151145782736,0.007001600981017653
gcn,0.001,200,16,2,0.2,0.007567920204665925,0.007000103664958246
gcn,0.001,200,16,2,0.5,0.009404569626268414,0.009036985473077696
gcn,0.001,200,16,3,0.0,0.005254885766448246,0.006821649184104861
gcn,0.001,200,16,3,0.1,0.006413228913313813,0.0066874792078742695
gcn,0.001,200,16,3,0.2,0.006763269959224595,0.0069651748622810315
gcn,0.001,200,16,3,0.5,0.008154577886064848,0.00804398575577514
gcn,0.001,200,16,4,0.0,0.004717594364451037,0.0068286998385409525
gcn,0.001,200,16,4,0.1,0.00540445651859045,0.005968985699396789
gcn,0.001,200,16,4,0.2,0.006687272898852825,0.006430710919552607
gcn,0.001,200,16,4,0.5,0.008922023170938095,0.007695373234602188
gcn,0.001,200,32,2,0.0,0.004852793779638078,0.006154976978119309
gcn,0.001,200,32,2,0.1,0.005239878067125877,0.00625770145764053
gcn,0.001,200,32,2,0.2,0.00655226975472437,0.00636112696762563
gcn,0.001,200,32,2,0.5,0.007560042664408684,0.007087080647698673
gcn,0.001,200,32,3,0.0,0.0044414137955754995,0.0065854844437759795
gcn,0.001,200,32,3,0.1,0.005565747359974517,0.006145716986347161
gcn,0.001,200,32,3,0.2,0.0059063900365597674,0.006232736317798615
gcn,0.001,200,32,3,0.5,0.0074882353966434795,0.006852592676670532
gcn,0.001,200,32,4,0.0,0.004544466309663322,0.006211409100071031
gcn,0.001,200,32,4,0.1,0.004937648224747843,0.006232931189827462
gcn,0.001,200,32,4,0.2,0.005496103026800685,0.005922915476533075
gcn,0.001,200,32,4,0.5,0.006950469728973177,0.006574245388653766
gcn,0.001,300,4,2,0.0,0.005549230912907256,0.006359421581599722
gcn,0.001,300,4,2,0.1,0.010939710545870993,0.008896283985648012
gcn,0.001,300,4,2,0.2,0.008563929609954357,0.009904161603710571
gcn,0.001,300,4,2,0.5,0.012684248884518941,0.012186647942774909
gcn,0.001,300,4,3,0.0,0.006116230051136679,0.00736244696866033
gcn,0.001,300,4,3,0.1,0.008478567335340711,0.008485188144500121
gcn,0.001,300,4,3,0.2,0.009705247481664021,0.01014500176933215
gcn,0.001,300,4,3,0.5,0.011260577787955603,0.010878556502132963
gcn,0.001,300,4,4,0.0,0.006006653493063317,0.0074233815058563305
gcn,0.001,300,4,4,0.1,0.008752216315931744,0.008063933200583517
gcn,0.001,300,4,4,0.2,0.009214284032997158,0.008791119641480206
gcn,0.001,300,4,4,0.5,0.012411673863728842,0.011575699885514124
gcn,0.001,300,8,2,0.0,0.00534898332423634,0.00627589240398232
gcn,0.001,300,8,2,0.1,0.006678998687614997,0.007357082895965328
gcn,0.001,300,8,2,0.2,0.008034139561156431,0.008053315108743164
gcn,0.001,300,8,2,0.5,0.009956331613163153,0.010366537649479767
gcn,0.001,300,8,3,0.0,0.005574782730804549,0.006642609016313017
gcn,0.001,300,8,3,0.1,0.006524479916940133,0.007740664842325806
gcn,0.001,300,8,3,0.2,0.0075754352534810705,0.007792183164074928
gcn,0.001,300,8,3,0.5,0.010774737969040871,0.010434479640595318
gcn,0.001,300,8,4,0.0,0.005203712234894435,0.00639072093115447
gcn,0.001,300,8,4,0.1,0.0064449683400905795,0.007394677251982706
gcn,0.001,300,8,4,0.2,0.007054196039421691,0.006766669245595413
gcn,0.001,300,8,4,0.5,0.009333255400674211,0.009748298709321746
gcn,0.001,300,16,2,0.0,0.004575515300449398,0.006475908434739819
gcn,0.001,300,16,2,0.1,0.006565836496237251,0.006420774673975327
gcn,0.001,300,16,2,0.2,0.007146411223544015,0.0075091244809803335
gcn,0.001,300,16,2,0.5,0.00846214998099539,0.00691499060888372
gcn,0.001,300,16,3,0.0,0.0044543495712180935,0.00658950366340838
gcn,0.001,300,16,3,0.1,0.0059967122972011564,0.006174077638588238
gcn,0.001,300,16,3,0.2,0.005840838597052627,0.007243823427614693
gcn,0.001,300,16,3,0.5,0.008113233434657256,0.008904276968302871
gcn,0.001,300,16,4,0.0,0.004828402927766244,0.007139988548682208
gcn,0.001,300,16,4,0.1,0.005261093036582073,0.006333957881677965
gcn,0.001,300,16,4,0.2,0.005482065284417735,0.007139644103775211
gcn,0.001,300,16,4,0.5,0.007838772547741731,0.00757493079809608
gcn,0.001,300,32,2,0.0,0.004646624567814999,0.006459163137776436
gcn,0.001,300,32,2,0.1,0.004996542999934819,0.005771585220660835
gcn,0.001,300,32,2,0.2,0.005523425651093324,0.0063131820685260465
gcn,0.001,300,32,2,0.5,0.006872182204905483,0.006814771478458326
gcn,0.001,300,32,3,0.0,0.00464304747680823,0.007691808813989187
gcn,0.001,300,32,3,0.1,0.005316613024721543,0.006082113220953112
gcn,0.001,300,32,3,0.2,0.005705945938825607,0.00618864496760807
gcn,0.001,300,32,3,0.5,0.006498715431532926,0.006424683890642169
gcn,0.001,300,32,4,0.0,0.004044776544388798,0.006431697943089376
gcn,0.001,300,32,4,0.1,0.005089322094702058,0.006339071678222563
gcn,0.001,300,32,4,0.2,0.005123245447046227,0.0065559673658559525
gcn,0.001,300,32,4,0.5,0.0060454718251195215,0.006547564087964042
gcn,0.001,50,4,2,0.0,0.014156779108775986,0.012359447963284342
gcn,0.001,50,4,2,0.1,0.013374755738510026,0.010704659547739137
gcn,0.001,50,4,2,0.2,0.024041884309715694,0.013455870165784933
gcn,0.001,50,4,2,0.5,0.032190945992867155,0.02916243738614508
gcn,0.001,50,4,3,0.0,0.024309345500336754,0.02136443205530707
gcn,0.001,50,4,3,0.1,0.01961633733784159,0.013573436302650866
gcn,0.001,50,4,3,0.2,0.0307547462069326,0.015707070249477085
gcn,0.001,50,4,3,0.5,0.020472930082016522,0.013869873095099372
gcn,0.001,50,4,4,0.0,0.007973453278342884,0.008253427914006562
gcn,0.001,50,4,4,0.1,0.010658286615378328,0.008509857457961534
gcn,0.001,50,4,4,0.2,0.02222794633772638,0.01360428933998099
gcn,0.001,50,4,4,0.5,0.02211457561287615,0.014589073863072954
gcn,0.001,50,8,2,0.0,0.013209019601345063,0.011864909990095906
gcn,0.001,50,8,2,0.1,0.010770571180101898,0.009454808335686326
gcn,0.001,50,8,2,0.2,0.01691924523976114,0.01149812382669486
gcn,0.001,50,8,2,0.5,0.02171477514008681,0.013538104067048806
gcn,0.001,50,8,3,0.0,0.00734524738509208,0.007884238930738263
gcn,0.001,50,8,3,0.1,0.011095389558209313,0.009325268536100939
gcn,0.001,50,8,3,0.2,0.016196178727679783,0.012149434038474816
gcn,0.001,50,8,3,0.5,0.019362233289413982,0.011572756772043568
gcn,0.001,50,8,4,0.0,0.007062774824185504,0.00750003038309357
gcn,0.001,50,8,4,0.1,0.008007894704739253,0.0071829124552516
gcn,0.001,50,8,4,0.2,0.015883354718486467,0.009699960421848708
gcn,0.001,50,8,4,0.5,0.014072544955545002,0.00988044993087156
gcn,0.001,50,16,2,0.0,0.006261705400215255,0.0067443910340884376
gcn,0.001,50,16,2,0.1,0.007683499348867271,0.006782376726896633
gcn,0.001,50,16,2,0.2,0.010192220575279659,0.008004786142889487
gcn,0.001,50,16,2,0.5,0.015190660374032126,0.00950870330992375
gcn,0.001,50,16,3,0.0,0.006338635438846218,0.00681742395030982
gcn,0.001,50,16,3,0.1,0.007501814317786031,0.007464577239485059
gcn,0.001,50,16,3,0.2,0.007823703013774422,0.006940785703867203
gcn,0.001,50,16,3,0.5,0.01190799694094393,0.007782901847698209
gcn,0.001,50,16,4,0.0,0.006196757250775894,0.00724304238063489
gcn,0.001,50,16,4,0.1,0.007476834994223382,0.007497759229285972
gcn,0.001,50,16,4,0.2,0.008558350532419151,0.007256727649163875
gcn,0.001,50,16,4,0.5,0.01546867358394795,0.00764426918472223
gcn,0.001,50,32,2,0.0,0.006030433697419034,0.006728296741643281
gcn,0.001,50,32,2,0.1,0.0065092984793914685,0.006549361787889474
gcn,0.001,50,32,2,0.2,0.007959429888675611,0.006777494532600148
gcn,0.001,50,32,2,0.5,0.009905146165854401,0.0072196483301510735
gcn,0.001,50,32,3,0.0,0.006149848467773862,0.0070755855641174035
gcn,0.001,50,32,3,0.1,0.006958644086908963,0.006868495375171158
gcn,0.001,50,32,3,0.2,0.007194654540055328,0.0068855096470348265
gcn,0.001,50,32,3,0.5,0.009839382208883762,0.006821028207578017
gcn,0.001,50,32,4,0.0,0.005781612183070845,0.006895085397053346
gcn,0.001,50,32,4,0.1,0.006261901764406099,0.007065949046319719
gcn,0.001,50,32,4,0.2,0.006971270487540298,0.007026767201895989
gcn,0.001,50,32,4,0.5,0.009364089059333006,0.007692689112034756
gcn,0.001,100,4,2,0.0,0.007131936990966399,0.007453312881494423
gcn,0.001,100,4,2,0.1,0.011996389821999603,0.009662445930909147
gcn,0.001,100,4,2,0.2,0.015762228022019067,0.011924886823217129
gcn,0.001,100,4,2,0.5,0.017054287965099016,0.014486700700407074
gcn,0.001,100,4,3,0.0,0.008936864220433764,0.008717030262073244
gcn,0.001,100,4,3,0.1,0.009148653907080492,0.0071958300482227065
gcn,0.001,100,4,3,0.2,0.016963527020480897,0.011513280312849438
gcn,0.001,100,4,3,0.5,0.017707063961360188,0.01114669774075372
gcn,0.001,100,4,4,0.0,0.006401391968958907,0.007438868771157114
gcn,0.001,100,4,4,0.1,0.02356000007647607,0.020663443354501786
gcn,0.001,100,4,4,0.2,0.009777759595049753,0.006937287338372932
gcn,0.001,100,4,4,0.5,0.021474621610509025,0.011309302554512258
gcn,0.001,100,8,2,0.0,0.006126808230247763,0.0067759716844904005
gcn,0.001,100,8,2,0.1,0.007856869314693742,0.0065438868259430905
gcn,0.001,100,8,2,0.2,0.010025778288642566,0.006890918038261607
gcn,0.001,100,8,2,0.5,0.015770971506006187,0.0091654497696533
gcn,0.001,100,8,3,0.0,0.006990870874789026,0.0074547306322597425
gcn,0.001,100,8,3,0.1,0.0077694210327333875,0.006603471303898445
gcn,0.001,100,8,3,0.2,0.009295997561679946,0.006890236791023252
gcn,0.001,100,8,3,0.5,0.01302746795117855,0.007657406895826302
gcn,0.001,100,8,4,0.0,0.005934954351849027,0.007083153841966183
gcn,0.001,100,8,4,0.1,0.007936745519853301,0.007586164151274222
gcn,0.001,100,8,4,0.2,0.009274788883825142,0.0071351205236003246
gcn,0.001,100,8,4,0.5,0.011706996626324124,0.007234410902288069
gcn,0.001,100,16,2,0.0,0.005811286386516359,0.006339079945652681
gcn,0.001,100,16,2,0.1,0.007723878758649032,0.0065841156805574565
gcn,0.001,100,16,2,0.2,0.008610177329844898,0.006869613522359419
gcn,0.001,100,16,2,0.5,0.010907064445523753,0.007070166709606962
gcn,0.001,100,16,3,0.0,0.005769889242947102,0.00650669424146928
gcn,0.001,100,16,3,0.1,0.006818194294141398,0.006900987783498724
gcn,0.001,100,16,3,0.2,0.008466034962071312,0.006714214775106253
gcn,0.001,100,16,3,0.5,0.011261104730268319,0.006730867281718478
gcn,0.001,100,16,4,0.0,0.005572726691348685,0.006712351709389086
gcn,0.001,100,16,4,0.1,0.006458522162089745,0.00644511891795112
gcn,0.001,100,16,4,0.2,0.00794223602861166,0.006624405947188628
gcn,0.001,100,16,4,0.5,0.009325081668794154,0.0071671717042540274
gcn,0.001,100,32,2,0.0,0.005580850431902541,0.00630185743694005
gcn,0.001,100,32,2,0.1,0.006130731198936701,0.006458795995674738
gcn,0.001,100,32,2,0.2,0.006669485962225331,0.0062977335580018945
gcn,0.001,100,32,2,0.5,0.00804078109148476,0.006830208692722284
gcn,0.001,100,32,3,0.0,0.005642600843889845,0.00623054763010975
gcn,0.001,100,32,3,0.1,0.0063932253565225335,0.006424424609224655
gcn,0.001,100,32,3,0.2,0.006582914189332061,0.006339468307104479
gcn,0.001,100,32,3,0.5,0.008893200920687782,0.006687035921949214
gcn,0.001,100,32,4,0.0,0.00512295983110865,0.006299676399439491
gcn,0.001,100,32,4,0.1,0.006332044851862722,0.0070758431689834644
gcn,0.001,100,32,4,0.2,0.006291697940064801,0.006622733026557271
gcn,0.001,100,32,4,0.5,0.008540670910022325,0.006921743154474758
gcn,0.001,200,4,2,0.0,0.006877051050671273,0.007243568457313732
gcn,0.001,200,4,2,0.1,0.007940406331585513,0.006489698360506946
gcn,0.001,200,4,2,0.2,0.0086564552038908,0.006701276616213381
gcn,0.001,200,4,2,0.5,0.01371049957556857,0.00894716165029017
gcn,0.001,200,4,3,0.0,0.017307672815190422,0.014496924610391027
gcn,0.001,200,4,3,0.1,0.008922418020665646,0.007927916304686988
gcn,0.001,200,4,3,0.2,0.01105803975628482,0.006975354460740846
gcn,0.001,200,4,3,0.5,0.015129150739974445,0.011325608034300227
gcn,0.001,200,4,4,0.0,0.006128938185671965,0.007051371012417906
gcn,0.001,200,4,4,0.1,0.00880280067730281,0.007792720546299492
gcn,0.001,200,4,4,0.2,0.010100048863225512,0.0065961839654757
gcn,0.001,200,4,4,0.5,0.013780274656083849,0.008517199982964564
gcn,0.001,200,8,2,0.0,0.005568076245900657,0.006097833659004959
gcn,0.001,200,8,2,0.1,0.007574375160038472,0.006773339281869806
gcn,0.001,200,8,2,0.2,0.008752318839025166,0.0068453252939888465
gcn,0.001,200,8,2,0.5,0.011260130442678928,0.0069256813536250125
gcn,0.001,200,8,3,0.0,0.005584534671571519,0.006252321053930032
gcn,0.001,200,8,3,0.1,0.007157149983363019,0.006357399051396051
gcn,0.001,200,8,3,0.2,0.007330935800241099,0.006891639010700867
gcn,0.001,200,8,3,0.5,0.01218561813649204,0.006719852508167534
gcn,0.001,200,8,4,0.0,0.005722199152741168,0.007054767392422612
gcn,0.001,200,8,4,0.1,0.008392106493314106,0.006996080618483535
gcn,0.001,200,8,4,0.2,0.007963644216458003,0.006298116160242273
gcn,0.001,200,8,4,0.5,0.01017328045434422,0.00664806694755331
gcn,0.001,200,16,2,0.0,0.005298819765448571,0.005810742216625364
gcn,0.001,200,16,2,0.1,0.0063401568060119946,0.00616357499014839
gcn,0.001,200,16,2,0.2,0.006747862137854099,0.006303255094477045
gcn,0.001,200,16,2,0.5,0.00891327117052343,0.006624280798302351
gcn,0.001,200,16,3,0.0,0.004958546637660927,0.005619302368602419
gcn,0.001,200,16,3,0.1,0.005866220903893312,0.006078729820587991
gcn,0.001,200,16,3,0.2,0.007520962879061699,0.006491079023591429
gcn,0.001,200,16,3,0.5,0.008927420609527163,0.006518453202001506
gcn,0.001,200,16,4,0.0,0.0052937276609655885,0.005740029880684716
gcn,0.001,200,16,4,0.1,0.006410235275203983,0.006334435916322256
gcn,0.001,200,16,4,0.2,0.007192774432607823,0.006083131067353609
gcn,0.001,200,16,4,0.5,0.009304989946799146,0.006941800439361856
gcn,0.001,200,32,2,0.0,0.0053554841989858284,0.00601822384211168
gcn,0.001,200,32,2,0.1,0.006198172498908308,0.006114123549849549
gcn,0.001,200,32,2,0.2,0.007077826264624794,0.005633289989142564
gcn,0.001,200,32,2,0.5,0.007891689044319921,0.006551241914257222
gcn,0.001,200,32,3,0.0,0.004841960149092807,0.005528496750471579
gcn,0.001,200,32,3,0.1,0.005230258136159844,0.005533316364712349
gcn,0.001,200,32,3,0.2,0.006211537991960844,0.00596937558803452
gcn,0.001,200,32,3,0.5,0.007738920363287131,0.006420966512273285
gcn,0.001,200,32,4,0.0,0.004553603163609902,0.00532680060791515
gcn,0.001,200,32,4,0.1,0.005177233275026083,0.005512257137464438
gcn,0.001,200,32,4,0.2,0.00584324472066429,0.005632727060718779
gcn,0.001,200,32,4,0.5,0.008182388719999129,0.006265351069509073
gcn,0.001,300,4,2,0.0,0.005912590213119984,0.006710595115856322
gcn,0.001,300,4,2,0.1,0.007696379234807359,0.007588469329074421
gcn,0.001,300,4,2,0.2,0.008655984534157647,0.006886723730658772
gcn,0.001,300,4,2,0.5,0.013026728315485849,0.009556926566703972
gcn,0.001,300,4,3,0.0,0.005897074741207891,0.006721611327569921
gcn,0.001,300,4,3,0.1,0.008339416794478893,0.007023125065977265
gcn,0.001,300,4,3,0.2,0.008443188418944677,0.00647288424567094
gcn,0.001,300,4,3,0.5,0.01476430743932724,0.01072822827809814
gcn,0.001,300,4,4,0.0,0.0061254575952059695,0.00681235573715
gcn,0.001,300,4,4,0.1,0.009679420147505072,0.006833788604337166
gcn,0.001,300,4,4,0.2,0.008689114441060358,0.00642980066220975
gcn,0.001,300,4,4,0.5,0.013212953859733211,0.007552559453131114
gcn,0.001,300,8,2,0.0,0.005469549023028877,0.00601153091043658
gcn,0.001,300,8,2,0.1,0.007151666987273428,0.006542380121714419
gcn,0.001,300,8,2,0.2,0.008170346843285693,0.006639774190818759
gcn,0.001,300,8,2,0.5,0.010883892617291875,0.0065887101430682545
gcn,0.001,300,8,3,0.0,0.005292675043973658,0.005980968101974149
gcn,0.001,300,8,3,0.1,0.006844605795211262,0.006743626532680657
gcn,0.001,300,8,3,0.2,0.007514694317554434,0.0065337527816772935
gcn,0.001,300,8,3,0.5,0.009462894933919112,0.006360474333030908
gcn,0.001,300,8,4,0.0,0.005528726097610261,0.006380992125081697
gcn,0.001,300,8,4,0.1,0.006462380957479278,0.0061347250106327245
gcn,0.001,300,8,4,0.2,0.00752306841313839,0.006469131247320093
gcn,0.001,300,8,4,0.5,0.009065765908194913,0.00637561207513695
gcn,0.001,300,16,2,0.0,0.005067195939934916,0.005383366372851928
gcn,0.001,300,16,2,0.1,0.00636313824603955,0.006165271287994756
gcn,0.001,300,16,2,0.2,0.0071904531162646085,0.006569787526752524
gcn,0.001,300,16,2,0.5,0.00826306723886066,0.0063337308246279814
gcn,0.001,300,16,3,0.0,0.005064013915964298,0.005646297297141256
gcn,0.001,300,16,3,0.1,0.006502310662633843,0.005981954782279875
gcn,0.001,300,16,3,0.2,0.006677716152949466,0.005934358561690089
gcn,0.001,300,16,3,0.5,0.009005446939004793,0.006489412375650971
gcn,0.001,300,16,4,0.0,0.004917038118259775,0.0049826431364787815
gcn,0.001,300,16,4,0.1,0.005317559186369181,0.0055582636546099625
gcn,0.001,300,16,4,0.2,0.0060672870112790005,0.006105271199201035
gcn,0.001,300,16,4,0.5,0.007618849796967374,0.006486264612510517
gcn,0.001,300,32,2,0.0,0.004589298771073421,0.005150537934705835
gcn,0.001,300,32,2,0.1,0.005145930654058854,0.005594466633501938
gcn,0.001,300,32,2,0.2,0.005746180926346116,0.005728131162001127
gcn,0.001,300,32,2,0.5,0.007328234468069341,0.006110410271036315
gcn,0.001,300,32,3,0.0,0.004708747141477135,0.005247505545453013
gcn,0.001,300,32,3,0.1,0.00491173720608155,0.0053143336774254205
gcn,0.001,300,32,3,0.2,0.006217971982227431,0.00572226527526416
gcn,0.001,300,32,3,0.5,0.007098640780895948,0.00623382495958893
gcn,0.001,300,32,4,0.0,0.004245013629810677,0.0051328838161154525
gcn,0.001,300,32,4,0.1,0.004924386429289977,0.0054641745984022275
gcn,0.001,300,32,4,0.2,0.0056286293806301225,0.005825208490888478
gcn,0.001,300,32,4,0.5,0.007075774679995246,0.0060396507533411635
gcn,0.001,50,4,2,0.0,0.015458135058482488,0.016087509774333687
gcn,0.001,50,4,2,0.1,0.01648027791331212,0.014745454277218784
gcn,0.001,50,4,2,0.2,0.013814899615115589,0.012864983424592325
gcn,0.001,50,4,2,0.5,0.029340931524833042,0.018498074801248786
gcn,0.001,50,4,3,0.0,0.015008728413118257,0.015313790715955733
gcn,0.001,50,4,3,0.1,0.01840889031688372,0.01489802187977345
gcn,0.001,50,4,3,0.2,0.017604178852505155,0.018257710498226044
gcn,0.001,50,4,3,0.5,0.01732828991694583,0.016713700197484103
gcn,0.001,50,4,4,0.0,0.010542305641704136,0.010558830674486064
gcn,0.001,50,4,4,0.1,0.016535982965595192,0.014785822016535288
gcn,0.001,50,4,4,0.2,0.010979063933094342,0.00883695760327905
gcn,0.001,50,4,4,0.5,0.017632761556241248,0.016529618933657543
gcn,0.001,50,8,2,0.0,0.009855574286646313,0.009705427618971108
gcn,0.001,50,8,2,0.1,0.013053391211562687,0.011774910374188341
gcn,0.001,50,8,2,0.2,0.015747142997052935,0.013429139453233763
gcn,0.001,50,8,2,0.5,0.015307888305849499,0.012860890007867365
gcn,0.001,50,8,3,0.0,0.009299066424783732,0.00886972709753282
gcn,0.001,50,8,3,0.1,0.016314417848156557,0.014075151256888763
gcn,0.001,50,8,3,0.2,0.010085144307878283,0.007995356742271476
gcn,0.001,50,8,3,0.5,0.0184576024611791,0.012846722132248089
gcn,0.001,50,8,4,0.0,0.006480414109925429,0.006756741661263987
gcn,0.001,50,8,4,0.1,0.01893425972925292,0.012194018341938673
gcn,0.001,50,8,4,0.2,0.010974819213151932,0.008069879104589362
gcn,0.001,50,8,4,0.5,0.025614437792036267,0.013086020404384868
gcn,0.001,50,16,2,0.0,0.006146691698167059,0.007212040656139962
gcn,0.001,50,16,2,0.1,0.010505079498721493,0.00979356449919173
gcn,0.001,50,16,2,0.2,0.009177425213985973,0.007693919264610383
gcn,0.001,50,16,2,0.5,0.012568002566695213,0.009451877274690369
gcn,0.001,50,16,3,0.0,0.006485050311312079,0.0069165790934935245
gcn,0.001,50,16,3,0.1,0.007757779086629549,0.007063695300605133
gcn,0.001,50,16,3,0.2,0.008716944977641106,0.007252910898654275
gcn,0.001,50,16,3,0.5,0.014798748120665551,0.008772162504741577
gcn,0.001,50,16,4,0.0,0.00615095194015238,0.0068047185937818
gcn,0.001,50,16,4,0.1,0.008263080556773477,0.007383449715322321
gcn,0.001,50,16,4,0.2,0.00861075156264835,0.007506082844506867
gcn,0.001,50,16,4,0.5,0.010603075174407827,0.007153521170225385
gcn,0.001,50,32,2,0.0,0.005917248574809896,0.006884803099621806
gcn,0.001,50,32,2,0.1,0.006766637642350462,0.0068895121428119484
gcn,0.001,50,32,2,0.2,0.0074081864001022445,0.007120073481391298
gcn,0.001,50,32,2,0.5,0.00914902753300137,0.007538358456057459
gcn,0.001,50,32,3,0.0,0.006033461437457138,0.006582662468281697
gcn,0.001,50,32,3,0.1,0.006638820945388741,0.006803296577315265
gcn,0.001,50,32,3,0.2,0.007609892698625723,0.007222135237599759
gcn,0.001,50,32,3,0.5,0.008697172337108188,0.00702684795756312
gcn,0.001,50,32,4,0.0,0.005918671459787422,0.006668473228805016
gcn,0.001,50,32,4,0.1,0.006851077876571152,0.006710298978736873
gcn,0.001,50,32,4,0.2,0.007914578293760617,0.006953336109131935
gcn,0.001,50,32,4,0.5,0.008255580114200712,0.007161109045873903
gcn,0.001,100,4,2,0.0,0.0074471388012170795,0.008079006931538669
gcn,0.001,100,4,2,0.1,0.008977246284484864,0.008009112361812143
gcn,0.001,100,4,2,0.2,0.012768585669497649,0.009747300761319532
gcn,0.001,100,4,2,0.5,0.019493468271361458,0.017011193461226436
gcn,0.001,100,4,3,0.0,0.00686859775127636,0.006977072789497996
gcn,0.001,100,4,3,0.1,0.009117320159243212,0.007635807948457441
gcn,0.001,100,4,3,0.2,0.010719592869281768,0.007880692228794395
gcn,0.001,100,4,3,0.5,0.017007048283186225,0.018218981489143804
gcn,0.001,100,4,4,0.0,0.007191338296979666,0.007092613799864278
gcn,0.001,100,4,4,0.1,0.008890726541479429,0.007543455183706538
gcn,0.001,100,4,4,0.2,0.011060041779031356,0.007625060173033482
gcn,0.001,100,4,4,0.5,0.01902365783850352,0.013567994630152569
gcn,0.001,100,8,2,0.0,0.005896614259108901,0.006977927443608767
gcn,0.001,100,8,2,0.1,0.008942678115434116,0.007035971380687123
gcn,0.001,100,8,2,0.2,0.00925718636976348,0.007536737312708652
gcn,0.001,100,8,2,0.5,0.01240912021862136,0.009738946647069558
gcn,0.001,100,8,3,0.0,0.006608830775237746,0.006843555257647615
gcn,0.001,100,8,3,0.1,0.007460530661046505,0.0068366552180139095
gcn,0.001,100,8,3,0.2,0.00888476309676965,0.007405699346159178
gcn,0.001,100,8,3,0.5,0.01293579963967204,0.0073264142271259654
gcn,0.001,100,8,4,0.0,0.0064945695404377245,0.006558052870640374
gcn,0.001,100,8,4,0.1,0.008521703713470035,0.006802098079657348
gcn,0.001,100,8,4,0.2,0.009589458091391457,0.006922495672041329
gcn,0.001,100,8,4,0.5,0.014701723307371139,0.0074633339004334335
gcn,0.001,100,16,2,0.0,0.005966230326642593,0.007108760344312071
gcn,0.001,100,16,2,0.1,0.00745938809381591,0.007100946255932517
gcn,0.001,100,16,2,0.2,0.00822877666602532,0.0074631555866691455
gcn,0.001,100,16,2,0.5,0.01080438442942169,0.007611639493823219
gcn,0.001,100,16,3,0.0,0.005890954410036405,0.006181786627107666
gcn,0.001,100,16,3,0.1,0.006996673976795541,0.006674552191530125
gcn,0.001,100,16,3,0.2,0.007598917315610581,0.006968043023727777
gcn,0.001,100,16,3,0.5,0.010280880632085933,0.007261597943362652
gcn,0.001,100,16,4,0.0,0.005687259013454119,0.006048670386297328
gcn,0.001,100,16,4,0.1,0.006769621268742614,0.006274584985639997
gcn,0.001,100,16,4,0.2,0.007241920050647523,0.00682049761064798
gcn,0.001,100,16,4,0.5,0.009418434918754631,0.006839749349246027
gcn,0.001,100,32,2,0.0,0.0054510544778572185,0.006410053037195773
gcn,0.001,100,32,2,0.1,0.006449890322983265,0.006990183764778823
gcn,0.001,100,32,2,0.2,0.006564548642685016,0.006972945513888984
gcn,0.001,100,32,2,0.5,0.007885273442500167,0.007367581126647149
gcn,0.001,100,32,3,0.0,0.005455653617779414,0.0057353037458550025
gcn,0.001,100,32,3,0.1,0.006091624508715338,0.006351412058202399
gcn,0.001,100,32,3,0.2,0.006398428935143682,0.006587236402724006
gcn,0.001,100,32,3,0.5,0.007465547136962414,0.006965294877106576
gcn,0.001,100,32,4,0.0,0.005064522433612082,0.005374262962353882
gcn,0.001,100,32,4,0.1,0.005933079392545753,0.006137228936680561
gcn,0.001,100,32,4,0.2,0.006719728988698787,0.006585131919181819
gcn,0.001,100,32,4,0.5,0.008731715795066621,0.007004587104064708
gcn,0.001,200,4,2,0.0,0.006141395452949736,0.0071423688086529324
gcn,0.001,200,4,2,0.1,0.007991049169666238,0.007162029033101191
gcn,0.001,200,4,2,0.2,0.009802001445657677,0.007742484034459185
gcn,0.001,200,4,2,0.5,0.014282984803948138,0.010919150873234784
gcn,0.001,200,4,3,0.0,0.005953400043977632,0.006944089476835291
gcn,0.001,200,4,3,0.1,0.008756411406728956,0.007362993896913928
gcn,0.001,200,4,3,0.2,0.010583206887046497,0.007759498926540598
gcn,0.001,200,4,3,0.5,0.015018263252245055,0.011915743101712017
gcn,0.001,200,4,4,0.0,0.006264891599615415,0.006935015860249205
gcn,0.001,200,4,4,0.1,0.010592494408289592,0.007011541466142912
gcn,0.001,200,4,4,0.2,0.010196918632007307,0.006710110677111825
gcn,0.001,200,4,4,0.5,0.011988906955553425,0.00784036981643057
gcn,0.001,200,8,2,0.0,0.0059892153781321315,0.007435959922027812
gcn,0.001,200,8,2,0.1,0.008191720416976345,0.007548091213750485
gcn,0.001,200,8,2,0.2,0.008082139512730969,0.007285370234012234
gcn,0.001,200,8,2,0.5,0.010788568285190397,0.007973194665377381
gcn,0.001,200,8,3,0.0,0.0058616140132976904,0.006187226956673797
gcn,0.001,200,8,3,0.1,0.007759452285245061,0.006871793609716637
gcn,0.001,200,8,3,0.2,0.008296073279860946,0.007068696310055156
gcn,0.001,200,8,3,0.5,0.010735211759391758,0.007095680925742887
gcn,0.001,200,8,4,0.0,0.005687610980951123,0.006495578371019661
gcn,0.001,200,8,4,0.1,0.007717306756724914,0.006771955789045503
gcn,0.001,200,8,4,0.2,0.008324579604797893,0.00696261316099891
gcn,0.001,200,8,4,0.5,0.010294377741714319,0.006733665793576727
gcn,0.001,200,16,2,0.0,0.005336748280872901,0.0053932306721688585
gcn,0.001,200,16,2,0.1,0.006791188433352444,0.00692384356469562
gcn,0.001,200,16,2,0.2,0.006634964110950629,0.00712120532917977
gcn,0.001,200,16,2,0.5,0.008361198970427116,0.007428629516154306
gcn,0.001,200,16,3,0.0,0.005216798005211684,0.00573262777636323
gcn,0.001,200,16,3,0.1,0.006180889697538482,0.0064080747656400485
gcn,0.001,200,16,3,0.2,0.007223213236365053,0.006793074725873894
gcn,0.001,200,16,3,0.5,0.008112377052505811,0.007114707275224674
gcn,0.001,200,16,4,0.0,0.004953632327831454,0.005655530142143039
gcn,0.001,200,16,4,0.1,0.005808107968833711,0.00614360925611992
gcn,0.001,200,16,4,0.2,0.00651390945745839,0.005976890039713823
gcn,0.001,200,16,4,0.5,0.008354867042766678,0.0068498940391433115
gcn,0.001,200,32,2,0.0,0.004820192662171192,0.0053214772041683565
gcn,0.001,200,32,2,0.1,0.0060706456036617356,0.0058262581869207965
gcn,0.001,200,32,2,0.2,0.006580297224637535,0.00609957362177953
gcn,0.001,200,32,2,0.5,0.008004054696195655,0.00716433344249019
gcn,0.001,200,32,3,0.0,0.004769794798145692,0.004921281770535124
gcn,0.001,200,32,3,0.1,0.005190761138995488,0.005176253206614678
gcn,0.001,200,32,3,0.2,0.0064742546528577805,0.00605470562145527
gcn,0.001,200,32,3,0.5,0.00672501636048158,0.006837526668686334
gcn,0.001,200,32,4,0.0,0.004608563685582744,0.004506118533597103
gcn,0.001,200,32,4,0.1,0.005336104912890328,0.005052303708094108
gcn,0.001,200,32,4,0.2,0.005436806828300986,0.0046918334226278445
gcn,0.001,200,32,4,0.5,0.006978444755077362,0.006884624444515985
gcn,0.001,300,4,2,0.0,0.00632772303910719,0.007534708674059587
gcn,0.001,300,4,2,0.1,0.007883936787645021,0.007232043919846731
gcn,0.001,300,4,2,0.2,0.010492697834140724,0.007697425668398328
gcn,0.001,300,4,2,0.5,0.011860963805682129,0.009182598209024295
gcn,0.001,300,4,3,0.0,0.005799262463632557,0.006448228414462598
gcn,0.001,300,4,3,0.1,0.00915911497755183,0.0071177210094981016
gcn,0.001,300,4,3,0.2,0.009194817559586631,0.0070168332630781375
gcn,0.001,300,4,3,0.5,0.011066495668556955,0.007645851787011182
gcn,0.001,300,4,4,0.0,0.006294374726712704,0.006805426806910653
gcn,0.001,300,4,4,0.1,0.008058273647394445,0.006882733982346867
gcn,0.001,300,4,4,0.2,0.009029144555744198,0.007708418717569376
gcn,0.001,300,4,4,0.5,0.011405348943339454,0.008013018775198954
gcn,0.001,300,8,2,0.0,0.005515222313503424,0.006219351654036131
gcn,0.001,300,8,2,0.1,0.007414984599583679,0.007256231758835163
gcn,0.001,300,8,2,0.2,0.0076068059023883606,0.007268849684756429
gcn,0.001,300,8,2,0.5,0.008976000671585401,0.0073886188832394065
gcn,0.001,300,8,3,0.0,0.005318162238432301,0.005066298814059867
gcn,0.001,300,8,3,0.1,0.00632097835962971,0.006627418390062268
gcn,0.001,300,8,3,0.2,0.007609650347795751,0.006511447240143742
gcn,0.001,300,8,3,0.5,0.010660178317791886,0.008060662567258436
gcn,0.001,300,8,4,0.0,0.0055447070290231045,0.005576584475951751
gcn,0.001,300,8,4,0.1,0.007553842782767282,0.006569551401060636
gcn,0.001,300,8,4,0.2,0.008114274580859476,0.0058904548041327056
gcn,0.001,300,8,4,0.5,0.011054466995928023,0.006849765922166728
gcn,0.001,300,16,2,0.0,0.005083028392659293,0.005146409867183799
gcn,0.001,300,16,2,0.1,0.006241529362483157,0.006605693830105963
gcn,0.001,300,16,2,0.2,0.0068156355784999,0.007305735034812688
gcn,0.001,300,16,2,0.5,0.007627477010505067,0.007279604367659509
gcn,0.001,300,16,3,0.0,0.004952587828867965,0.004627102980596032
gcn,0.001,300,16,3,0.1,0.0060445868824091226,0.006136734971817148
gcn,0.001,300,16,3,0.2,0.006585667137470511,0.006618115364745591
gcn,0.001,300,16,3,0.5,0.007959523072673214,0.00674526389639638
gcn,0.001,300,16,4,0.0,0.004818212251282401,0.004764545777716389
gcn,0.001,300,16,4,0.1,0.006154049105114407,0.005538944422961744
gcn,0.001,300,16,4,0.2,0.005943666005300151,0.006226008116290327
gcn,0.001,300,16,4,0.5,0.007209897030972772,0.006347099052205696
gcn,0.001,300,32,2,0.0,0.004782970622181892,0.005470133124001642
gcn,0.001,300,32,2,0.1,0.005572896631848481,0.006624179263195806
gcn,0.001,300,32,2,0.2,0.006565789805932178,0.005541326001075042
gcn,0.001,300,32,2,0.5,0.006846832147695952,0.007247887561175404
gcn,0.001,300,32,3,0.0,0.004508491745218635,0.004600662360937058
gcn,0.001,300,32,3,0.1,0.005202336040221982,0.004966161712320361
gcn,0.001,300,32,3,0.2,0.005586110717720456,0.005103191321523148
gcn,0.001,300,32,3,0.5,0.006915091764595774,0.006383694535412499
gcn,0.001,300,32,4,0.0,0.004795861414944132,0.004528053466012238
gcn,0.001,300,32,4,0.1,0.004698360732032193,0.005143886264127406
gcn,0.001,300,32,4,0.2,0.005232083135181003,0.004988399395896704
gcn,0.001,300,32,4,0.5,0.006338227436774307,0.005377843387606518
