model,learning_rate,epochs,hidden_dim,num_layers,dropout,train_loss,val_loss
gat,0.001,50,4,2,0.0,0.006971188924378819,0.007497007885664098
gat,0.001,50,4,2,0.1,0.011311175011926227,0.010755767370407555
gat,0.001,50,4,2,0.2,0.010170099170257648,0.009629187300847252
gat,0.001,50,4,2,0.5,0.015957629390888742,0.015507387349747858
gat,0.001,50,4,3,0.0,0.006451129313144419,0.0068791207404912845
gat,0.001,50,4,3,0.1,0.007868832432561451,0.0074828364743242835
gat,0.001,50,4,3,0.2,0.009016238235765034,0.00743849282140463
gat,0.001,50,4,3,0.5,0.010525383986532688,0.009066161332847234
gat,0.001,50,4,4,0.0,0.006238754010862774,0.006306346856091239
gat,0.001,50,4,4,0.1,0.007252385136153963,0.007559499188697494
gat,0.001,50,4,4,0.2,0.009679175747765435,0.007260987889147264
gat,0.001,50,4,4,0.5,0.013527991012152699,0.00848611585612664
gat,0.001,50,8,2,0.0,0.0063218934254513845,0.0064249224708425425
gat,0.001,50,8,2,0.1,0.008731727146854003,0.007727520673918953
gat,0.001,50,8,2,0.2,0.00936720816211568,0.007177008496300629
gat,0.001,50,8,2,0.5,0.012813617930644089,0.01069800299018837
gat,0.001,50,8,3,0.0,0.006153205823567178,0.0065968590012708715
gat,0.001,50,8,3,0.1,0.0074619131059282355,0.007425155619341961
gat,0.001,50,8,3,0.2,0.009074040750662486,0.007175615548130754
gat,0.001,50,8,3,0.5,0.011854511913326052,0.009017298036522802
gat,0.001,50,8,4,0.0,0.006090030374212398,0.006791881131357802
gat,0.001,50,8,4,0.1,0.00795393180516031,0.006927460272256903
gat,0.001,50,8,4,0.2,0.00798020280069775,0.0072574213465269825
gat,0.001,50,8,4,0.5,0.010715820578237374,0.008067436994799415
gat,0.001,50,16,2,0.0,0.006119927556978331,0.006485882414453514
gat,0.001,50,16,2,0.1,0.007513949419889185,0.007524453371915474
gat,0.001,50,16,2,0.2,0.009809494649784433,0.007335695308851542
gat,0.001,50,16,2,0.5,0.012212250112659402,0.009863810836331232
gat,0.001,50,16,3,0.0,0.006050811728669538,0.006190148965142761
gat,0.001,50,16,3,0.1,0.007165296913848983,0.0065762025741879174
gat,0.001,50,16,3,0.2,0.007734172522193856,0.006217349752277568
gat,0.001,50,16,3,0.5,0.010857307869527075,0.009103859576340944
gat,0.001,50,16,4,0.0,0.005839350333230363,0.006533259067350116
gat,0.001,50,16,4,0.1,0.006705992254945967,0.007502138576010897
gat,0.001,50,16,4,0.2,0.0073816829981903235,0.007115062245164783
gat,0.001,50,16,4,0.5,0.009491833496010967,0.007607179476114734
gat,0.001,50,32,2,0.0,0.005954833887517452,0.006735565156943046
gat,0.001,50,32,2,0.1,0.007542103208187554,0.0073270835757496934
gat,0.001,50,32,2,0.2,0.008721422921452258,0.007011300184123303
gat,0.001,50,32,2,0.5,0.011241316319339806,0.00889793978448603
gat,0.001,50,32,3,0.0,0.0056616754995452035,0.006546455941059492
gat,0.001,50,32,3,0.1,0.007477864861074421,0.007190965404069982
gat,0.001,50,32,3,0.2,0.007645209143973059,0.007593104862407429
gat,0.001,50,32,3,0.5,0.010301548242568969,0.007850221246616407
gat,0.001,50,32,4,0.0,0.005591189907863736,0.00571192591045373
gat,0.001,50,32,4,0.1,0.006805041225420104,0.006138764709257782
gat,0.001,50,32,4,0.2,0.007633372955024242,0.0067047124748041975
gat,0.001,50,32,4,0.5,0.008767068737910853,0.007273261744020676
gat,0.001,100,4,2,0.0,0.006234503433936172,0.006532835774861479
gat,0.001,100,4,2,0.1,0.007650230493810441,0.006909154750841862
gat,0.001,100,4,2,0.2,0.008831536894043287,0.007712701265663746
gat,0.001,100,4,2,0.5,0.012348588245610395,0.011126097115115207
gat,0.001,100,4,3,0.0,0.006232320124076473,0.006278074950521706
gat,0.001,100,4,3,0.1,0.008072747559183174,0.006691978960184386
gat,0.001,100,4,3,0.2,0.009287057785938184,0.006986009480081568
gat,0.001,100,4,3,0.5,0.010259176169832547,0.008522861147794015
gat,0.001,100,4,4,0.0,0.005969631847822004,0.005924998289141748
gat,0.001,100,4,4,0.1,0.007235751321746244,0.0063229906650519975
gat,0.001,100,4,4,0.2,0.008999028346604772,0.007447175619437996
gat,0.001,100,4,4,0.5,0.010209574674566587,0.00806315221379066
gat,0.001,100,8,2,0.0,0.0061584647124012315,0.0064732909881104915
gat,0.001,100,8,2,0.1,0.007645529146409697,0.006756809127613494
gat,0.001,100,8,2,0.2,0.008965078617135684,0.0074946931795589755
gat,0.001,100,8,2,0.5,0.012241928714017074,0.010119587829365617
gat,0.001,100,8,3,0.0,0.00593323216566609,0.007257265590367745
gat,0.001,100,8,3,0.1,0.006499094267686208,0.007283219584997979
gat,0.001,100,8,3,0.2,0.007299053865588373,0.006680440737058646
gat,0.001,100,8,3,0.5,0.009923222619626257,0.0077742264993974075
gat,0.001,100,8,4,0.0,0.005840136100434595,0.006229680693720696
gat,0.001,100,8,4,0.1,0.0075048149666852425,0.006787274662214138
gat,0.001,100,8,4,0.2,0.007366066208730141,0.006332028712497539
gat,0.001,100,8,4,0.5,0.009665296185347769,0.007991075828861138
gat,0.001,100,16,2,0.0,0.005923684779554605,0.006572767350411723
gat,0.001,100,16,2,0.1,0.007911538270612558,0.0071301761314100705
gat,0.001,100,16,2,0.2,0.007927121077146795,0.006967759791576711
gat,0.001,100,16,2,0.5,0.011032773699197505,0.009065844039204407
gat,0.001,100,16,3,0.0,0.005968486145138741,0.0071540387577008644
gat,0.001,100,16,3,0.1,0.00676461694141229,0.006928149513910587
gat,0.001,100,16,3,0.2,0.00717988752035631,0.006563711538866213
gat,0.001,100,16,3,0.5,0.010464314702484342,0.007962235749718527
gat,0.001,100,16,4,0.0,0.0055616333563294675,0.00686745472633854
gat,0.001,100,16,4,0.1,0.007315624463889334,0.007191646893962678
gat,0.001,100,16,4,0.2,0.00693054867701398,0.0068986611579348045
gat,0.001,100,16,4,0.5,0.008987337412933508,0.008127742452865138
gat,0.001,100,32,2,0.0,0.005553494300693273,0.006129610060977719
gat,0.001,100,32,2,0.1,0.006925975407163302,0.006727923251070589
gat,0.001,100,32,2,0.2,0.008088457522292931,0.007547240813758372
gat,0.001,100,32,2,0.5,0.011391263993249998,0.008203427849267442
gat,0.001,100,32,3,0.0,0.005275791857598557,0.006690280674440085
gat,0.001,100,32,3,0.1,0.006515350710186694,0.007573017573247132
gat,0.001,100,32,3,0.2,0.007530135764843888,0.006346231016520698
gat,0.001,100,32,3,0.5,0.009895530550016298,0.007677602909140479
gat,0.001,100,32,4,0.0,0.0052452149438775245,0.006299549388508652
gat,0.001,100,32,4,0.1,0.006297910632565617,0.006034667178723941
gat,0.001,100,32,4,0.2,0.00728722508582804,0.006037189833863832
gat,0.001,100,32,4,0.5,0.009050892427977589,0.007375149246888935
gat,0.001,200,4,2,0.0,0.006038614497002628,0.006351289869861998
gat,0.001,200,4,2,0.1,0.00840541608631611,0.0069453526614665865
gat,0.001,200,4,2,0.2,0.008329434568683307,0.00759467287550315
gat,0.001,200,4,2,0.5,0.011674367553657956,0.00950490450040693
gat,0.001,200,4,3,0.0,0.005399789940565824,0.005866739057794312
gat,0.001,200,4,3,0.1,0.007589601476987203,0.006760970643194586
gat,0.001,200,4,3,0.2,0.00685849544695682,0.006650961028509173
gat,0.001,200,4,3,0.5,0.01009525340050459,0.008179992490485954
gat,0.001,200,4,4,0.0,0.005457435765614112,0.006315596278885871
gat,0.001,200,4,4,0.1,0.006495379884209898,0.006175713196207977
gat,0.001,200,4,4,0.2,0.007652413079308139,0.006582593825664773
gat,0.001,200,4,4,0.5,0.010199397636784447,0.00778082042563657
gat,0.001,200,8,2,0.0,0.005858362109089891,0.006300620718037675
gat,0.001,200,8,2,0.1,0.007076854051815139,0.006423243767043929
gat,0.001,200,8,2,0.2,0.007801289639125268,0.006933193062925192
gat,0.001,200,8,2,0.5,0.01215784243411488,0.008775793692703005
gat,0.001,200,8,3,0.0,0.005734570086416271,0.006399457242230966
gat,0.001,200,8,3,0.1,0.006221290512217416,0.0062484386237255055
gat,0.001,200,8,3,0.2,0.00751924825211366,0.006100498063178428
gat,0.001,200,8,3,0.5,0.010316302503148715,0.00829750888999552
gat,0.001,200,8,4,0.0,0.005312912352383137,0.006821537978193714
gat,0.001,200,8,4,0.1,0.006948756302396456,0.006389186198660646
gat,0.001,200,8,4,0.2,0.007512812233633466,0.0074004014359722705
gat,0.001,200,8,4,0.5,0.008826247644093302,0.006597409444701885
gat,0.001,200,16,2,0.0,0.005167171669503053,0.005776809274314165
gat,0.001,200,16,2,0.1,0.006687684998744064,0.006427512085661391
gat,0.001,200,16,2,0.2,0.007953258396850692,0.0066670006054846635
gat,0.001,200,16,2,0.5,0.01210924025831951,0.009448705021686266
gat,0.001,200,16,3,0.0,0.005132654847370253,0.006714817434787079
gat,0.001,200,16,3,0.1,0.006532424222677946,0.006013557991575902
gat,0.001,200,16,3,0.2,0.00694923915175928,0.006805154597175278
gat,0.001,200,16,3,0.5,0.00950775665955411,0.008018337747250914
gat,0.001,200,16,4,0.0,0.004516803356818855,0.006274621789934209
gat,0.001,200,16,4,0.1,0.005482058847943941,0.006441119292400743
gat,0.001,200,16,4,0.2,0.006362000402684013,0.005506171004537852
gat,0.001,200,16,4,0.5,0.008958710812860066,0.006443579387374165
gat,0.001,200,32,2,0.0,0.005756162634740273,0.00807249551812277
gat,0.001,200,32,2,0.1,0.006606851249105401,0.00683553252053184
gat,0.001,200,32,2,0.2,0.007265091366651985,0.0061529730706244125
gat,0.001,200,32,2,0.5,0.011805976720319853,0.00923509572350385
gat,0.001,200,32,3,0.0,0.004723467119038105,0.005976234185820428
gat,0.001,200,32,3,0.1,0.006261697721978029,0.005932374427582409
gat,0.001,200,32,3,0.2,0.007312052583114968,0.006994317525687599
gat,0.001,200,32,3,0.5,0.009650303216444122,0.008086733169005189
gat,0.001,200,32,4,0.0,0.004857211953235997,0.006644246265927389
gat,0.001,200,32,4,0.1,0.005783987945566575,0.005331955427184632
gat,0.001,200,32,4,0.2,0.006407259849624501,0.005296234503491615
gat,0.001,200,32,4,0.5,0.00830025803297758,0.0063211122262804235
gat,0.001,300,4,2,0.0,0.005678162289162477,0.006096963047929815
gat,0.001,300,4,2,0.1,0.007041554380622175,0.006742999677861139
gat,0.001,300,4,2,0.2,0.00841411186589135,0.00730285378425064
gat,0.001,300,4,2,0.5,0.0122181110497978,0.009135403414237598
gat,0.001,300,4,3,0.0,0.005350611534797483,0.006449673329107619
gat,0.001,300,4,3,0.1,0.007160191434539027,0.006753257843433435
gat,0.001,300,4,3,0.2,0.007212330028414727,0.00647503356384771
gat,0.001,300,4,3,0.5,0.009737006750785641,0.008073050319280383
gat,0.001,300,4,4,0.0,0.005539038166817691,0.006594226372411249
gat,0.001,300,4,4,0.1,0.006685825789140331,0.006167973684143213
gat,0.001,300,4,4,0.2,0.007105518142796225,0.0063692108590677424
gat,0.001,300,4,4,0.5,0.008693175328274568,0.0070391785175993645
gat,0.001,300,8,2,0.0,0.005663091823872593,0.006445577089052979
gat,0.001,300,8,2,0.1,0.007009286785291301,0.006640895171818606
gat,0.001,300,8,2,0.2,0.006849865522235632,0.006544064613984979
gat,0.001,300,8,2,0.5,0.011457002701030837,0.008538966522784897
gat,0.001,300,8,3,0.0,0.0048360321670770645,0.0056907936782227605
gat,0.001,300,8,3,0.1,0.006240160183774101,0.00630187522957657
gat,0.001,300,8,3,0.2,0.0064484090130362244,0.005978593034167012
gat,0.001,300,8,3,0.5,0.010356570324963994,0.008205687176560695
gat,0.001,300,8,4,0.0,0.005203774405850304,0.006031140328599194
gat,0.001,300,8,4,0.1,0.005707847409778171,0.0055625334645639235
gat,0.001,300,8,4,0.2,0.006333805951807234,0.005374623847987902
gat,0.001,300,8,4,0.5,0.009334572239054574,0.007425570850447283
gat,0.001,300,16,2,0.0,0.005202755870090591,0.005792309228015213
gat,0.001,300,16,2,0.1,0.006573906468434467,0.005897775511464443
gat,0.001,300,16,2,0.2,0.007811289942926831,0.0064751538303164935
gat,0.001,300,16,2,0.5,0.010880162008106709,0.008087989501839931
gat,0.001,300,16,3,0.0,0.004485466424375773,0.006089767692119885
gat,0.001,300,16,3,0.1,0.005295310748947991,0.005644337421599577
gat,0.001,300,16,3,0.2,0.006785151321027014,0.006336123350435141
gat,0.001,300,16,3,0.5,0.008732506756981213,0.007695741792531585
gat,0.001,300,16,4,0.0,0.004451308585703373,0.006212694751072867
gat,0.001,300,16,4,0.1,0.005177035120626291,0.005354858883894242
gat,0.001,300,16,4,0.2,0.0060114342926277054,0.0051709715309272266
gat,0.001,300,16,4,0.5,0.009127192044009766,0.005956837283979244
gat,0.001,300,32,2,0.0,0.005534609759019481,0.006831011378783747
gat,0.001,300,32,2,0.1,0.0070412385173969794,0.007133063582222476
gat,0.001,300,32,2,0.2,0.007052131038573053,0.0060064541103507455
gat,0.001,300,32,2,0.5,0.011836688427461519,0.00921233520665048
gat,0.001,300,32,3,0.0,0.004499188365621699,0.0061906657043634405
gat,0.001,300,32,3,0.1,0.005627441054417028,0.006515734143586549
gat,0.001,300,32,3,0.2,0.006412317831483152,0.005857371144382473
gat,0.001,300,32,3,0.5,0.008558079993559255,0.007616102276454128
gat,0.001,300,32,4,0.0,0.0044086826654771965,0.007766257346445116
gat,0.001,300,32,4,0.1,0.004501822435607513,0.005517624195575532
gat,0.001,300,32,4,0.2,0.0050651201253963845,0.005350399689664531
gat,0.001,300,32,4,0.5,0.007389093873401483,0.005509658118666128
gat,0.001,50,4,2,0.0,0.011018049137459861,0.012027620581468512
gat,0.001,50,4,2,0.1,0.007831276466863022,0.006884041517830242
gat,0.001,50,4,2,0.2,0.01439050030377176,0.01399918390319448
gat,0.001,50,4,2,0.5,0.017513691551155515,0.01615457152076296
gat,0.001,50,4,3,0.0,0.00700903246179223,0.007511784990433257
gat,0.001,50,4,3,0.1,0.006889969213969178,0.007038748478204871
gat,0.001,50,4,3,0.2,0.010327138689657052,0.009259927466301065
gat,0.001,50,4,3,0.5,0.012163917658229668,0.009048616386629616
gat,0.001,50,4,4,0.0,0.006476158431420724,0.0067449102279185215
gat,0.001,50,4,4,0.1,0.007276994300385317,0.007195149765097763
gat,0.001,50,4,4,0.2,0.009310663791580333,0.007867468827489876
gat,0.001,50,4,4,0.5,0.013106899832685788,0.010583757774920443
gat,0.001,50,8,2,0.0,0.006034206003985471,0.006122672448500866
gat,0.001,50,8,2,0.1,0.008239515663848982,0.007028365962459415
gat,0.001,50,8,2,0.2,0.009937720476753183,0.01008346137871421
gat,0.001,50,8,2,0.5,0.014220908863676919,0.012794269797471114
gat,0.001,50,8,3,0.0,0.00648179424719678,0.007073553329405446
gat,0.001,50,8,3,0.1,0.006733750096625752,0.006978559125481088
gat,0.001,50,8,3,0.2,0.009356423053476545,0.007902290693193769
gat,0.001,50,8,3,0.5,0.010447496962216165,0.009231948226665686
gat,0.001,50,8,4,0.0,0.006139380060550239,0.0066242004470729475
gat,0.001,50,8,4,0.1,0.007570009471641647,0.007043343544077185
gat,0.001,50,8,4,0.2,0.007705876945207516,0.007386743914057558
gat,0.001,50,8,4,0.5,0.010023683475123512,0.008766241297544507
gat,0.001,50,16,2,0.0,0.006026059197675851,0.0064286893598816345
gat,0.001,50,16,2,0.1,0.008617660423947706,0.006837287327347496
gat,0.001,50,16,2,0.2,0.008515347302373912,0.008451430029437667
gat,0.001,50,16,2,0.5,0.010910847038030625,0.00983490326564962
gat,0.001,50,16,3,0.0,0.005976469080067343,0.006727816327149938
gat,0.001,50,16,3,0.1,0.0070066080014738776,0.006548131261471024
gat,0.001,50,16,3,0.2,0.008139272292868958,0.008533603836853509
gat,0.001,50,16,3,0.5,0.010349225501219432,0.008949483228115817
gat,0.001,50,16,4,0.0,0.006079811188909743,0.006822019992510864
gat,0.001,50,16,4,0.1,0.007020225582851304,0.006776374832406629
gat,0.001,50,16,4,0.2,0.007575025264587667,0.00709999196186486
gat,0.001,50,16,4,0.5,0.009785551660590702,0.008652378553564443
gat,0.001,50,32,2,0.0,0.0058813371281656954,0.006766141305485651
gat,0.001,50,32,2,0.1,0.007349652631415261,0.007416121190069114
gat,0.001,50,32,2,0.2,0.008476993400189611,0.007242876740936511
gat,0.001,50,32,2,0.5,0.011255562015705638,0.011161940852636243
gat,0.001,50,32,3,0.0,0.005891145320816173,0.007241246086317266
gat,0.001,50,32,3,0.1,0.0071142606023285124,0.006649535699371989
gat,0.001,50,32,3,0.2,0.007747359698017439,0.007761618370184409
gat,0.001,50,32,3,0.5,0.010091514802641338,0.008560201496947185
gat,0.001,50,32,4,0.0,0.005592932096785969,0.00617090839308263
gat,0.001,50,32,4,0.1,0.0068373863585293295,0.006413767518928281
gat,0.001,50,32,4,0.2,0.007671867993970712,0.007005741625610895
gat,0.001,50,32,4,0.5,0.009184088350998031,0.00758738970242423
gat,0.001,100,4,2,0.0,0.006036907744904359,0.006437893366627456
gat,0.001,100,4,2,0.1,0.007938978179461426,0.006755284801440919
gat,0.001,100,4,2,0.2,0.009332340107195906,0.00770136093666276
gat,0.001,100,4,2,0.5,0.011409729491505358,0.010828125663093435
gat,0.001,100,4,3,0.0,0.006002115344421731,0.006549868185219521
gat,0.001,100,4,3,0.1,0.007466117654823594,0.0071732889634768425
gat,0.001,100,4,3,0.2,0.007751803017324871,0.007307779440735729
gat,0.001,100,4,3,0.5,0.010502107275856865,0.009014176602543712
gat,0.001,100,4,4,0.0,0.005763642334689696,0.00671026024068413
gat,0.001,100,4,4,0.1,0.007672574453883701,0.006827825881626737
gat,0.001,100,4,4,0.2,0.008313063852902916,0.007265480805320146
gat,0.001,100,4,4,0.5,0.010535124213331276,0.008609488214237548
gat,0.001,100,8,2,0.0,0.0059513496493713725,0.005747418809156102
gat,0.001,100,8,2,0.1,0.007862616785698467,0.006838646901360601
gat,0.001,100,8,2,0.2,0.008414149284362793,0.007497948693826051
gat,0.001,100,8,2,0.5,0.011502760876384046,0.009877644897255622
gat,0.001,100,8,3,0.0,0.005884873101280795,0.006739210765286274
gat,0.001,100,8,3,0.1,0.00701045639709466,0.006910583137565429
gat,0.001,100,8,3,0.2,0.008045067565722598,0.007457179240895862
gat,0.001,100,8,3,0.5,0.010261624797971712,0.008892330860452824
gat,0.001,100,8,4,0.0,0.006143612062765492,0.0071598125665278236
gat,0.001,100,8,4,0.1,0.00705550681385729,0.006530098155015396
gat,0.001,100,8,4,0.2,0.007158442979885472,0.006799774304502492
gat,0.001,100,8,4,0.5,0.009870797126657433,0.008321634668798894
gat,0.001,100,16,2,0.0,0.005725516296095318,0.006365949060356635
gat,0.001,100,16,2,0.1,0.007144894316378567,0.006909769584429992
gat,0.001,100,16,2,0.2,0.008683343314462237,0.0073129956233774825
gat,0.001,100,16,2,0.5,0.012535781951414214,0.010076042911192951
gat,0.001,100,16,3,0.0,0.005573087237361405,0.006402987343147459
gat,0.001,100,16,3,0.1,0.006790581780175368,0.0069562217629182575
gat,0.001,100,16,3,0.2,0.007515355054703024,0.006874729159687676
gat,0.001,100,16,3,0.5,0.010742259253230359,0.00863174143230332
gat,0.001,100,16,4,0.0,0.005450449656281206,0.006713983271941104
gat,0.001,100,16,4,0.1,0.0062498384258813326,0.00690038780299238
gat,0.001,100,16,4,0.2,0.0068987066340115335,0.006622907943102607
gat,0.001,100,16,4,0.5,0.008503907432572708,0.0077794312196314275
gat,0.001,100,32,2,0.0,0.0054711485488547216,0.006423428470143477
gat,0.001,100,32,2,0.1,0.007077821468313535,0.006934475274068963
gat,0.001,100,32,2,0.2,0.007912717718217109,0.007131131898805721
gat,0.001,100,32,2,0.5,0.011161034843987888,0.009147913390674245
gat,0.001,100,32,3,0.0,0.005470001676844226,0.007116405850199325
gat,0.001,100,32,3,0.1,0.0065766172380083135,0.006386027175847376
gat,0.001,100,32,3,0.2,0.00723468576454454,0.008197952394481445
gat,0.001,100,32,3,0.5,0.010271974239084455,0.00923993124925675
gat,0.001,100,32,4,0.0,0.005298343212861154,0.006269195692543162
gat,0.001,100,32,4,0.1,0.005950297518736786,0.0063408707358191705
gat,0.001,100,32,4,0.2,0.006603253311995003,0.007262992406508873
gat,0.001,100,32,4,0.5,0.009158867845932643,0.007544696103977988
gat,0.001,200,4,2,0.0,0.005900735252847274,0.006405466073803212
gat,0.001,200,4,2,0.1,0.006828404197262393,0.00648162012329998
gat,0.001,200,4,2,0.2,0.008899727091193198,0.007481148035215069
gat,0.001,200,4,2,0.5,0.011958432921932802,0.010523131245110506
gat,0.001,200,4,3,0.0,0.005654828974770175,0.0062845957078446315
gat,0.001,200,4,3,0.1,0.007154292789184385,0.006774767610143173
gat,0.001,200,4,3,0.2,0.00821934367219607,0.007594527962905428
gat,0.001,200,4,3,0.5,0.010735685254136722,0.008460567385804496
gat,0.001,200,4,4,0.0,0.005575190815660689,0.006682240203129841
gat,0.001,200,4,4,0.1,0.007312252889904711,0.0066521965527625015
gat,0.001,200,4,4,0.2,0.007006669323891402,0.006408533742630973
gat,0.001,200,4,4,0.5,0.011495986953377724,0.008053859330654434
gat,0.001,200,8,2,0.0,0.005515707548086842,0.006641448842915509
gat,0.001,200,8,2,0.1,0.007166646539957987,0.00682158456673918
gat,0.001,200,8,2,0.2,0.00808765437040064,0.007041236085199754
gat,0.001,200,8,2,0.5,0.01156651663283507,0.009451751621238924
gat,0.001,200,8,3,0.0,0.005496025582154592,0.006571639033373167
gat,0.001,200,8,3,0.1,0.0066888916306197645,0.006432908157323269
gat,0.001,200,8,3,0.2,0.006943952043851217,0.006811582546569994
gat,0.001,200,8,3,0.5,0.0101640278680457,0.00877640211511388
gat,0.001,200,8,4,0.0,0.005135042861931853,0.005773611013284019
gat,0.001,200,8,4,0.1,0.006542721659772926,0.006248152584219202
gat,0.001,200,8,4,0.2,0.006426843214366171,0.006499886193611038
gat,0.001,200,8,4,0.5,0.008276391360494826,0.007775877594910718
gat,0.001,200,16,2,0.0,0.005435514346592956,0.00606229101290987
gat,0.001,200,16,2,0.1,0.006616036769830518,0.00659845936795993
gat,0.001,200,16,2,0.2,0.008277072788526614,0.007907689032997055
gat,0.001,200,16,2,0.5,0.011366456436614195,0.009174930262159386
gat,0.001,200,16,3,0.0,0.005428645252767536,0.006344232317604881
gat,0.001,200,16,3,0.1,0.006604725795073642,0.006265513737006056
gat,0.001,200,16,3,0.2,0.007465180144127872,0.007224654789376128
gat,0.001,200,16,3,0.5,0.008986220384637514,0.00761545848249352
gat,0.001,200,16,4,0.0,0.004809777231680023,0.005045467637471312
gat,0.001,200,16,4,0.1,0.0061064263805747036,0.006206940967417296
gat,0.001,200,16,4,0.2,0.006002584596474966,0.006541436060414641
gat,0.001,200,16,4,0.5,0.008449886739253998,0.007053538102548296
gat,0.001,200,32,2,0.0,0.005464143347409037,0.006067348365754821
gat,0.001,200,32,2,0.1,0.006999888809190856,0.007647205768509413
gat,0.001,200,32,2,0.2,0.007687417117671834,0.006779496254080563
gat,0.001,200,32,2,0.5,0.011634480953216553,0.010062642256990117
gat,0.001,200,32,3,0.0,0.004489029623154137,0.0055963072456926
gat,0.001,200,32,3,0.1,0.005961916781961918,0.006391313476392391
gat,0.001,200,32,3,0.2,0.0074320911947223876,0.007171556904684917
gat,0.001,200,32,3,0.5,0.00934205838582582,0.008329034673876667
gat,0.001,200,32,4,0.0,0.004316473296946949,0.005860083437184671
gat,0.001,200,32,4,0.1,0.005033668430729045,0.0063187888128315
gat,0.001,200,32,4,0.2,0.0057247711862954825,0.00637545012613192
gat,0.001,200,32,4,0.5,0.008626577216717932,0.007074048082520279
gat,0.001,300,4,2,0.0,0.005447883438318968,0.0062192979386430204
gat,0.001,300,4,2,0.1,0.007107358363767465,0.007440925799102627
gat,0.001,300,4,2,0.2,0.008644748727480571,0.007440375774340979
gat,0.001,300,4,2,0.5,0.010983619611296389,0.010019826844932944
gat,0.001,300,4,3,0.0,0.005885613564815786,0.006980936506195778
gat,0.001,300,4,3,0.1,0.006671135851906406,0.006296682705632506
gat,0.001,300,4,3,0.2,0.007462458105550872,0.007353391593271063
gat,0.001,300,4,3,0.5,0.009856621631317668,0.008767070702264346
gat,0.001,300,4,4,0.0,0.0051852192315790385,0.006011006442015176
gat,0.001,300,4,4,0.1,0.006520028991831674,0.006757493339322828
gat,0.001,300,4,4,0.2,0.007128257118165493,0.006912730805001677
gat,0.001,300,4,4,0.5,0.008815611112448904,0.008291161616773946
gat,0.001,300,8,2,0.0,0.005273684859275818,0.006207678116301718
gat,0.001,300,8,2,0.1,0.00715876587977012,0.007198602096112716
gat,0.001,300,8,2,0.2,0.008569475925630994,0.007302896279631122
gat,0.001,300,8,2,0.5,0.01197268163992299,0.009044254197830282
gat,0.001,300,8,3,0.0,0.005090561840269301,0.006082357994875065
gat,0.001,300,8,3,0.1,0.005760124305056201,0.006097542551824753
gat,0.001,300,8,3,0.2,0.007259815062085787,0.00670766953316273
gat,0.001,300,8,3,0.5,0.008903825531403224,0.007618020943823578
gat,0.001,300,8,4,0.0,0.005104732120202647,0.00571189386897295
gat,0.001,300,8,4,0.1,0.005837823874834511,0.005964122612365586
gat,0.001,300,8,4,0.2,0.00588713124808338,0.0063044455160195636
gat,0.001,300,8,4,0.5,0.00965113209353553,0.007524363984347393
gat,0.001,300,16,2,0.0,0.005146112996670935,0.006264212427743598
gat,0.001,300,16,2,0.1,0.006120655509746737,0.006547583400905332
gat,0.001,300,16,2,0.2,0.007849656366225746,0.006744401388485799
gat,0.001,300,16,2,0.5,0.012093368379606142,0.008934606041508374
gat,0.001,300,16,3,0.0,0.005063347151089046,0.006265830882449319
gat,0.001,300,16,3,0.1,0.0061145524753050675,0.0065397477784199685
gat,0.001,300,16,3,0.2,0.00690148381723298,0.006741755920507142
gat,0.001,300,16,3,0.5,0.009558266504771179,0.007740644400203967
gat,0.001,300,16,4,0.0,0.004365354290025102,0.005544947338329109
gat,0.001,300,16,4,0.1,0.00554623521036572,0.005681331572291559
gat,0.001,300,16,4,0.2,0.005805969817770852,0.006940290238866109
gat,0.001,300,16,4,0.5,0.008748771457208527,0.007098451257836591
gat,0.001,300,32,2,0.0,0.005270185921755102,0.00539743645798414
gat,0.001,300,32,2,0.1,0.005877332399702734,0.006163216400675897
gat,0.001,300,32,2,0.2,0.007329069181448883,0.007246385833663304
gat,0.001,300,32,2,0.5,0.010377060290839938,0.00852205682942293
gat,0.001,300,32,3,0.0,0.004442583221114344,0.0057535007061237705
gat,0.001,300,32,3,0.1,0.005543321019245519,0.005792111935780664
gat,0.001,300,32,3,0.2,0.00731304335511393,0.006348204054944184
gat,0.001,300,32,3,0.5,0.009312437391943401,0.008205275943359892
gat,0.001,300,32,4,0.0,0.004070772489325867,0.006548962332527175
gat,0.001,300,32,4,0.1,0.004553655017581251,0.006060986837882099
gat,0.001,300,32,4,0.2,0.005265640022440089,0.00667258647652409
gat,0.001,300,32,4,0.5,0.008222290977007813,0.007337481317603633
gat,0.001,50,4,2,0.0,0.011096353601250384,0.014628155851198454
gat,0.001,50,4,2,0.1,0.00910419604430596,0.009725163443366403
gat,0.001,50,4,2,0.2,0.014093430505858527,0.016033998319803032
gat,0.001,50,4,2,0.5,0.01783034180601438,0.016909620505219734
gat,0.001,50,4,3,0.0,0.0067003290686342455,0.008087646842092889
gat,0.001,50,4,3,0.1,0.008625465424524413,0.0094033855022712
gat,0.001,50,4,3,0.2,0.008032728700588148,0.007856187916528201
gat,0.001,50,4,3,0.5,0.012186902720067236,0.011242862259273534
gat,0.001,50,4,4,0.0,0.0062765378401511245,0.006912374158942391
gat,0.001,50,4,4,0.1,0.0073878635755843585,0.007598553583656131
gat,0.001,50,4,4,0.2,0.009216307890084055,0.009629542613710762
gat,0.001,50,4,4,0.5,0.011632666923105717,0.012024534387051778
gat,0.001,50,8,2,0.0,0.006097678426239226,0.007753471343693441
gat,0.001,50,8,2,0.1,0.008566600725882584,0.008880218726436717
gat,0.001,50,8,2,0.2,0.008413355518132448,0.008236594503479378
gat,0.001,50,8,2,0.5,0.013169056756628885,0.012262840242298378
gat,0.001,50,8,3,0.0,0.006115570974846681,0.007225448671392631
gat,0.001,50,8,3,0.1,0.008256521634757518,0.007882205829802036
gat,0.001,50,8,3,0.2,0.007789867661065526,0.007731961159090539
gat,0.001,50,8,3,0.5,0.011312021770411067,0.010098640585283935
gat,0.001,50,8,4,0.0,0.006094556612273057,0.006948680416833853
gat,0.001,50,8,4,0.1,0.007906358037143946,0.007589761579105403
gat,0.001,50,8,4,0.2,0.008120172905425231,0.007918758139970561
gat,0.001,50,8,4,0.5,0.011413256968888971,0.009287001472411415
gat,0.001,50,16,2,0.0,0.006170670419103569,0.0074177411113278465
gat,0.001,50,16,2,0.1,0.007599916950696044,0.007647948562299156
gat,0.001,50,16,2,0.2,0.008882919947306315,0.009127334788661411
gat,0.001,50,16,2,0.5,0.012371872779395846,0.012929911382301484
gat,0.001,50,16,3,0.0,0.006313528265390131,0.007694807358181355
gat,0.001,50,16,3,0.1,0.006861607688996527,0.0077157806464996925
gat,0.001,50,16,3,0.2,0.008382154607938395,0.0072691651758904465
gat,0.001,50,16,3,0.5,0.009167841076850891,0.010124658131716858
gat,0.001,50,16,4,0.0,0.006124117784202099,0.00713636310072181
gat,0.001,50,16,4,0.1,0.007176290504220459,0.0072959490041008875
gat,0.001,50,16,4,0.2,0.00790213919762108,0.007952476579817014
gat,0.001,50,16,4,0.5,0.009535508499377303,0.009921507966630383
gat,0.001,50,32,2,0.0,0.006062799298928843,0.007037030839930969
gat,0.001,50,32,2,0.1,0.007279971707612276,0.008022138308173443
gat,0.001,50,32,2,0.2,0.008304785181664758,0.007898389570146703
gat,0.001,50,32,2,0.5,0.013387025230460696,0.013681300140384534
gat,0.001,50,32,3,0.0,0.0060173287573787905,0.007315100086935922
gat,0.001,50,32,3,0.1,0.007101095416065719,0.00847681017588151
gat,0.001,50,32,3,0.2,0.007212255967573987,0.007553718581869906
gat,0.001,50,32,3,0.5,0.010665778401825162,0.00936959902793666
gat,0.001,50,32,4,0.0,0.006046200864430931,0.00636154774916362
gat,0.001,50,32,4,0.1,0.006723652862840228,0.007138458082173238
gat,0.001,50,32,4,0.2,0.007312161258111397,0.007565937169664161
gat,0.001,50,32,4,0.5,0.008853075467050076,0.009734693550363294
gat,0.001,100,4,2,0.0,0.0062808670931392245,0.007759332435403543
gat,0.001,100,4,2,0.1,0.007890551671799686,0.0083212222114323
gat,0.001,100,4,2,0.2,0.009510727061165705,0.009618180082836792
gat,0.001,100,4,2,0.5,0.01258341386500332,0.013621039097850595
gat,0.001,100,4,3,0.0,0.006106971235324939,0.0074777416143745334
gat,0.001,100,4,3,0.1,0.0074007280998759795,0.00769807457363827
gat,0.001,100,4,3,0.2,0.008144773573925098,0.00822183452629226
gat,0.001,100,4,3,0.5,0.01114906801117791,0.009474583597248221
gat,0.001,100,4,4,0.0,0.006364236782408423,0.007371740155961537
gat,0.001,100,4,4,0.1,0.007902434344093006,0.008039710495454978
gat,0.001,100,4,4,0.2,0.007803568037019835,0.008267403719688992
gat,0.001,100,4,4,0.5,0.010576341497815318,0.009629983113633056
gat,0.001,100,8,2,0.0,0.005812497499088447,0.0067254336605890195
gat,0.001,100,8,2,0.1,0.007732045940226979,0.007622230883979597
gat,0.001,100,8,2,0.2,0.00854042541856567,0.008568736529407617
gat,0.001,100,8,2,0.5,0.012167489404479663,0.01185799460681205
gat,0.001,100,8,3,0.0,0.0060840956452820035,0.00748249771566567
gat,0.001,100,8,3,0.1,0.007115452157126533,0.007477711151477351
gat,0.001,100,8,3,0.2,0.0075111017458968695,0.007886122652679805
gat,0.001,100,8,3,0.5,0.010249909717175695,0.008588061839081295
gat,0.001,100,8,4,0.0,0.005885120082853569,0.006926588712484083
gat,0.001,100,8,4,0.1,0.007267131056222651,0.007506428391439624
gat,0.001,100,8,4,0.2,0.007531215540236897,0.007574683646214187
gat,0.001,100,8,4,0.5,0.009967149173219999,0.008708592243753444
gat,0.001,100,16,2,0.0,0.00592600115471416,0.007032297612506344
gat,0.001,100,16,2,0.1,0.008137641640173065,0.008215354805410979
gat,0.001,100,16,2,0.2,0.007712147115833229,0.008569589742015205
gat,0.001,100,16,2,0.5,0.011231904952890344,0.011097015770087305
gat,0.001,100,16,3,0.0,0.005864691227260563,0.007223535156048677
gat,0.001,100,16,3,0.1,0.006603546916610665,0.007601834762612647
gat,0.001,100,16,3,0.2,0.007673295338948568,0.007765937027308567
gat,0.001,100,16,3,0.5,0.010898873468654023,0.009823062601757138
gat,0.001,100,16,4,0.0,0.005949235479864809,0.006906705905385224
gat,0.001,100,16,4,0.1,0.0067691831746035155,0.0070684892784133035
gat,0.001,100,16,4,0.2,0.007049806271162298,0.007628247453446857
gat,0.001,100,16,4,0.5,0.00919853796561559,0.00832749929909602
gat,0.001,100,32,2,0.0,0.0058576791340278255,0.007486271289691903
gat,0.001,100,32,2,0.1,0.0072132474121948086,0.007709922881423736
gat,0.001,100,32,2,0.2,0.008603194252484375,0.008477584041397002
gat,0.001,100,32,2,0.5,0.011617710524135166,0.012535793963686915
gat,0.001,100,32,3,0.0,0.005382764608495765,0.007636345420303159
gat,0.001,100,32,3,0.1,0.006406714601649178,0.007876222953667255
gat,0.001,100,32,3,0.2,0.007457027284221517,0.009711518363450211
gat,0.001,100,32,3,0.5,0.009236425099273523,0.009437967141489256
gat,0.001,100,32,4,0.0,0.005413325803561343,0.008451609405197425
gat,0.001,100,32,4,0.1,0.00624207141291764,0.007349280151756088
gat,0.001,100,32,4,0.2,0.0061162043362855915,0.007528392076956281
gat,0.001,100,32,4,0.5,0.008362420296503439,0.008835274229123802
gat,0.001,200,4,2,0.0,0.005840416738970412,0.006362119608784434
gat,0.001,200,4,2,0.1,0.007440039505147272,0.007045203485178142
gat,0.001,200,4,2,0.2,0.008886559235139025,0.008993249666115966
gat,0.001,200,4,2,0.5,0.011040618705252806,0.012184439322581864
gat,0.001,200,4,3,0.0,0.005975212487909529,0.007279555092181767
gat,0.001,200,4,3,0.1,0.00728014622711473,0.007501598021976208
gat,0.001,200,4,3,0.2,0.007583207947512468,0.007917504484193571
gat,0.001,200,4,3,0.5,0.010614557274513775,0.009373473884118955
gat,0.001,200,4,4,0.0,0.005306586323099004,0.00651634369507248
gat,0.001,200,4,4,0.1,0.006848015796600116,0.0070067946823468615
gat,0.001,200,4,4,0.2,0.007260313873282737,0.0074161277650145905
gat,0.001,200,4,4,0.5,0.009919935030241807,0.009322399572457573
gat,0.001,200,8,2,0.0,0.005732314650797181,0.0069708214750354046
gat,0.001,200,8,2,0.1,0.006815453623938892,0.007016400664731126
gat,0.001,200,8,2,0.2,0.008664136421349314,0.008747051562201857
gat,0.001,200,8,2,0.5,0.011058334064566426,0.012532795448896494
gat,0.001,200,8,3,0.0,0.005496893181569046,0.006351943761544665
gat,0.001,200,8,3,0.1,0.00635432702385717,0.007190404457137589
gat,0.001,200,8,3,0.2,0.007109388046794467,0.007697980955801409
gat,0.001,200,8,3,0.5,0.009808756845692794,0.009920012637972864
gat,0.001,200,8,4,0.0,0.005196976972122987,0.006122271721785766
gat,0.001,200,8,4,0.1,0.005734565585023827,0.007139072324754992
gat,0.001,200,8,4,0.2,0.0069945777042044535,0.0075499027922586006
gat,0.001,200,8,4,0.5,0.009133382731427749,0.00858290393708323
gat,0.001,200,16,2,0.0,0.005396985531681114,0.005819536872855214
gat,0.001,200,16,2,0.1,0.0076472702332668835,0.007905444696569685
gat,0.001,200,16,2,0.2,0.008460180213054022,0.009204047603214072
gat,0.001,200,16,2,0.5,0.011260114113489787,0.01182723794674152
gat,0.001,200,16,3,0.0,0.004982487671077252,0.006187936834910967
gat,0.001,200,16,3,0.1,0.00653576600468821,0.007754828715302508
gat,0.001,200,16,3,0.2,0.007308542583551672,0.007536313143370776
gat,0.001,200,16,3,0.5,0.00911193299624655,0.009018704080748207
gat,0.001,200,16,4,0.0,0.005239462210900254,0.0064884368285604175
gat,0.001,200,16,4,0.1,0.006116304556942649,0.0076003302361175255
gat,0.001,200,16,4,0.2,0.006928547637330161,0.007252901093873221
gat,0.001,200,16,4,0.5,0.008387699185146227,0.007992726025143716
gat,0.001,200,32,2,0.0,0.005274190432909462,0.0055789711684633096
gat,0.001,200,32,2,0.1,0.006998290307819843,0.008454555635342587
gat,0.001,200,32,2,0.2,0.008113380976849133,0.008202300929707395
gat,0.001,200,32,2,0.5,0.011751160253253248,0.011367380040576002
gat,0.001,200,32,3,0.0,0.005049830147375663,0.0070221507175022065
gat,0.001,200,32,3,0.1,0.0061098221896423235,0.007331023670004755
gat,0.001,200,32,3,0.2,0.006791727477684617,0.007956173782348874
gat,0.001,200,32,3,0.5,0.0088529280697306,0.00890837295028224
gat,0.001,200,32,4,0.0,0.004434473398658965,0.008647299115138929
gat,0.001,200,32,4,0.1,0.005493876193132665,0.0072396021271949
gat,0.001,200,32,4,0.2,0.005596808902919292,0.005565412851740103
gat,0.001,200,32,4,0.5,0.008791158938159545,0.007582333781592787
gat,0.001,300,4,2,0.0,0.005885380123638444,0.007409357263066063
gat,0.001,300,4,2,0.1,0.008227342574132813,0.007920954373976396
gat,0.001,300,4,2,0.2,0.008159626751310295,0.007588965079581756
gat,0.001,300,4,2,0.5,0.01197284853292836,0.011919783427039055
gat,0.001,300,4,3,0.0,0.005238409547342194,0.006942997266779116
gat,0.001,300,4,3,0.1,0.006410190721766816,0.006695686968091264
gat,0.001,300,4,3,0.2,0.007158031894101037,0.008423117108222411
gat,0.001,300,4,3,0.5,0.010220426465902063,0.009761446035635158
gat,0.001,300,4,4,0.0,0.005134459202074343,0.006720820015921114
gat,0.001,300,4,4,0.1,0.006363051074246565,0.007113394902369574
gat,0.001,300,4,4,0.2,0.007158046960830689,0.007623387415946525
gat,0.001,300,4,4,0.5,0.009603159419364399,0.009261453158235278
gat,0.001,300,8,2,0.0,0.0054271115610996885,0.006386745674682381
gat,0.001,300,8,2,0.1,0.0065603928330043955,0.007071810864795048
gat,0.001,300,8,2,0.2,0.008698008644084135,0.008829830200477163
gat,0.001,300,8,2,0.5,0.01151015166607168,0.01135318050918983
gat,0.001,300,8,3,0.0,0.004928983985963795,0.006416426333310387
gat,0.001,300,8,3,0.1,0.006236905169983705,0.007111410249230854
gat,0.001,300,8,3,0.2,0.006961545906960964,0.007742620284849289
gat,0.001,300,8,3,0.5,0.00926839934868945,0.00911755167586421
gat,0.001,300,8,4,0.0,0.004552716854959726,0.006439352321666725
gat,0.001,300,8,4,0.1,0.006228594264636437,0.0064556021546996025
gat,0.001,300,8,4,0.2,0.006210700557049777,0.007296886216390885
gat,0.001,300,8,4,0.5,0.007976762557195292,0.007817351001281758
gat,0.001,300,16,2,0.0,0.0052564958834813704,0.005835986461061005
gat,0.001,300,16,2,0.1,0.006373408995568752,0.006884743577519203
gat,0.001,300,16,2,0.2,0.0072267890493902896,0.007742668649867057
gat,0.001,300,16,2,0.5,0.011902954801917076,0.012820669790806271
gat,0.001,300,16,3,0.0,0.004321808461099863,0.006314846676367147
gat,0.001,300,16,3,0.1,0.006077116225949592,0.007278404380297254
gat,0.001,300,16,3,0.2,0.006253240526550346,0.007153914004048634
gat,0.001,300,16,3,0.5,0.00932973919229375,0.008405914654581537
gat,0.001,300,16,4,0.0,0.004058104163656632,0.00681766272840143
gat,0.001,300,16,4,0.1,0.004706814357390007,0.008187379167147579
gat,0.001,300,16,4,0.2,0.005850182473659515,0.006029116993608708
gat,0.001,300,16,4,0.5,0.007591610298388534,0.007186135394631088
gat,0.001,300,32,2,0.0,0.004781424761232403,0.006071670283788078
gat,0.001,300,32,2,0.1,0.006260248811708557,0.006494696202057981
gat,0.001,300,32,2,0.2,0.006265976362758213,0.007034422976347798
gat,0.001,300,32,2,0.5,0.010362048757572968,0.009921737363287008
gat,0.001,300,32,3,0.0,0.004385364712733361,0.009995672787737187
gat,0.001,300,32,3,0.1,0.005754342354420159,0.0071103451396665966
gat,0.001,300,32,3,0.2,0.006793489182988803,0.008665665269830859
gat,0.001,300,32,3,0.5,0.009178502236803372,0.00904010190967508
gat,0.001,300,32,4,0.0,0.004170526181244188,0.007030623071319564
gat,0.001,300,32,4,0.1,0.004533501176370515,0.007436889016227544
gat,0.001,300,32,4,0.2,0.005548707281963693,0.006722014069029303
gat,0.001,300,32,4,0.5,0.008276936132460833,0.007318405663652783
gat,0.001,50,4,2,0.0,0.00711788632389572,0.005970509761620812
gat,0.001,50,4,2,0.1,0.011919467875527012,0.008272088971809598
gat,0.001,50,4,2,0.2,0.013123289061089357,0.009770498776306558
gat,0.001,50,4,2,0.5,0.016522057137141624,0.013411311160604743
gat,0.001,50,4,3,0.0,0.006204177263296313,0.006249255613386628
gat,0.001,50,4,3,0.1,0.009233759198751714,0.005318853128344436
gat,0.001,50,4,3,0.2,0.010371022650765048,0.005698276479449338
gat,0.001,50,4,3,0.5,0.011305846573991907,0.006798663910091962
gat,0.001,50,4,4,0.0,0.006343555833316512,0.006284699402138411
gat,0.001,50,4,4,0.1,0.008657716297441059,0.005825202244249805
gat,0.001,50,4,4,0.2,0.008688101296623547,0.005682873632056084
gat,0.001,50,4,4,0.5,0.013109854691558414,0.006304653899097934
gat,0.001,50,8,2,0.0,0.006530892290174961,0.005898326632085405
gat,0.001,50,8,2,0.1,0.009023635793063376,0.005622863367134645
gat,0.001,50,8,2,0.2,0.008578264402846496,0.0057243467879187545
gat,0.001,50,8,2,0.5,0.012490004497683711,0.00831452466197249
gat,0.001,50,8,3,0.0,0.00630386509001255,0.0056944442418179085
gat,0.001,50,8,3,0.1,0.007547848661326699,0.005762740479913075
gat,0.001,50,8,3,0.2,0.008334394978980223,0.005436556499249012
gat,0.001,50,8,3,0.5,0.011139541926483313,0.006001486057408046
gat,0.001,50,8,4,0.0,0.006165723274979326,0.006087664577338381
gat,0.001,50,8,4,0.1,0.006863874259094397,0.005623026462493308
gat,0.001,50,8,4,0.2,0.008234452311363485,0.00596806225414781
gat,0.001,50,8,4,0.5,0.009949379962765507,0.0058000929084691235
gat,0.001,50,16,2,0.0,0.0061582766680253875,0.005457885806032903
gat,0.001,50,16,2,0.1,0.007909990805718635,0.005650539750500316
gat,0.001,50,16,2,0.2,0.009121051378962066,0.005809963302484467
gat,0.001,50,16,2,0.5,0.013107273893223869,0.007762074731697344
gat,0.001,50,16,3,0.0,0.006094838740924994,0.005729919963711749
gat,0.001,50,16,3,0.1,0.007207717094570398,0.005662657528566073
gat,0.001,50,16,3,0.2,0.0076715950336721205,0.005390795658549941
gat,0.001,50,16,3,0.5,0.011313956841412518,0.005795872640667099
gat,0.001,50,16,4,0.0,0.005933056564794647,0.006199515823294766
gat,0.001,50,16,4,0.1,0.007498813172181447,0.005653464960598775
gat,0.001,50,16,4,0.2,0.0077570929088526305,0.005747722125111143
gat,0.001,50,16,4,0.5,0.009621195350256231,0.005860012218284316
gat,0.001,50,32,2,0.0,0.006103406298077769,0.006650231301281307
gat,0.001,50,32,2,0.1,0.007926403617279396,0.005702912362733325
gat,0.001,50,32,2,0.2,0.008892665751692322,0.005629259112817442
gat,0.001,50,32,2,0.5,0.011567032585541407,0.007924268637968291
gat,0.001,50,32,3,0.0,0.006028039815525214,0.005817291824605114
gat,0.001,50,32,3,0.1,0.0064934018792377575,0.006727269294206817
gat,0.001,50,32,3,0.2,0.007684450969099999,0.005527027155732123
gat,0.001,50,32,3,0.5,0.010608722517887751,0.00559445621230843
gat,0.001,50,32,4,0.0,0.00582435877683262,0.006662748737594764
gat,0.001,50,32,4,0.1,0.0066441954010062745,0.005670417305396835
gat,0.001,50,32,4,0.2,0.007480033218032784,0.005669296217708841
gat,0.001,50,32,4,0.5,0.010442341284619436,0.00588115917666372
gat,0.001,100,4,2,0.0,0.006182581165598499,0.006214689312804539
gat,0.001,100,4,2,0.1,0.008473559831165605,0.005999330649301382
gat,0.001,100,4,2,0.2,0.008859014630110728,0.006099350355040678
gat,0.001,100,4,2,0.5,0.012500715773138734,0.008084795208680818
gat,0.001,100,4,3,0.0,0.0061844696394271325,0.006928394834561547
gat,0.001,100,4,3,0.1,0.007963271790908442,0.0060544478158673035
gat,0.001,100,4,3,0.2,0.008510750201013353,0.005668757672845892
gat,0.001,100,4,3,0.5,0.011640189463893573,0.005834144491496751
gat,0.001,100,4,4,0.0,0.006211427495711379,0.006669162588794381
gat,0.001,100,4,4,0.1,0.008307892580827076,0.005383425309949041
gat,0.001,100,4,4,0.2,0.007921261092027029,0.005644757133268841
gat,0.001,100,4,4,0.5,0.009772016149428155,0.005492497665492646
gat,0.001,100,8,2,0.0,0.006302178299261464,0.006522333006125864
gat,0.001,100,8,2,0.1,0.008148447796702384,0.00573411025877082
gat,0.001,100,8,2,0.2,0.008906555320653651,0.005485650376136353
gat,0.001,100,8,2,0.5,0.012956060800287458,0.007809379416282014
gat,0.001,100,8,3,0.0,0.006032103714015749,0.005855908368083385
gat,0.001,100,8,3,0.1,0.006941334447926945,0.0051314942934636894
gat,0.001,100,8,3,0.2,0.007715811352762911,0.005664005991145027
gat,0.001,100,8,3,0.5,0.01103862025257614,0.005837280807361589
gat,0.001,100,8,4,0.0,0.005659887950039572,0.006373589774622995
gat,0.001,100,8,4,0.1,0.006654424158235391,0.00584984680607461
gat,0.001,100,8,4,0.2,0.007268384036918481,0.006194525525751749
gat,0.001,100,8,4,0.5,0.01043905810608218,0.00543711179130808
gat,0.001,100,16,2,0.0,0.005893421038571331,0.006901307276967078
gat,0.001,100,16,2,0.1,0.007790444501572185,0.005408675300713583
gat,0.001,100,16,2,0.2,0.008555450890627172,0.005978315586909089
gat,0.001,100,16,2,0.5,0.0122080078555478,0.007546881979022424
gat,0.001,100,16,3,0.0,0.0055364371380872196,0.006430343150936069
gat,0.001,100,16,3,0.1,0.006740103439531393,0.006013272855217444
gat,0.001,100,16,3,0.2,0.007226796862151888,0.005707886327403089
gat,0.001,100,16,3,0.5,0.011128423885545797,0.005781916863560022
gat,0.001,100,16,4,0.0,0.005610981428374847,0.00581748797711763
gat,0.001,100,16,4,0.1,0.006960405947433578,0.005458541205335199
gat,0.001,100,16,4,0.2,0.008026390170885456,0.006166236952128501
gat,0.001,100,16,4,0.5,0.00967330936756399,0.006045983191385362
gat,0.001,100,32,2,0.0,0.0060528366412553524,0.006386066394746997
gat,0.001,100,32,2,0.1,0.006981461370984713,0.005328207201679746
gat,0.001,100,32,2,0.2,0.00888563303483857,0.005762036604796373
gat,0.001,100,32,2,0.5,0.010811905355917082,0.007862042864738438
gat,0.001,100,32,3,0.0,0.0053812948986887935,0.006316866669669935
gat,0.001,100,32,3,0.1,0.006535498177011808,0.0059441281589186264
gat,0.001,100,32,3,0.2,0.00734201076750954,0.00575624002082602
gat,0.001,100,32,3,0.5,0.010189671545392937,0.0053966197719309324
gat,0.001,100,32,4,0.0,0.005234823624293009,0.005283187673764328
gat,0.001,100,32,4,0.1,0.006230969504556722,0.006567594321730952
gat,0.001,100,32,4,0.2,0.006513645810385545,0.006410501559448889
gat,0.001,100,32,4,0.5,0.008744012285023927,0.006454436840852495
gat,0.001,200,4,2,0.0,0.005966066237952974,0.006639800970508763
gat,0.001,200,4,2,0.1,0.008418242716126971,0.005714067119047183
gat,0.001,200,4,2,0.2,0.008758343797590997,0.00589100613462028
gat,0.001,200,4,2,0.5,0.01168182243903478,0.0075547878067829585
gat,0.001,200,4,3,0.0,0.005979024820650617,0.006139418033799271
gat,0.001,200,4,3,0.1,0.007136028011639913,0.005737378036117624
gat,0.001,200,4,3,0.2,0.008333191172116332,0.005629444086943014
gat,0.001,200,4,3,0.5,0.010131243243813514,0.005760479279423536
gat,0.001,200,4,4,0.0,0.005857188078678317,0.006799788877543627
gat,0.001,200,4,4,0.1,0.0068405672131727135,0.006106964354484412
gat,0.001,200,4,4,0.2,0.0074155418202281,0.00602524624005083
gat,0.001,200,4,4,0.5,0.010110446107056406,0.005565272957461187
gat,0.001,200,8,2,0.0,0.00566449546151691,0.0057662657817514115
gat,0.001,200,8,2,0.1,0.007399453491800361,0.005641773194917499
gat,0.001,200,8,2,0.2,0.009117872537010246,0.005581459301295877
gat,0.001,200,8,2,0.5,0.011423517039252653,0.006278197470101721
gat,0.001,200,8,3,0.0,0.005310604886876212,0.006080284513165002
gat,0.001,200,8,3,0.1,0.006776469118065304,0.005612570398185479
gat,0.001,200,8,3,0.2,0.0069777158916824395,0.005225030345591031
gat,0.001,200,8,3,0.5,0.010335979527897304,0.005796970643004618
gat,0.001,200,8,4,0.0,0.005360446870326996,0.005119122589109365
gat,0.001,200,8,4,0.1,0.006565024331212044,0.006006005675153347
gat,0.001,200,8,4,0.2,0.0074253374089797335,0.005813765967657414
gat,0.001,200,8,4,0.5,0.009132613272716602,0.006173037852582231
gat,0.001,200,16,2,0.0,0.0055271280101603934,0.006046989886056786
gat,0.001,200,16,2,0.1,0.006829839158389303,0.004999753936993234
gat,0.001,200,16,2,0.2,0.007950545599063238,0.006215401367508933
gat,0.001,200,16,2,0.5,0.010583335906267166,0.007808427831369013
gat,0.001,200,16,3,0.0,0.0051395552957223525,0.0063801715541613735
gat,0.001,200,16,3,0.1,0.006537501431173749,0.00540490716811628
gat,0.001,200,16,3,0.2,0.007540793696211444,0.006638566577973237
gat,0.001,200,16,3,0.5,0.01031565736565325,0.005577647529750629
gat,0.001,200,16,4,0.0,0.004776491328246064,0.0053108877907755755
gat,0.001,200,16,4,0.1,0.005945943999621603,0.005727096119987896
gat,0.001,200,16,4,0.2,0.006727971012393633,0.005971450273229739
gat,0.001,200,16,4,0.5,0.008727228962298897,0.005419904911539231
gat,0.001,200,32,2,0.0,0.005444927824040254,0.005340816545035621
gat,0.001,200,32,2,0.1,0.007234994094404909,0.005248475659847362
gat,0.001,200,32,2,0.2,0.007798861484560701,0.00599404326667452
gat,0.001,200,32,2,0.5,0.011398102363778485,0.007800833481780178
gat,0.001,200,32,3,0.0,0.004626266161600749,0.005958244121632756
gat,0.001,200,32,3,0.1,0.00649628018339475,0.005862880062092501
gat,0.001,200,32,3,0.2,0.006931026310970386,0.0059962883811726765
gat,0.001,200,32,3,0.5,0.010380279769500097,0.005466632014083683
gat,0.001,200,32,4,0.0,0.005966240152095755,0.004669193335358668
gat,0.001,200,32,4,0.1,0.005460581602528691,0.005695018835577376
gat,0.001,200,32,4,0.2,0.005757824372914102,0.005414084692724863
gat,0.001,200,32,4,0.5,0.008542559130324258,0.006257559786278383
gat,0.001,300,4,2,0.0,0.005756159033626318,0.006117919761350832
gat,0.001,300,4,2,0.1,0.007412301293677754,0.0055146283436348755
gat,0.001,300,4,2,0.2,0.008443870167765353,0.005498906676523352
gat,0.001,300,4,2,0.5,0.012382860978444417,0.007722024760052304
gat,0.001,300,4,3,0.0,0.0054974460353453955,0.006058499921445232
gat,0.001,300,4,3,0.1,0.007115733996033669,0.005762572302975233
gat,0.001,300,4,3,0.2,0.007191737617055575,0.0054217245351062095
gat,0.001,300,4,3,0.5,0.010132708752320873,0.005668921483666223
gat,0.001,300,4,4,0.0,0.005583342351019383,0.006278794529306358
gat,0.001,300,4,4,0.1,0.006316571061809858,0.005493463699186951
gat,0.001,300,4,4,0.2,0.006765113574349218,0.005237753735163464
gat,0.001,300,4,4,0.5,0.008779493833167685,0.006339732474215554
gat,0.001,300,8,2,0.0,0.0055060027270681326,0.0057399326138187325
gat,0.001,300,8,2,0.1,0.006958358952154716,0.005762056396988702
gat,0.001,300,8,2,0.2,0.008050810193849935,0.005716412514138769
gat,0.001,300,8,2,0.5,0.011391392743421925,0.007949138522875843
gat,0.001,300,8,3,0.0,0.00514921217949854,0.0052410870241726085
gat,0.001,300,8,3,0.1,0.006304760008222527,0.005122047181395306
gat,0.001,300,8,3,0.2,0.007121512490428156,0.005799787215910834
gat,0.001,300,8,3,0.5,0.009975952592988809,0.005395333027244664
gat,0.001,300,8,4,0.0,0.005219402474661668,0.005655458157125115
gat,0.001,300,8,4,0.1,0.005395866744220257,0.005287108548754277
gat,0.001,300,8,4,0.2,0.006335299544864231,0.005791002540795032
gat,0.001,300,8,4,0.5,0.007911434914502833,0.006735746290903816
gat,0.001,300,16,2,0.0,0.005138359612060918,0.006064124291743816
gat,0.001,300,16,2,0.1,0.007303034990198082,0.0056135135830622795
gat,0.001,300,16,2,0.2,0.008395005938493544,0.005500557723449484
gat,0.001,300,16,2,0.5,0.012022959233986007,0.006639770765330355
gat,0.001,300,16,3,0.0,0.004943280573934316,0.006707440213190368
gat,0.001,300,16,3,0.1,0.00631033836139573,0.005013924216511834
gat,0.001,300,16,3,0.2,0.006826288325505124,0.005699133428430958
gat,0.001,300,16,3,0.5,0.00889480918024977,0.005555765035054195
gat,0.001,300,16,4,0.0,0.004747180982182423,0.0045239937022262255
gat,0.001,300,16,4,0.1,0.0052493984086645976,0.005043199065409088
gat,0.001,300,16,4,0.2,0.005505674177159866,0.005981769212273541
gat,0.001,300,16,4,0.5,0.008154431047538916,0.005578654078044853
gat,0.001,300,32,2,0.0,0.005096895744403204,0.0053499275653059895
gat,0.001,300,32,2,0.1,0.006295061815116141,0.004901158025710428
gat,0.001,300,32,2,0.2,0.006605454327331649,0.005673547266382162
gat,0.001,300,32,2,0.5,0.010722986360390981,0.00772649722486396
gat,0.001,300,32,3,0.0,0.004540699865255091,0.004316078508396726
gat,0.001,300,32,3,0.1,0.0054441252205934786,0.004959695883238436
gat,0.001,300,32,3,0.2,0.006200873913864295,0.005832377019176005
gat,0.001,300,32,3,0.5,0.009064055875771575,0.0059060858840005006
gat,0.001,300,32,4,0.0,0.004072245738158623,0.005754611074784544
gat,0.001,300,32,4,0.1,0.00487897459210621,0.0053749336150756164
gat,0.001,300,32,4,0.2,0.005341554422759348,0.005985025234443825
gat,0.001,300,32,4,0.5,0.007542145521276527,0.005457178022817044
gat,0.001,50,4,2,0.0,0.006823624898162153,0.006170556196570231
gat,0.001,50,4,2,0.1,0.008828551881015301,0.0073454737499399235
gat,0.001,50,4,2,0.2,0.013418891198105283,0.010272648968881715
gat,0.001,50,4,2,0.5,0.016399098394645584,0.011581317827265458
gat,0.001,50,4,3,0.0,0.006211375341647201,0.006089949550985718
gat,0.001,50,4,3,0.1,0.00776474187667999,0.006721715706923081
gat,0.001,50,4,3,0.2,0.007828779249555535,0.006621090363913939
gat,0.001,50,4,3,0.5,0.01299058643894063,0.008285827938292823
gat,0.001,50,4,4,0.0,0.0061726918030116295,0.006178188429975062
gat,0.001,50,4,4,0.1,0.007195917206505934,0.006104698271540432
gat,0.001,50,4,4,0.2,0.010147555751932992,0.0070019507792874695
gat,0.001,50,4,4,0.5,0.014057677653100755,0.011040789140950923
gat,0.001,50,8,2,0.0,0.006126980783624781,0.006423290596885511
gat,0.001,50,8,2,0.1,0.00762426940103372,0.006018439644367391
gat,0.001,50,8,2,0.2,0.008946761789007319,0.006790020033348654
gat,0.001,50,8,2,0.5,0.01410408690571785,0.009797449519336431
gat,0.001,50,8,3,0.0,0.006124776751837797,0.006103549352401672
gat,0.001,50,8,3,0.1,0.007986212677011887,0.006528101389183671
gat,0.001,50,8,3,0.2,0.007716614659875632,0.006497245288063791
gat,0.001,50,8,3,0.5,0.011708394417332279,0.0075694241427860295
gat,0.001,50,8,4,0.0,0.006123997850550546,0.006011677605724764
gat,0.001,50,8,4,0.1,0.006973392226629787,0.006090055372650394
gat,0.001,50,8,4,0.2,0.00859004675100247,0.006494533236682099
gat,0.001,50,8,4,0.5,0.011679023090336058,0.0070280973533328964
gat,0.001,50,16,2,0.0,0.006103292707767751,0.0061146540921790836
gat,0.001,50,16,2,0.1,0.007721220867501365,0.005759355860322479
gat,0.001,50,16,2,0.2,0.009624244189924663,0.0067074113794268085
gat,0.001,50,16,2,0.5,0.012386591070228152,0.007672429603893605
gat,0.001,50,16,3,0.0,0.006082318961206409,0.005703577462098597
gat,0.001,50,16,3,0.1,0.007361798443728023,0.0058629254059876955
gat,0.001,50,16,3,0.2,0.007411893415782187,0.0066655158716364404
gat,0.001,50,16,3,0.5,0.010921427297095459,0.006972935525375678
gat,0.001,50,16,4,0.0,0.005950799180815617,0.005735017839968571
gat,0.001,50,16,4,0.1,0.007476931096365055,0.0064066507167154
gat,0.001,50,16,4,0.2,0.009097406857957442,0.006457884321849771
gat,0.001,50,16,4,0.5,0.00932929240581062,0.007314411787948849
gat,0.001,50,32,2,0.0,0.00592840715414948,0.005813103505524086
gat,0.001,50,32,2,0.1,0.008464781877895197,0.0062106855441749435
gat,0.001,50,32,2,0.2,0.008329888847139146,0.005949634148946359
gat,0.001,50,32,2,0.5,0.012566279268099202,0.006782177912476417
gat,0.001,50,32,3,0.0,0.005929575984676679,0.005269420519145118
gat,0.001,50,32,3,0.1,0.0069243319539560215,0.005620870439553638
gat,0.001,50,32,3,0.2,0.007828978159361415,0.006141592499260717
gat,0.001,50,32,3,0.5,0.010193229528764884,0.006919345221616524
gat,0.001,50,32,4,0.0,0.0061999773244476985,0.006858866109104245
gat,0.001,50,32,4,0.1,0.006963395203153293,0.0067374046847794135
gat,0.001,50,32,4,0.2,0.007282464413179292,0.006855716636873677
gat,0.001,50,32,4,0.5,0.008729747931162516,0.006957951751133162
gat,0.001,100,4,2,0.0,0.006126050444112884,0.005940249840293799
gat,0.001,100,4,2,0.1,0.007985836205383142,0.0063286882952418464
gat,0.001,100,4,2,0.2,0.009897993380824725,0.006832471167888698
gat,0.001,100,4,2,0.5,0.013610292846957842,0.008828156085509686
gat,0.001,100,4,3,0.0,0.006061104064186414,0.0059528359499323
gat,0.001,100,4,3,0.1,0.007154370213134421,0.006451468883460621
gat,0.001,100,4,3,0.2,0.009352550717691581,0.006688251402147127
gat,0.001,100,4,3,0.5,0.01126092675452431,0.007937237321884626
gat,0.001,100,4,4,0.0,0.005850399078594313,0.005854564072186897
gat,0.001,100,4,4,0.1,0.007212516748242908,0.005986379706987765
gat,0.001,100,4,4,0.2,0.007904341920382446,0.006320446745262043
gat,0.001,100,4,4,0.5,0.010543960643311341,0.007868589351586764
gat,0.001,100,8,2,0.0,0.006311599103113016,0.005854169765546935
gat,0.001,100,8,2,0.1,0.007418876617319054,0.006123576690786248
gat,0.001,100,8,2,0.2,0.009348043033646213,0.006368454705970183
gat,0.001,100,8,2,0.5,0.011761307033399742,0.007535534195516824
gat,0.001,100,8,3,0.0,0.005990311296449767,0.0057214492247403825
gat,0.001,100,8,3,0.1,0.007078114555527767,0.006058107028018345
gat,0.001,100,8,3,0.2,0.008241868329544861,0.006607166408115273
gat,0.001,100,8,3,0.5,0.009697125893500117,0.006970463148255312
gat,0.001,100,8,4,0.0,0.005986326938081119,0.0058374930550912476
gat,0.001,100,8,4,0.1,0.007344610223339663,0.0065822647396810655
gat,0.001,100,8,4,0.2,0.007434946070942614,0.006510145304772408
gat,0.001,100,8,4,0.5,0.010713361120886273,0.007439491092126005
gat,0.001,100,16,2,0.0,0.0058770144151316745,0.005888928740232035
gat,0.001,100,16,2,0.1,0.007977339873711268,0.005975469258516153
gat,0.001,100,16,2,0.2,0.008438881900575426,0.00583891733447901
gat,0.001,100,16,2,0.5,0.012297565158870484,0.006967614410840195
gat,0.001,100,16,3,0.0,0.005734632474680742,0.005746336739487745
gat,0.001,100,16,3,0.1,0.007197724613878462,0.006139022732043831
gat,0.001,100,16,3,0.2,0.0075102916504773826,0.0065761159351529486
gat,0.001,100,16,3,0.5,0.00930154685758882,0.0072208288478105235
gat,0.001,100,16,4,0.0,0.005086159902728266,0.0062566804643306995
gat,0.001,100,16,4,0.1,0.006181897248865829,0.006520168680568173
gat,0.001,100,16,4,0.2,0.0067933753701961705,0.006238601596393068
gat,0.001,100,16,4,0.5,0.008874679046372572,0.008176453242236991
gat,0.001,100,32,2,0.0,0.005714812833401892,0.006199921873551073
gat,0.001,100,32,2,0.1,0.00701269805431366,0.005882985395789397
gat,0.001,100,32,2,0.2,0.009312872257497575,0.006087704872789423
gat,0.001,100,32,2,0.5,0.010927888264672624,0.007208524750325828
gat,0.001,100,32,3,0.0,0.0059826272229353585,0.005494776343201391
gat,0.001,100,32,3,0.1,0.0071265238233738475,0.005971086850645513
gat,0.001,100,32,3,0.2,0.0073771987213856645,0.006241761980345295
gat,0.001,100,32,3,0.5,0.009939557841668526,0.006851431874627156
gat,0.001,100,32,4,0.0,0.005210416484624147,0.005869468507592401
gat,0.001,100,32,4,0.1,0.00618769358843565,0.006326083184370201
gat,0.001,100,32,4,0.2,0.0062409857908884685,0.005674486428010095
gat,0.001,100,32,4,0.5,0.009099626479049524,0.006345897337276707
gat,0.001,200,4,2,0.0,0.006338147777650092,0.005975368096533806
gat,0.001,200,4,2,0.1,0.008024858911004332,0.006230690435792408
gat,0.001,200,4,2,0.2,0.008573872492545181,0.006280121917089954
gat,0.001,200,4,2,0.5,0.011316682543191644,0.007855643388889267
gat,0.001,200,4,3,0.0,0.006001628976729181,0.006122603743886401
gat,0.001,200,4,3,0.1,0.0071137708508306075,0.0061678456491180535
gat,0.001,200,4,3,0.2,0.007665063171750969,0.006298093655332515
gat,0.001,200,4,3,0.5,0.010279772927363713,0.007044945338867503
gat,0.001,200,4,4,0.0,0.005365442308700747,0.0061352683656397565
gat,0.001,200,4,4,0.1,0.006764298191087113,0.006099395170561728
gat,0.001,200,4,4,0.2,0.007148723718192842,0.006274067567531283
gat,0.001,200,4,4,0.5,0.008825010930498442,0.006814183029676979
gat,0.001,200,8,2,0.0,0.005611155420127842,0.006469308681850361
gat,0.001,200,8,2,0.1,0.007188061091841923,0.006175457693739084
gat,0.001,200,8,2,0.2,0.00865440983325243,0.006202084362446669
gat,0.001,200,8,2,0.5,0.01134236790239811,0.006762424730774708
gat,0.001,200,8,3,0.0,0.00532476156949997,0.005670237939296996
gat,0.001,200,8,3,0.1,0.006758111984365516,0.00596306138966618
gat,0.001,200,8,3,0.2,0.007099786835412184,0.006695906297598508
gat,0.001,200,8,3,0.5,0.009387039682931371,0.006938381754789358
gat,0.001,200,8,4,0.0,0.004756041895598173,0.006417632698092835
gat,0.001,200,8,4,0.1,0.006918805816935168,0.006414803960691451
gat,0.001,200,8,4,0.2,0.006837855889979336,0.0067425868366729706
gat,0.001,200,8,4,0.5,0.008686501315484445,0.006306485451989552
gat,0.001,200,16,2,0.0,0.005415352164871163,0.006008393102368626
gat,0.001,200,16,2,0.1,0.006867206158737342,0.0061268167968348665
gat,0.001,200,16,2,0.2,0.007868337993406587,0.005673604655980213
gat,0.001,200,16,2,0.5,0.011897484875387616,0.0062620525125442585
gat,0.001,200,16,3,0.0,0.005166638508025143,0.005996108171501468
gat,0.001,200,16,3,0.1,0.006481622832102908,0.006411720839078772
gat,0.001,200,16,3,0.2,0.007179730820159117,0.006548000446808278
gat,0.001,200,16,3,0.5,0.00892114152924882,0.006388424239242773
gat,0.001,200,16,4,0.0,0.004668914340436458,0.006219966596093318
gat,0.001,200,16,4,0.1,0.00558256758376956,0.006481276285163595
gat,0.001,200,16,4,0.2,0.00638882185642918,0.00575922662470596
gat,0.001,200,16,4,0.5,0.008111656622754202,0.0059794078723395035
gat,0.001,200,32,2,0.0,0.005224381894287136,0.005915881659130573
gat,0.001,200,32,2,0.1,0.006738256124986543,0.00587241402921661
gat,0.001,200,32,2,0.2,0.008495881744763917,0.0067818778959256145
gat,0.001,200,32,2,0.5,0.012914620257086224,0.008498131283431043
gat,0.001,200,32,3,0.0,0.0047965759101013345,0.006387364097547543
gat,0.001,200,32,3,0.1,0.006345148270742761,0.0063497593257654476
gat,0.001,200,32,3,0.2,0.007053029723465443,0.006286022722202222
gat,0.001,200,32,3,0.5,0.009977897898190551,0.007603976002999957
gat,0.001,200,32,4,0.0,0.0042614161347349485,0.006309205599561452
gat,0.001,200,32,4,0.1,0.004888507744504346,0.006688320385989677
gat,0.001,200,32,4,0.2,0.005407933104369375,0.0062203814617058486
gat,0.001,200,32,4,0.5,0.008663981449272898,0.005870346222497691
gat,0.001,300,4,2,0.0,0.0058744792257332135,0.005696260383181518
gat,0.001,300,4,2,0.1,0.007357444024334351,0.005566093616446022
gat,0.001,300,4,2,0.2,0.008742565247747634,0.0059444767521855905
gat,0.001,300,4,2,0.5,0.011900033625877566,0.0071016630253838645
gat,0.001,300,4,3,0.0,0.005346597213712004,0.005510936733982508
gat,0.001,300,4,3,0.1,0.006475993825329675,0.005857414107829228
gat,0.001,300,4,3,0.2,0.007184018525812361,0.005990046781171277
gat,0.001,300,4,3,0.5,0.010848491224977705,0.007467987657111497
gat,0.001,300,4,4,0.0,0.0051613292139437465,0.005834021213400575
gat,0.001,300,4,4,0.1,0.0066088615813189085,0.006134045719334314
gat,0.001,300,4,4,0.2,0.007363534553183449,0.006485864244666928
gat,0.001,300,4,4,0.5,0.009491226718657547,0.006843277486006993
gat,0.001,300,8,2,0.0,0.0052235186358706815,0.006313146981903372
gat,0.001,300,8,2,0.1,0.006760298357241684,0.005634920225180107
gat,0.001,300,8,2,0.2,0.009328816934592194,0.006649852558469682
gat,0.001,300,8,2,0.5,0.012266485061910417,0.006484255424883489
gat,0.001,300,8,3,0.0,0.005424207552439637,0.005852389693317495
gat,0.001,300,8,3,0.1,0.006739837676286697,0.006035604263706773
gat,0.001,300,8,3,0.2,0.006919779628515243,0.0063386560781916405
gat,0.001,300,8,3,0.5,0.010192859421173732,0.007255629528773522
gat,0.001,300,8,4,0.0,0.0047500250809308555,0.006858091556852663
gat,0.001,300,8,4,0.1,0.005314221636702617,0.005609120758322384
gat,0.001,300,8,4,0.2,0.006691216346290376,0.005596207611244264
gat,0.001,300,8,4,0.5,0.008553644435273277,0.005890695418257863
gat,0.001,300,16,2,0.0,0.0056296349813540775,0.005703734693848617
gat,0.001,300,16,2,0.1,0.007434070037884845,0.0054398192926347734
gat,0.001,300,16,2,0.2,0.008032585566656456,0.005592363086697372
gat,0.001,300,16,2,0.5,0.011362423706385825,0.006140046434733826
gat,0.001,300,16,3,0.0,0.004570356570184231,0.006077160884621069
gat,0.001,300,16,3,0.1,0.005482756501684586,0.005978147472656748
gat,0.001,300,16,3,0.2,0.006717811411039697,0.006823114323516144
gat,0.001,300,16,3,0.5,0.00989170078602102,0.006521810476698242
gat,0.001,300,16,4,0.0,0.004083187246902121,0.007419401392264912
gat,0.001,300,16,4,0.1,0.004992400999698374,0.005960876522933312
gat,0.001,300,16,4,0.2,0.005331167495912976,0.005916844208848726
gat,0.001,300,16,4,0.5,0.00776064351408018,0.005596930952845547
gat,0.001,300,32,2,0.0,0.0049321783499585254,0.00589635136038229
gat,0.001,300,32,2,0.1,0.006193168026705583,0.005647610369295908
gat,0.001,300,32,2,0.2,0.0073825151193886995,0.0054907532842710435
gat,0.001,300,32,2,0.5,0.011180838673479028,0.005776280853411908
gat,0.001,300,32,3,0.0,0.004178562760353088,0.007095091625427053
gat,0.001,300,32,3,0.1,0.005729536536253161,0.006593619782002858
gat,0.001,300,32,3,0.2,0.005693673083765639,0.005947900257469297
gat,0.001,300,32,3,0.5,0.008757520177298122,0.006412169992734196
gat,0.001,300,32,4,0.0,0.004043852123949263,0.00787445176203443
gat,0.001,300,32,4,0.1,0.00443531744596031,0.00778338968045178
gat,0.001,300,32,4,0.2,0.004935259910093414,0.00605948619911123
gat,0.001,300,32,4,0.5,0.007635822705924511,0.005730430009977638
gat,0.001,50,4,2,0.0,0.00837585282408529,0.007869855955635696
gat,0.001,50,4,2,0.1,0.008593474162949456,0.007354333991901996
gat,0.001,50,4,2,0.2,0.014917887933552264,0.011886302633093671
gat,0.001,50,4,2,0.5,0.01782236537999577,0.011211527587975922
gat,0.001,50,4,3,0.0,0.00608928631991148,0.006058669271371197
gat,0.001,50,4,3,0.1,0.007497335722049078,0.006925798171077524
gat,0.001,50,4,3,0.2,0.00928256730031636,0.006466994043728125
gat,0.001,50,4,3,0.5,0.011512465940581428,0.007867356924673264
gat,0.001,50,4,4,0.0,0.006446252494222588,0.006267199197164874
gat,0.001,50,4,4,0.1,0.008224288643234306,0.006669811366855338
gat,0.001,50,4,4,0.2,0.00809554870550831,0.006512606369507257
gat,0.001,50,4,4,0.5,0.012043573531425662,0.007690771510611327
gat,0.001,50,8,2,0.0,0.0062697400649388635,0.0057484883801347305
gat,0.001,50,8,2,0.1,0.00767617081809375,0.006197750770320543
gat,0.001,50,8,2,0.2,0.009350813728653722,0.0064190592435672935
gat,0.001,50,8,2,0.5,0.014273461782270007,0.009530810811855427
gat,0.001,50,8,3,0.0,0.006383254399730099,0.00581779126886115
gat,0.001,50,8,3,0.1,0.007501273312502437,0.006217592335378175
gat,0.001,50,8,3,0.2,0.00871716116865476,0.0068521436556507
gat,0.001,50,8,3,0.5,0.010757095842725701,0.007893090451689844
gat,0.001,50,8,4,0.0,0.0060787377516842555,0.0062813749647469665
gat,0.001,50,8,4,0.1,0.007295599983384212,0.005965980628788526
gat,0.001,50,8,4,0.2,0.008441511634737253,0.006566835439720631
gat,0.001,50,8,4,0.5,0.01082980955640475,0.007188881790259227
gat,0.001,50,16,2,0.0,0.006561234458867047,0.006263879448286591
gat,0.001,50,16,2,0.1,0.007771537970337603,0.006497073685859789
gat,0.001,50,16,2,0.2,0.009158838788668315,0.00657838145410663
gat,0.001,50,16,2,0.5,0.012109401656521692,0.00823163539831313
gat,0.001,50,16,3,0.0,0.006227554753422737,0.006445521438600732
gat,0.001,50,16,3,0.1,0.006958262374003728,0.006168349280464014
gat,0.001,50,16,3,0.2,0.008487712943719493,0.006643955498404175
gat,0.001,50,16,3,0.5,0.010787510271701549,0.007797025769982646
gat,0.001,50,16,4,0.0,0.006222497423489889,0.00643727470038673
gat,0.001,50,16,4,0.1,0.006926758608056439,0.005916567006702333
gat,0.001,50,16,4,0.2,0.008138530970447594,0.008129666863441187
gat,0.001,50,16,4,0.5,0.010548806118054522,0.009225333497902267
gat,0.001,50,32,2,0.0,0.006110868437422646,0.0056688768203917664
gat,0.001,50,32,2,0.1,0.007451258258273205,0.006276822810660132
gat,0.001,50,32,2,0.2,0.008862472346259488,0.007006155395423441
gat,0.001,50,32,2,0.5,0.011169798423846562,0.00839639566119299
gat,0.001,50,32,3,0.0,0.005877641060700019,0.006737201800941861
gat,0.001,50,32,3,0.1,0.00694574968268474,0.007209225472356895
gat,0.001,50,32,3,0.2,0.008121450245380402,0.006639678272379168
gat,0.001,50,32,3,0.5,0.00974559552139706,0.0090595753336423
gat,0.001,50,32,4,0.0,0.005922779730624623,0.0059697441227979375
gat,0.001,50,32,4,0.1,0.006944867730554607,0.006497834142094927
gat,0.001,50,32,4,0.2,0.007256413002808889,0.00663779721832487
gat,0.001,50,32,4,0.5,0.0093917701807287,0.00885758466387392
gat,0.001,100,4,2,0.0,0.006264019757509232,0.006635635397201867
gat,0.001,100,4,2,0.1,0.007176635062528981,0.005502797025708439
gat,0.001,100,4,2,0.2,0.009839684805936284,0.006365792027626771
gat,0.001,100,4,2,0.5,0.013154183183279303,0.00955820562423595
gat,0.001,100,4,3,0.0,0.006685408815327618,0.005794946187839578
gat,0.001,100,4,3,0.1,0.007071092021134165,0.006931983882711545
gat,0.001,100,4,3,0.2,0.008230781244734923,0.006679044646918176
gat,0.001,100,4,3,0.5,0.01092770066526201,0.007412862116491947
gat,0.001,100,4,4,0.0,0.005960746606191,0.006585923933254634
gat,0.001,100,4,4,0.1,0.0075820614273349445,0.0067252475954604485
gat,0.001,100,4,4,0.2,0.009739640603462855,0.006745999402669778
gat,0.001,100,4,4,0.5,0.010448980227940613,0.007120498233709682
gat,0.001,100,8,2,0.0,0.006069335155189037,0.006379518909074911
gat,0.001,100,8,2,0.1,0.008199513527668185,0.006322284465852412
gat,0.001,100,8,2,0.2,0.008278900840216213,0.006678122550461474
gat,0.001,100,8,2,0.5,0.012140242031051053,0.007907214765353032
gat,0.001,100,8,3,0.0,0.005892298753476805,0.006373765882270721
gat,0.001,100,8,3,0.1,0.006968132727262047,0.0064671307742397485
gat,0.001,100,8,3,0.2,0.007819521096017626,0.006599133334341279
gat,0.001,100,8,3,0.5,0.009869867014802164,0.007269173375989801
gat,0.001,100,8,4,0.0,0.00584133556112647,0.005867262532229134
gat,0.001,100,8,4,0.1,0.007436427618894312,0.006226702437833698
gat,0.001,100,8,4,0.2,0.007333365434573756,0.006289483783954086
gat,0.001,100,8,4,0.5,0.009372517114712133,0.007526847785445767
gat,0.001,100,16,2,0.0,0.00545297876621286,0.0058251377895238935
gat,0.001,100,16,2,0.1,0.007917651451296276,0.006037480209322066
gat,0.001,100,16,2,0.2,0.008611380350258616,0.006758497819978437
gat,0.001,100,16,2,0.5,0.012396915029320452,0.009551448995941136
gat,0.001,100,16,3,0.0,0.005616276752617624,0.006971596557253168
gat,0.001,100,16,3,0.1,0.006886373501684931,0.007748840670087187
gat,0.001,100,16,3,0.2,0.007564571644696924,0.007189696130083334
gat,0.001,100,16,3,0.5,0.010443058423697948,0.008430880821292508
gat,0.001,100,16,4,0.0,0.005259516028066476,0.0072726330872786345
gat,0.001,100,16,4,0.1,0.006763584870431158,0.00638019183057077
gat,0.001,100,16,4,0.2,0.006728536759813626,0.007051373849951581
gat,0.001,100,16,4,0.5,0.009395675071411662,0.007172155374917999
gat,0.001,100,32,2,0.0,0.006049024758653508,0.0059442802253985684
gat,0.001,100,32,2,0.1,0.006858882618447145,0.0059641743205524735
gat,0.001,100,32,2,0.2,0.007847869830826918,0.006159547669306242
gat,0.001,100,32,2,0.5,0.011424256737033527,0.0067192164171774316
gat,0.001,100,32,3,0.0,0.005289646414005094,0.006487435527165531
gat,0.001,100,32,3,0.1,0.006858934958775838,0.00626757539909617
gat,0.001,100,32,3,0.2,0.007027502813273006,0.00822164319596208
gat,0.001,100,32,3,0.5,0.009255741246872479,0.007656826836757613
gat,0.001,100,32,4,0.0,0.005143914107854168,0.008452242637549557
gat,0.001,100,32,4,0.1,0.006045640777382586,0.006279761972979347
gat,0.001,100,32,4,0.2,0.007362449096722735,0.0072431704502301745
gat,0.001,100,32,4,0.5,0.00894097379512257,0.006992260431916808
gat,0.001,200,4,2,0.0,0.005921704177227285,0.006329115412265995
gat,0.001,200,4,2,0.1,0.007136471155616973,0.006379868265927957
gat,0.001,200,4,2,0.2,0.009178095310926438,0.007275430572830643
gat,0.001,200,4,2,0.5,0.012894411467843585,0.00830118793607637
gat,0.001,200,4,3,0.0,0.005824216455221176,0.0058793284215632015
gat,0.001,200,4,3,0.1,0.0073153075244691635,0.006377284221615121
gat,0.001,200,4,3,0.2,0.007029790907270379,0.006508122737624422
gat,0.001,200,4,3,0.5,0.009940441294262806,0.007602190749855709
gat,0.001,200,4,4,0.0,0.005189517337001032,0.006063963110034898
gat,0.001,200,4,4,0.1,0.006259122139049901,0.006170085015503623
gat,0.001,200,4,4,0.2,0.007159905259807905,0.006345250374487144
gat,0.001,200,4,4,0.5,0.010612478603919347,0.007068567005925086
gat,0.001,200,8,2,0.0,0.005905613251444366,0.006371204044073586
gat,0.001,200,8,2,0.1,0.007361439035998451,0.00602140456226401
gat,0.001,200,8,2,0.2,0.008557149364302555,0.00642363071152996
gat,0.001,200,8,2,0.5,0.012338025619586308,0.008152743987377508
gat,0.001,200,8,3,0.0,0.0051343199796974655,0.0068904738896434555
gat,0.001,200,8,3,0.1,0.006912233804663022,0.005967760403275069
gat,0.001,200,8,3,0.2,0.006815034182121356,0.0068704953027958204
gat,0.001,200,8,3,0.5,0.009894034639000893,0.007785652750653416
gat,0.001,200,8,4,0.0,0.004851641185167763,0.005985769456902812
gat,0.001,200,8,4,0.1,0.006247974932193756,0.00569909806596014
gat,0.001,200,8,4,0.2,0.006666232469595141,0.00620547677171821
gat,0.001,200,8,4,0.5,0.008867582047565116,0.007258575692464397
gat,0.001,200,16,2,0.0,0.0056918431590828635,0.0059421239760489184
gat,0.001,200,16,2,0.1,0.0068850107801457245,0.005960297871045661
gat,0.001,200,16,2,0.2,0.00782348999960555,0.007484700005744216
gat,0.001,200,16,2,0.5,0.011249444706158506,0.0071579513433349005
gat,0.001,200,16,3,0.0,0.005258988920185301,0.006208850365808871
gat,0.001,200,16,3,0.1,0.006619511793057124,0.0067945803787521795
gat,0.001,200,16,3,0.2,0.006940676872101095,0.00676547495710853
gat,0.001,200,16,3,0.5,0.009618011075589392,0.007627533495902306
gat,0.001,200,16,4,0.0,0.005125363595369789,0.0062004433805582515
gat,0.001,200,16,4,0.1,0.006522562561763657,0.008204957792321731
gat,0.001,200,16,4,0.2,0.0066171921168764435,0.006343050619011326
gat,0.001,200,16,4,0.5,0.008416776586737897,0.006623742584339088
gat,0.001,200,32,2,0.0,0.005879908986389637,0.006407002337210077
gat,0.001,200,32,2,0.1,0.006623483180171913,0.005519804202800582
gat,0.001,200,32,2,0.2,0.007877087220549583,0.005670954531370498
gat,0.001,200,32,2,0.5,0.010827235836121772,0.009117179723147118
gat,0.001,200,32,3,0.0,0.004596159188076853,0.007627063729844341
gat,0.001,200,32,3,0.1,0.00573091148916218,0.007447524729914612
gat,0.001,200,32,3,0.2,0.006850900935630003,0.007511591211955615
gat,0.001,200,32,3,0.5,0.009787799500756793,0.0073580621965708025
gat,0.001,200,32,4,0.0,0.004576616496261623,0.006925386848360393
gat,0.001,200,32,4,0.1,0.005240975320339203,0.006550985167054879
gat,0.001,200,32,4,0.2,0.00531052049352891,0.006447360986767769
gat,0.001,200,32,4,0.5,0.00906957263747851,0.006428945333880875
gat,0.001,300,4,2,0.0,0.0055551166439221965,0.005827669095526833
gat,0.001,300,4,2,0.1,0.007396870365159379,0.0055948879664839525
gat,0.001,300,4,2,0.2,0.008922320583628284,0.006142362492547538
gat,0.001,300,4,2,0.5,0.011000211557580365,0.007016360774238084
gat,0.001,300,4,3,0.0,0.005291976334734096,0.005913007650740631
gat,0.001,300,4,3,0.1,0.0068739123332003755,0.00653364117766575
gat,0.001,300,4,3,0.2,0.0074330359697341915,0.006258630676325883
gat,0.001,300,4,3,0.5,0.010842895342244042,0.008228820835598505
gat,0.001,300,4,4,0.0,0.005292513273242447,0.006921624000511972
gat,0.001,300,4,4,0.1,0.006984466003874938,0.005885209971499083
gat,0.001,300,4,4,0.2,0.007374445649070872,0.005730805963894614
gat,0.001,300,4,4,0.5,0.009261713715063201,0.006496048206096372
gat,0.001,300,8,2,0.0,0.005478600453999307,0.006174810054761615
gat,0.001,300,8,2,0.1,0.006596842439224323,0.005572658692586075
gat,0.001,300,8,2,0.2,0.00808285561700662,0.006846825438964821
gat,0.001,300,8,2,0.5,0.01326301135122776,0.007433340082961681
gat,0.001,300,8,3,0.0,0.005000376804835267,0.006163918284390402
gat,0.001,300,8,3,0.1,0.0059986253475977315,0.005993108779188461
gat,0.001,300,8,3,0.2,0.006309364591207769,0.00674652187749496
gat,0.001,300,8,3,0.5,0.010168130468163226,0.0076608925584791265
gat,0.001,300,8,4,0.0,0.004851962191363176,0.005872056420213312
gat,0.001,300,8,4,0.1,0.0057367165469461015,0.005870952476751334
gat,0.001,300,8,4,0.2,0.006417523283097479,0.006261248968645194
gat,0.001,300,8,4,0.5,0.007834930904209614,0.005876993280465292
gat,0.001,300,16,2,0.0,0.005800866583983103,0.006714624527496849
gat,0.001,300,16,2,0.1,0.006982224600182639,0.00685677723526652
gat,0.001,300,16,2,0.2,0.007824685600482755,0.0060512455305561375
gat,0.001,300,16,2,0.5,0.011997587813271416,0.007193213662260156
gat,0.001,300,16,3,0.0,0.0046882027553187475,0.006402387320459546
gat,0.001,300,16,3,0.1,0.005915779806673527,0.006409036877517327
gat,0.001,300,16,3,0.2,0.006491132101251019,0.005486504124625658
gat,0.001,300,16,3,0.5,0.00920059945848253,0.007478065291517666
gat,0.001,300,16,4,0.0,0.00460881491502126,0.005973479603650933
gat,0.001,300,16,4,0.1,0.0048881403584447175,0.006061357284610658
gat,0.001,300,16,4,0.2,0.005562172871496942,0.005750871515394706
gat,0.001,300,16,4,0.5,0.008769294660952356,0.006466756504729787
gat,0.001,300,32,2,0.0,0.005591512347261111,0.00576413522577548
gat,0.001,300,32,2,0.1,0.006390719581395388,0.005166214983306006
gat,0.001,300,32,2,0.2,0.007355184837554892,0.005750721802755887
gat,0.001,300,32,2,0.5,0.01053615597387155,0.0057447524832501705
gat,0.001,300,32,3,0.0,0.004362089393867387,0.006941055721183887
gat,0.001,300,32,3,0.1,0.005511757027771738,0.007603117451405339
gat,0.001,300,32,3,0.2,0.006353254626608558,0.0072404099691215865
gat,0.001,300,32,3,0.5,0.009701222305496533,0.0065912762168081505
gat,0.001,300,32,4,0.0,0.003945722689645158,0.00754219522279076
gat,0.001,300,32,4,0.1,0.0045669141535957655,0.0059092952327421955
gat,0.001,300,32,4,0.2,0.005193048146449857,0.00529183830732336
gat,0.001,300,32,4,0.5,0.008936481157110796,0.0060207826482875145
gat,0.001,50,4,2,0.0,0.006612191375138031,0.00716294483955422
gat,0.001,50,4,2,0.1,0.012473426490194268,0.014302234726839691
gat,0.001,50,4,2,0.2,0.010231893695890903,0.01043318170848937
gat,0.001,50,4,2,0.5,0.012666850412885348,0.012638791924247572
gat,0.001,50,4,3,0.0,0.006795212967942158,0.007196547109285789
gat,0.001,50,4,3,0.1,0.008493577719976504,0.007787854684571683
gat,0.001,50,4,3,0.2,0.008460761089291837,0.00912501481110426
gat,0.001,50,4,3,0.5,0.014613185367650456,0.011372648540976771
gat,0.001,50,4,4,0.0,0.006260506963978211,0.006407780513216843
gat,0.001,50,4,4,0.1,0.0077973672085338164,0.007280619927809306
gat,0.001,50,4,4,0.2,0.009257779953380426,0.007747961315096696
gat,0.001,50,4,4,0.5,0.010966965990761916,0.008776182554092803
gat,0.001,50,8,2,0.0,0.006167588817576567,0.007317611614387265
gat,0.001,50,8,2,0.1,0.007537454532252417,0.0073418925006811355
gat,0.001,50,8,2,0.2,0.010422570289423068,0.00905775550631902
gat,0.001,50,8,2,0.5,0.012347068751437797,0.012805072392337769
gat,0.001,50,8,3,0.0,0.006442843170629607,0.00717874958101139
gat,0.001,50,8,3,0.1,0.007782143064671092,0.006854597019731701
gat,0.001,50,8,3,0.2,0.008496288665466839,0.007493953832586486
gat,0.001,50,8,3,0.5,0.011464096792042255,0.009492675087923041
gat,0.001,50,8,4,0.0,0.006082393911977609,0.0065129275605475545
gat,0.001,50,8,4,0.1,0.007894326477415031,0.006732104803912819
gat,0.001,50,8,4,0.2,0.007783725091980563,0.007227956025576488
gat,0.001,50,8,4,0.5,0.010817962139844895,0.008781219259178874
gat,0.001,50,16,2,0.0,0.0060536258957452245,0.006525678708070926
gat,0.001,50,16,2,0.1,0.007357577834692266,0.007315218391333667
gat,0.001,50,16,2,0.2,0.008602420002635983,0.007485037868478761
gat,0.001,50,16,2,0.5,0.011448496642212072,0.011164736545008002
gat,0.001,50,16,3,0.0,0.006176217842019266,0.00606347010761763
gat,0.001,50,16,3,0.1,0.007076766600625383,0.0064305823652913265
gat,0.001,50,16,3,0.2,0.008147671735948986,0.006294195770617628
gat,0.001,50,16,3,0.5,0.010935076491700278,0.008580021001577487
gat,0.001,50,16,4,0.0,0.005973393832229905,0.0065723582044893815
gat,0.001,50,16,4,0.1,0.007324724644422531,0.00668828475339347
gat,0.001,50,16,4,0.2,0.007465180884011918,0.006812799672044933
gat,0.001,50,16,4,0.5,0.009596467245784071,0.007412922457645221
gat,0.001,50,32,2,0.0,0.0062451474420312375,0.006293856936221709
gat,0.001,50,32,2,0.1,0.007040379713806841,0.0074563384958836075
gat,0.001,50,32,2,0.2,0.008766056245399846,0.008072520062336119
gat,0.001,50,32,2,0.5,0.01084672710340884,0.01067928908657767
gat,0.001,50,32,3,0.0,0.005883038333720631,0.0060075257957247444
gat,0.001,50,32,3,0.1,0.006683887489553955,0.00633592829802212
gat,0.001,50,32,3,0.2,0.007417532160050339,0.006171208467840783
gat,0.001,50,32,3,0.5,0.010449171914822525,0.007933477931092225
gat,0.001,50,32,4,0.0,0.0060167723335325714,0.006222604730406589
gat,0.001,50,32,4,0.1,0.00696195223265224,0.006260954163240795
gat,0.001,50,32,4,0.2,0.008269796334207057,0.006799036196666686
gat,0.001,50,32,4,0.5,0.008992943685087892,0.007031220316232845
gat,0.001,100,4,2,0.0,0.006131615386241012,0.006223440120720114
gat,0.001,100,4,2,0.1,0.007463113849775659,0.007601363359226588
gat,0.001,100,4,2,0.2,0.009316848259833125,0.00783849016643603
gat,0.001,100,4,2,0.5,0.011950685828924178,0.01210873847222822
gat,0.001,100,4,3,0.0,0.006259891918549935,0.006157187883178428
gat,0.001,100,4,3,0.1,0.006916393008497026,0.006812516639327226
gat,0.001,100,4,3,0.2,0.00805313458873166,0.007683142602737836
gat,0.001,100,4,3,0.5,0.010101537509924836,0.00926021560306185
gat,0.001,100,4,4,0.0,0.006053893392284711,0.006584303625460941
gat,0.001,100,4,4,0.1,0.007651103474199772,0.006311814903753143
gat,0.001,100,4,4,0.2,0.007669813951684369,0.007946239331932082
gat,0.001,100,4,4,0.5,0.012540856127937634,0.009964782722879529
gat,0.001,100,8,2,0.0,0.00589968144065804,0.006449259708182042
gat,0.001,100,8,2,0.1,0.00797458810524808,0.007053163891085612
gat,0.001,100,8,2,0.2,0.008735108996431033,0.008109460887702946
gat,0.001,100,8,2,0.5,0.01282847732719448,0.011353552180371772
gat,0.001,100,8,3,0.0,0.005904809271709786,0.005852692621171873
gat,0.001,100,8,3,0.1,0.007302766376071506,0.006563562293505187
gat,0.001,100,8,3,0.2,0.008564348580936592,0.0068351607802262125
gat,0.001,100,8,3,0.5,0.010000409599807527,0.008219844930660835
gat,0.001,100,8,4,0.0,0.00580531745735142,0.006345538528625405
gat,0.001,100,8,4,0.1,0.007770296237948868,0.0067184968627135525
gat,0.001,100,8,4,0.2,0.007379523871673478,0.006400955133957642
gat,0.001,100,8,4,0.5,0.009957277133233017,0.008228748847179213
gat,0.001,100,16,2,0.0,0.006047294521704316,0.005916385320039774
gat,0.001,100,16,2,0.1,0.0076814079036315284,0.007138074762785029
gat,0.001,100,16,2,0.2,0.008677033024529617,0.007357407034301167
gat,0.001,100,16,2,0.5,0.011951124523248938,0.010377637704012389
gat,0.001,100,16,3,0.0,0.005938691588946514,0.00636141363730387
gat,0.001,100,16,3,0.1,0.006866045751505428,0.0061524527434624774
gat,0.001,100,16,3,0.2,0.007433232582277722,0.006221605846535061
gat,0.001,100,16,3,0.5,0.010521155099074047,0.008640203599851714
gat,0.001,100,16,4,0.0,0.005591374190731181,0.006432767659639671
gat,0.001,100,16,4,0.1,0.006371640476087729,0.006308265512549793
gat,0.001,100,16,4,0.2,0.007494749542739656,0.006566333812503045
gat,0.001,100,16,4,0.5,0.00915443388124307,0.0069934968096248
gat,0.001,100,32,2,0.0,0.0055674483482208515,0.006401843048602585
gat,0.001,100,32,2,0.1,0.0068309019009272255,0.007504744198829227
gat,0.001,100,32,2,0.2,0.00783443765507804,0.007600280266637283
gat,0.001,100,32,2,0.5,0.011003645519829458,0.011170001554648357
gat,0.001,100,32,3,0.0,0.005400461268921694,0.006180809625730999
gat,0.001,100,32,3,0.1,0.006616985487441222,0.006346886516172235
gat,0.001,100,32,3,0.2,0.007547901281052165,0.006474644819102804
gat,0.001,100,32,3,0.5,0.010273566945559448,0.007821674149937197
gat,0.001,100,32,4,0.0,0.005255636665970087,0.005995885589156402
gat,0.001,100,32,4,0.1,0.00637651082749168,0.006681053602474618
gat,0.001,100,32,4,0.2,0.007015465950179431,0.006261374180308565
gat,0.001,100,32,4,0.5,0.008328302597834004,0.006695309757742196
gat,0.001,200,4,2,0.0,0.005878488698767291,0.006283864354841673
gat,0.001,200,4,2,0.1,0.007705945935514238,0.007049790279574908
gat,0.001,200,4,2,0.2,0.008329331336749925,0.007904744323974856
gat,0.001,200,4,2,0.5,0.011496236465043492,0.011230243936506623
gat,0.001,200,4,3,0.0,0.006099998619821336,0.006412625605971933
gat,0.001,200,4,3,0.1,0.007324838286472691,0.006600827458202052
gat,0.001,200,4,3,0.2,0.0074148383715914356,0.00692141610357837
gat,0.001,200,4,3,0.5,0.010486852294868893,0.0088177002064475
gat,0.001,200,4,4,0.0,0.0054270235407683585,0.006088847656855867
gat,0.001,200,4,4,0.1,0.007094883380664719,0.006348489540093483
gat,0.001,200,4,4,0.2,0.007741544209420681,0.006928673309984523
gat,0.001,200,4,4,0.5,0.009463615839680035,0.00751629580085722
gat,0.001,200,8,2,0.0,0.00553154196176264,0.006601450102494999
gat,0.001,200,8,2,0.1,0.007481194184058243,0.007033113548830672
gat,0.001,200,8,2,0.2,0.00796758278997408,0.007778544638303098
gat,0.001,200,8,2,0.5,0.01140613356191251,0.01001480253118392
gat,0.001,200,8,3,0.0,0.005290898121893406,0.006357988469720177
gat,0.001,200,8,3,0.1,0.006801304707510604,0.006224232970632415
gat,0.001,200,8,3,0.2,0.007349259957360725,0.006710845491630879
gat,0.001,200,8,3,0.5,0.009990361953775088,0.008334454300694327
gat,0.001,200,8,4,0.0,0.005537942579636971,0.006190874124695656
gat,0.001,200,8,4,0.1,0.006270274375047949,0.0064966218761745905
gat,0.001,200,8,4,0.2,0.006965847272011969,0.006159717622805627
gat,0.001,200,8,4,0.5,0.009244914559854402,0.006417266798185972
gat,0.001,200,16,2,0.0,0.005636891225973765,0.006428012661918836
gat,0.001,200,16,2,0.1,0.007322762161493301,0.006737626929531393
gat,0.001,200,16,2,0.2,0.008732676433606281,0.007819947951555073
gat,0.001,200,16,2,0.5,0.011742879160576397,0.0111909663557626
gat,0.001,200,16,3,0.0,0.005206460971385241,0.006379666605992762
gat,0.001,200,16,3,0.1,0.005972626525908709,0.0064388803056673275
gat,0.001,200,16,3,0.2,0.007581779774692324,0.006690900916321274
gat,0.001,200,16,3,0.5,0.009383527810374897,0.008143247866456215
gat,0.001,200,16,4,0.0,0.004794229494614733,0.0067949039660543335
gat,0.001,200,16,4,0.1,0.006056078482005331,0.006259885911227015
gat,0.001,200,16,4,0.2,0.006859621985091103,0.006371975581121925
gat,0.001,200,16,4,0.5,0.008595738497873148,0.0069803764689323035
gat,0.001,200,32,2,0.0,0.005994615227811867,0.0068902988975763305
gat,0.001,200,32,2,0.1,0.006934282566524215,0.006738775042432654
gat,0.001,200,32,2,0.2,0.008096860359526344,0.007871957512144201
gat,0.001,200,32,2,0.5,0.011482108384370804,0.01037522400938884
gat,0.001,200,32,3,0.0,0.0049538076544801395,0.00736724640620996
gat,0.001,200,32,3,0.1,0.0061228663453625305,0.006392998646447645
gat,0.001,200,32,3,0.2,0.006441715628736549,0.007128008377618777
gat,0.001,200,32,3,0.5,0.00975452061328623,0.0075922393875516025
gat,0.001,200,32,4,0.0,0.004364326782524586,0.007034047204731425
gat,0.001,200,32,4,0.1,0.00552028003666136,0.006409407383239118
gat,0.001,200,32,4,0.2,0.005460365406341023,0.0067882158832623715
gat,0.001,200,32,4,0.5,0.009125628581063614,0.006788232486208257
gat,0.001,300,4,2,0.0,0.0056838577820195095,0.005786535641147705
gat,0.001,300,4,2,0.1,0.007413477031514048,0.0067625758066065965
gat,0.001,300,4,2,0.2,0.008402134478092193,0.007733340655030174
gat,0.001,300,4,2,0.5,0.01109984703361988,0.010565772429269283
gat,0.001,300,4,3,0.0,0.005013086077653699,0.006702115946386788
gat,0.001,300,4,3,0.1,0.006550357107900911,0.006639208819830733
gat,0.001,300,4,3,0.2,0.007457134360447526,0.006842328243937823
gat,0.001,300,4,3,0.5,0.010269438123537434,0.007879275632362615
gat,0.001,300,4,4,0.0,0.005057785018450684,0.0059800888305425294
gat,0.001,300,4,4,0.1,0.006452337673140897,0.006572857872719351
gat,0.001,300,4,4,0.2,0.00682060725779997,0.006214609823372496
gat,0.001,300,4,4,0.5,0.008818292514317566,0.006833785645890012
gat,0.001,300,8,2,0.0,0.005266819625265069,0.006399195806589519
gat,0.001,300,8,2,0.1,0.007265767429230942,0.006806692344802845
gat,0.001,300,8,2,0.2,0.007468414399772883,0.007645503673335385
gat,0.001,300,8,2,0.5,0.011864453471369213,0.011308124584164015
gat,0.001,300,8,3,0.0,0.005148024981220563,0.006459448817859625
gat,0.001,300,8,3,0.1,0.005973574229412608,0.007001745910721291
gat,0.001,300,8,3,0.2,0.007344199406603972,0.00634485411566541
gat,0.001,300,8,3,0.5,0.010040131263020965,0.00808322734544178
gat,0.001,300,8,4,0.0,0.0046186602260503504,0.006319368221157018
gat,0.001,300,8,4,0.1,0.005890733665890164,0.0062030468750730264
gat,0.001,300,8,4,0.2,0.006356691444913546,0.006442775500046349
gat,0.001,300,8,4,0.5,0.008357826578948234,0.007004046077771275
gat,0.001,300,16,2,0.0,0.005143660110317998,0.00632606289141171
gat,0.001,300,16,2,0.1,0.007062540710386303,0.006786866005348569
gat,0.001,300,16,2,0.2,0.008263132938494285,0.00755604906987668
gat,0.001,300,16,2,0.5,0.010818685353216197,0.009488831812848408
gat,0.001,300,16,3,0.0,0.004792157467454672,0.0069251468170093535
gat,0.001,300,16,3,0.1,0.006460569964514838,0.006268627693559847
gat,0.001,300,16,3,0.2,0.00641809639831384,0.006266946330966627
gat,0.001,300,16,3,0.5,0.00947470337462922,0.0077110066354589835
gat,0.001,300,16,4,0.0,0.0041870247262219586,0.005861907850277648
gat,0.001,300,16,4,0.1,0.0055568028344876235,0.007014305804347964
gat,0.001,300,16,4,0.2,0.005580949462536309,0.006732423626091966
gat,0.001,300,16,4,0.5,0.008688303807543384,0.007194472876222752
gat,0.001,300,32,2,0.0,0.005662501396404372,0.0064931289807977684
gat,0.001,300,32,2,0.1,0.006313264054349727,0.007523994741461792
gat,0.001,300,32,2,0.2,0.006256767921149731,0.008080378912822228
gat,0.001,300,32,2,0.5,0.011460373343692886,0.01132215243891852
gat,0.001,300,32,3,0.0,0.004529367245009376,0.006977221675098777
gat,0.001,300,32,3,0.1,0.0055305973523192935,0.007079981257417911
gat,0.001,300,32,3,0.2,0.006839176774438884,0.006841820662938614
gat,0.001,300,32,3,0.5,0.008717476824919383,0.006961072464408913
gat,0.001,300,32,4,0.0,0.003953673597425223,0.006268199619366088
gat,0.001,300,32,4,0.1,0.004760031029582024,0.005653823287679699
gat,0.001,300,32,4,0.2,0.005299759056005213,0.006323950599993777
gat,0.001,300,32,4,0.5,0.007917213315765063,0.007231536447630771
gat,0.001,50,4,2,0.0,0.0072330363301767245,0.008116449608724086
gat,0.001,50,4,2,0.1,0.012393957386828131,0.013482132032126804
gat,0.001,50,4,2,0.2,0.008452537490261926,0.008331174106716622
gat,0.001,50,4,2,0.5,0.014499194423357646,0.016362868456091317
gat,0.001,50,4,3,0.0,0.0064466414352258045,0.007010703909656013
gat,0.001,50,4,3,0.1,0.009069559143649207,0.008394349416168656
gat,0.001,50,4,3,0.2,0.009996098631785976,0.008650693023772327
gat,0.001,50,4,3,0.5,0.010934856120083066,0.010501718178949493
gat,0.001,50,4,4,0.0,0.006852382783674531,0.007644930642962966
gat,0.001,50,4,4,0.1,0.007526131419257985,0.007168783138911561
gat,0.001,50,4,4,0.2,0.00859625455405977,0.00729538164596486
gat,0.001,50,4,4,0.5,0.014836733043193818,0.009535622711990776
gat,0.001,50,8,2,0.0,0.006963275445418225,0.007477767214087305
gat,0.001,50,8,2,0.1,0.007951170982172092,0.007366073160193509
gat,0.001,50,8,2,0.2,0.00996336614092191,0.008724212543885312
gat,0.001,50,8,2,0.5,0.012825676384899351,0.011424331477452499
gat,0.001,50,8,3,0.0,0.006128585835297903,0.006957226311971443
gat,0.001,50,8,3,0.1,0.007201080500251717,0.006952367359190003
gat,0.001,50,8,3,0.2,0.007772886732386218,0.007528164139182092
gat,0.001,50,8,3,0.5,0.01164379275093476,0.010084428938355771
gat,0.001,50,8,4,0.0,0.006087181468804677,0.00639569645461302
gat,0.001,50,8,4,0.1,0.0067518785492413575,0.00736792642623918
gat,0.001,50,8,4,0.2,0.007832189607951377,0.007659415552355164
gat,0.001,50,8,4,0.5,0.0102803743754824,0.008805022271261032
gat,0.001,50,16,2,0.0,0.006077077746805218,0.006434382975723296
gat,0.001,50,16,2,0.1,0.0068989181166721715,0.007049773652191771
gat,0.001,50,16,2,0.2,0.008203103186355696,0.008488220815625636
gat,0.001,50,16,2,0.5,0.012589676595396466,0.01161348474441184
gat,0.001,50,16,3,0.0,0.006223696728961336,0.006661401102109843
gat,0.001,50,16,3,0.1,0.007197515480220318,0.007059197575651588
gat,0.001,50,16,3,0.2,0.008661343092616234,0.007459807979476363
gat,0.001,50,16,3,0.5,0.010116238271196683,0.008550077962029801
gat,0.001,50,16,4,0.0,0.005910160185562239,0.006296387341060594
gat,0.001,50,16,4,0.1,0.00707665950887733,0.007085300690241247
gat,0.001,50,16,4,0.2,0.008106656848556465,0.006983123585622408
gat,0.001,50,16,4,0.5,0.009523173566493723,0.008405851250748686
gat,0.001,50,32,2,0.0,0.006191371339890692,0.006537985504279397
gat,0.001,50,32,2,0.1,0.00772387014908923,0.007057590166468519
gat,0.001,50,32,2,0.2,0.009129452519118786,0.007729225759401648
gat,0.001,50,32,2,0.5,0.012053316583236058,0.010817722198565893
gat,0.001,50,32,3,0.0,0.006105032159636418,0.006897687198971258
gat,0.001,50,32,3,0.1,0.007305258471104834,0.006855351936140242
gat,0.001,50,32,3,0.2,0.008548759503497018,0.008301364871211626
gat,0.001,50,32,3,0.5,0.010115218638545937,0.009517988463253002
gat,0.001,50,32,4,0.0,0.006033785610149304,0.006127797373003241
gat,0.001,50,32,4,0.1,0.007446142555110984,0.008063879292287912
gat,0.001,50,32,4,0.2,0.0072970076257156,0.006882842630150088
gat,0.001,50,32,4,0.5,0.009371402797599633,0.008653156953484054
gat,0.001,100,4,2,0.0,0.006252898441420661,0.006591576603758598
gat,0.001,100,4,2,0.1,0.00806346291469203,0.0076623646457332885
gat,0.001,100,4,2,0.2,0.008729280158877372,0.007999721075686961
gat,0.001,100,4,2,0.5,0.012583537813689974,0.011262130882781496
gat,0.001,100,4,3,0.0,0.006185933595730199,0.006377901615473381
gat,0.001,100,4,3,0.1,0.007420548941526148,0.006877752519573677
gat,0.001,100,4,3,0.2,0.008177242241799831,0.008228197799889547
gat,0.001,100,4,3,0.5,0.010396148098839654,0.009720726406522684
gat,0.001,100,4,4,0.0,0.0059153880510065295,0.0069478801300767445
gat,0.001,100,4,4,0.1,0.007790397728482882,0.00733789929273998
gat,0.001,100,4,4,0.2,0.007859699945482943,0.00739255653860198
gat,0.001,100,4,4,0.5,0.010256225429475307,0.008992457514165619
gat,0.001,100,8,2,0.0,0.006087945205056005,0.006471745975979282
gat,0.001,100,8,2,0.1,0.007818695737255944,0.007746891352610086
gat,0.001,100,8,2,0.2,0.007866145773894257,0.00823507772199703
gat,0.001,100,8,2,0.5,0.012589907853139772,0.010608129712411807
gat,0.001,100,8,3,0.0,0.005950338114053011,0.006461197832276611
gat,0.001,100,8,3,0.1,0.006800932064652443,0.0068365581139950395
gat,0.001,100,8,3,0.2,0.00698800752353337,0.007341814132403357
gat,0.001,100,8,3,0.5,0.009538198676374223,0.009298799583618612
gat,0.001,100,8,4,0.0,0.006292291715120276,0.006546411845308686
gat,0.001,100,8,4,0.1,0.006549383968942695,0.006795608448937696
gat,0.001,100,8,4,0.2,0.007271062955260277,0.007304428121615492
gat,0.001,100,8,4,0.5,0.009407024830579758,0.008899551227743463
gat,0.001,100,16,2,0.0,0.006031478382647037,0.006565860347540231
gat,0.001,100,16,2,0.1,0.006593450376143058,0.007026637075279929
gat,0.001,100,16,2,0.2,0.008774750793559685,0.007994873964457328
gat,0.001,100,16,2,0.5,0.012022986138860384,0.010728938640774843
gat,0.001,100,16,3,0.0,0.0055211835126909945,0.006501566683671389
gat,0.001,100,16,3,0.1,0.0065965192702909315,0.006654078944829345
gat,0.001,100,16,3,0.2,0.007361014756477541,0.007252424565126869
gat,0.001,100,16,3,0.5,0.009987245707048311,0.008345467100844429
gat,0.001,100,16,4,0.0,0.005007626969988147,0.007590101744622779
gat,0.001,100,16,4,0.1,0.006501142939345704,0.006524773385907156
gat,0.001,100,16,4,0.2,0.006842822498745389,0.006801463971218192
gat,0.001,100,16,4,0.5,0.009260169716758861,0.007992579419022938
gat,0.001,100,32,2,0.0,0.005648679061171909,0.0067924207394465695
gat,0.001,100,32,2,0.1,0.0074556820042845275,0.00687237079083165
gat,0.001,100,32,2,0.2,0.007837661210861472,0.00818790103405942
gat,0.001,100,32,2,0.5,0.011820082738995551,0.009325933039985856
gat,0.001,100,32,3,0.0,0.0056180014378494686,0.00678654749194314
gat,0.001,100,32,3,0.1,0.006539220290465488,0.0065216330663727005
gat,0.001,100,32,3,0.2,0.0071187980680002105,0.006929638964595086
gat,0.001,100,32,3,0.5,0.009271022801597913,0.008617990847409218
gat,0.001,100,32,4,0.0,0.005146340684344371,0.0063033005067127945
gat,0.001,100,32,4,0.1,0.006989750214334991,0.006152257398626393
gat,0.001,100,32,4,0.2,0.006582705345418718,0.008264805295296895
gat,0.001,100,32,4,0.5,0.008703403754366769,0.007245094754145054
gat,0.001,200,4,2,0.0,0.005830226574713985,0.006806489579086894
gat,0.001,200,4,2,0.1,0.0071307852864265445,0.007397402445571277
gat,0.001,200,4,2,0.2,0.008509153003493945,0.007472367110842382
gat,0.001,200,4,2,0.5,0.011883326826824083,0.010694249644388365
gat,0.001,200,4,3,0.0,0.005721599888056516,0.006557889330848466
gat,0.001,200,4,3,0.1,0.006845990816752116,0.0066626778155420615
gat,0.001,200,4,3,0.2,0.007791206075085534,0.007488513806803354
gat,0.001,200,4,3,0.5,0.010322416490978665,0.008569809698852394
gat,0.001,200,4,4,0.0,0.0056119188045461975,0.00641358899457396
gat,0.001,200,4,4,0.1,0.006573888949222035,0.0067492573019843904
gat,0.001,200,4,4,0.2,0.007312231345309152,0.007305344922496304
gat,0.001,200,4,4,0.5,0.00966199975874689,0.008218886174341855
gat,0.001,200,8,2,0.0,0.0058386671667297685,0.006393565104951926
gat,0.001,200,8,2,0.1,0.006426921010845237,0.007738252809135493
gat,0.001,200,8,2,0.2,0.008604327692753738,0.008087425990862162
gat,0.001,200,8,2,0.5,0.011709122856458028,0.010143370035610767
gat,0.001,200,8,3,0.0,0.005352083598780963,0.006916988747950215
gat,0.001,200,8,3,0.1,0.0065745784383681085,0.00707030811750482
gat,0.001,200,8,3,0.2,0.00744221287055148,0.007112643139420438
gat,0.001,200,8,3,0.5,0.010486647776431508,0.009123419033297896
gat,0.001,200,8,4,0.0,0.005245499954455429,0.007506548099738652
gat,0.001,200,8,4,0.1,0.006344991746462054,0.0069118110212694536
gat,0.001,200,8,4,0.2,0.007035845331847668,0.006642393434929339
gat,0.001,200,8,4,0.5,0.00921472017135885,0.007155572107912378
gat,0.001,200,16,2,0.0,0.005752118966645665,0.006709829251705846
gat,0.001,200,16,2,0.1,0.006959901988092396,0.007787384176908341
gat,0.001,200,16,2,0.2,0.007552492804825306,0.008787165250429153
gat,0.001,200,16,2,0.5,0.012099764475391971,0.01028785861413779
gat,0.001,200,16,3,0.0,0.005091871176328924,0.006279549800510509
gat,0.001,200,16,3,0.1,0.006255648699071672,0.007014094414422733
gat,0.001,200,16,3,0.2,0.0074121551174256535,0.0072343383259185325
gat,0.001,200,16,3,0.5,0.010268163101540672,0.0086402207783981
gat,0.001,200,16,4,0.0,0.004637871245439682,0.006798193196230184
gat,0.001,200,16,4,0.1,0.006005575383702914,0.006672687762478091
gat,0.001,200,16,4,0.2,0.0063723433141907055,0.0063317085503786785
gat,0.001,200,16,4,0.5,0.008711852360930708,0.006825850733267314
gat,0.001,200,32,2,0.0,0.005660683558219009,0.00701356477574695
gat,0.001,200,32,2,0.1,0.0064466011400024096,0.006946278339117118
gat,0.001,200,32,2,0.2,0.008048855120109187,0.008266355270467618
gat,0.001,200,32,2,0.5,0.012210749855471981,0.009724259710534366
gat,0.001,200,32,3,0.0,0.0044125001463625165,0.006983902897713268
gat,0.001,200,32,3,0.1,0.006015323092126184,0.005926447472286611
gat,0.001,200,32,3,0.2,0.007144683739170432,0.007126786636599647
gat,0.001,200,32,3,0.5,0.00961177922371361,0.007322958242689759
gat,0.001,200,32,4,0.0,0.004040240672313505,0.00779731957877614
gat,0.001,200,32,4,0.1,0.0051531608526905375,0.006275385786759458
gat,0.001,200,32,4,0.2,0.005515109726952182,0.00601061315669158
gat,0.001,200,32,4,0.5,0.007738723026381599,0.006942566000903749
gat,0.001,300,4,2,0.0,0.0059843344510429435,0.006666077102498935
gat,0.001,300,4,2,0.1,0.006703265859848923,0.00708078000460779
gat,0.001,300,4,2,0.2,0.00816896895153655,0.008357181413464799
gat,0.001,300,4,2,0.5,0.011863745842128992,0.010978521598157908
gat,0.001,300,4,3,0.0,0.005452999726144804,0.006003515975537099
gat,0.001,300,4,3,0.1,0.006594832013878557,0.00669609182945532
gat,0.001,300,4,3,0.2,0.007683348365955882,0.00740063774272397
gat,0.001,300,4,3,0.5,0.009889903499020471,0.009212471715120985
gat,0.001,300,4,4,0.0,0.0051303237676620485,0.006883401885095286
gat,0.001,300,4,4,0.1,0.0063722326523727845,0.007137220284106793
gat,0.001,300,4,4,0.2,0.007071145696358548,0.006886850524317723
gat,0.001,300,4,4,0.5,0.008603662252426147,0.008081420611847889
gat,0.001,300,8,2,0.0,0.005239067744049761,0.006197402310972144
gat,0.001,300,8,2,0.1,0.0071580237708985806,0.008007756698460456
gat,0.001,300,8,2,0.2,0.008235061706768142,0.008188420099128657
gat,0.001,300,8,2,0.5,0.012583309536178906,0.010038469387527482
gat,0.001,300,8,3,0.0,0.004867792574481832,0.006801677189420841
gat,0.001,300,8,3,0.1,0.006603807210922241,0.006477354139963709
gat,0.001,300,8,3,0.2,0.006978220037288136,0.006877040463065165
gat,0.001,300,8,3,0.5,0.00967936666889323,0.0093424399982599
gat,0.001,300,8,4,0.0,0.004972029394573635,0.006034354552684818
gat,0.001,300,8,4,0.1,0.005789616010669205,0.006565543150023867
gat,0.001,300,8,4,0.2,0.006265821038848824,0.006760802102739771
gat,0.001,300,8,4,0.5,0.008616611915123132,0.007056576973681871
gat,0.001,300,16,2,0.0,0.005219747964292765,0.0067191521161251485
gat,0.001,300,16,2,0.1,0.0064034632821049955,0.0072741541722689766
gat,0.001,300,16,2,0.2,0.007696678530838754,0.008829500896826058
gat,0.001,300,16,2,0.5,0.011427300268163283,0.010838262039770386
gat,0.001,300,16,3,0.0,0.005027268718307217,0.006690514564241035
gat,0.001,300,16,3,0.1,0.005947370009703769,0.007198833277593053
gat,0.001,300,16,3,0.2,0.006535701122548845,0.009301066319998963
gat,0.001,300,16,3,0.5,0.009540727455168962,0.008486008338381822
gat,0.001,300,16,4,0.0,0.004377617686986923,0.005940686792159866
gat,0.001,300,16,4,0.1,0.0051015168014499875,0.00667184198715427
gat,0.001,300,16,4,0.2,0.005786946167548498,0.0068826387694588265
gat,0.001,300,16,4,0.5,0.00764909978542063,0.006499185024267717
gat,0.001,300,32,2,0.0,0.005436130473390222,0.007249555722634615
gat,0.001,300,32,2,0.1,0.0067607653223805955,0.007410425990878289
gat,0.001,300,32,2,0.2,0.007221608135538796,0.008528403003059215
gat,0.001,300,32,2,0.5,0.011315248741043938,0.01072361651423066
gat,0.001,300,32,3,0.0,0.004089745165159305,0.0071322167871308295
gat,0.001,300,32,3,0.1,0.005329427247246107,0.006023341542243798
gat,0.001,300,32,3,0.2,0.0059263513320022155,0.006238693412261842
gat,0.001,300,32,3,0.5,0.01030769216724568,0.008002730809123837
gat,0.001,300,32,4,0.0,0.003816383264751898,0.007652268039960064
gat,0.001,300,32,4,0.1,0.004442865753339397,0.007321160833403439
gat,0.001,300,32,4,0.2,0.005242190023677216,0.006047715773053408
gat,0.001,300,32,4,0.5,0.007854196677605311,0.0073725290106814835
gat,0.001,50,4,2,0.0,0.012331095399955909,0.011222925865704347
gat,0.001,50,4,2,0.1,0.015155572692553203,0.013727030730456845
gat,0.001,50,4,2,0.2,0.015620706313186222,0.013590038695228212
gat,0.001,50,4,2,0.5,0.013403641908533043,0.010653456553740791
gat,0.001,50,4,3,0.0,0.00656489429788457,0.007363614090799153
gat,0.001,50,4,3,0.1,0.007302056439220906,0.006909588109303222
gat,0.001,50,4,3,0.2,0.00914798080921173,0.008329746600578947
gat,0.001,50,4,3,0.5,0.010256248381402757,0.008782724596891712
gat,0.001,50,4,4,0.0,0.006198738101455901,0.0065891091157746825
gat,0.001,50,4,4,0.1,0.006852834413035048,0.008019157183251214
gat,0.001,50,4,4,0.2,0.008883590665128496,0.008070377846848054
gat,0.001,50,4,4,0.5,0.01154671592844857,0.008249343002777288
gat,0.001,50,8,2,0.0,0.006239275323847929,0.006779287714665827
gat,0.001,50,8,2,0.1,0.00810778909880254,0.006817581075621071
gat,0.001,50,8,2,0.2,0.00875247156040536,0.007141844743561432
gat,0.001,50,8,2,0.5,0.013245073830087979,0.01025341369184849
gat,0.001,50,8,3,0.0,0.00609192390822702,0.006462582802788308
gat,0.001,50,8,3,0.1,0.0070541495664252175,0.006920601481128319
gat,0.001,50,8,3,0.2,0.008594286193450292,0.007666709464948252
gat,0.001,50,8,3,0.5,0.011088833833734194,0.008428282753219385
gat,0.001,50,8,4,0.0,0.0061228458873099755,0.006943081803037554
gat,0.001,50,8,4,0.1,0.007226397210939063,0.007467252101694122
gat,0.001,50,8,4,0.2,0.007871700512866179,0.007974689464654095
gat,0.001,50,8,4,0.5,0.010635977735122044,0.008873167691044515
gat,0.001,50,16,2,0.0,0.006165252512113916,0.007007992810705676
gat,0.001,50,16,2,0.1,0.007558169516010417,0.006680996418436358
gat,0.001,50,16,2,0.2,0.009329427426887884,0.007412886228659943
gat,0.001,50,16,2,0.5,0.012059871893790033,0.008329118985160377
gat,0.001,50,16,3,0.0,0.006079690499852101,0.006931797332010525
gat,0.001,50,16,3,0.1,0.007267217089732488,0.006661843447925886
gat,0.001,50,16,3,0.2,0.007867153050998847,0.006826652112650678
gat,0.001,50,16,3,0.5,0.01010611986534463,0.008745755422988744
gat,0.001,50,16,4,0.0,0.005845494692524275,0.006248031634689255
gat,0.001,50,16,4,0.1,0.006703199451375339,0.00687941019484013
gat,0.001,50,16,4,0.2,0.007924494230084948,0.00766301130522482
gat,0.001,50,16,4,0.5,0.009002910937286085,0.008554558722479389
gat,0.001,50,32,2,0.0,0.005957846198644903,0.007000901064257636
gat,0.001,50,32,2,0.1,0.007806213551925289,0.00729890773932027
gat,0.001,50,32,2,0.2,0.009249499026272033,0.007215073296580954
gat,0.001,50,32,2,0.5,0.012931703776121139,0.009103973738241677
gat,0.001,50,32,3,0.0,0.005904757572958867,0.006228108061555648
gat,0.001,50,32,3,0.1,0.007939194856832425,0.007893307519033943
gat,0.001,50,32,3,0.2,0.007438986851937241,0.00760317832217341
gat,0.001,50,32,3,0.5,0.010893139822615517,0.008642269521133273
gat,0.001,50,32,4,0.0,0.005894132972591453,0.006854418221273218
gat,0.001,50,32,4,0.1,0.006842114579760366,0.007006284664600226
gat,0.001,50,32,4,0.2,0.007015503342780802,0.006932560847045188
gat,0.001,50,32,4,0.5,0.009905470266110368,0.007671281077070713
gat,0.001,100,4,2,0.0,0.006497681472036574,0.007319056791678946
gat,0.001,100,4,2,0.1,0.007962145884003903,0.007595925456056562
gat,0.001,100,4,2,0.2,0.010074472510152394,0.00728619477900958
gat,0.001,100,4,2,0.5,0.01307679849366347,0.009407749812472766
gat,0.001,100,4,3,0.0,0.0058688735278944176,0.006526912156271436
gat,0.001,100,4,3,0.1,0.007136063029368718,0.007228454082695545
gat,0.001,100,4,3,0.2,0.007970441629489263,0.007713868288755954
gat,0.001,100,4,3,0.5,0.011007627358453141,0.009132772421971502
gat,0.001,100,4,4,0.0,0.00616231897018022,0.007077243795979893
gat,0.001,100,4,4,0.1,0.007010146872036987,0.007304940077955013
gat,0.001,100,4,4,0.2,0.007946412058340178,0.007780949620513944
gat,0.001,100,4,4,0.5,0.010357100413077407,0.008400619241989028
gat,0.001,100,8,2,0.0,0.005892949716912376,0.006816041597104583
gat,0.001,100,8,2,0.1,0.007051518725024329,0.006867652930057489
gat,0.001,100,8,2,0.2,0.0076771939690742225,0.006860158605427102
gat,0.001,100,8,2,0.5,0.012637298636966282,0.008981372305173974
gat,0.001,100,8,3,0.0,0.005716783408489492,0.006037962311953482
gat,0.001,100,8,3,0.1,0.00677669205599361,0.006550407287261262
gat,0.001,100,8,3,0.2,0.00834982693195343,0.007216547948885754
gat,0.001,100,8,3,0.5,0.00992002257456382,0.008670244642469793
gat,0.001,100,8,4,0.0,0.005764080490916967,0.005935026933019572
gat,0.001,100,8,4,0.1,0.007418391398257679,0.0070642943703369985
gat,0.001,100,8,4,0.2,0.007527997189511856,0.007226597947466384
gat,0.001,100,8,4,0.5,0.008865161860982577,0.008450531523303528
gat,0.001,100,16,2,0.0,0.005767490119776792,0.006481212475241538
gat,0.001,100,16,2,0.1,0.0073522481860386,0.006467511321354635
gat,0.001,100,16,2,0.2,0.009201467213117414,0.007214074931028947
gat,0.001,100,16,2,0.5,0.011636461255451043,0.008722513118404685
gat,0.001,100,16,3,0.0,0.005717416842364603,0.0059910819680475845
gat,0.001,100,16,3,0.1,0.006710241372800536,0.0066129313571726914
gat,0.001,100,16,3,0.2,0.007831781905972295,0.006957796924307846
gat,0.001,100,16,3,0.5,0.009124499652534724,0.007938442653439815
gat,0.001,100,16,4,0.0,0.005661718319687578,0.006091704291003008
gat,0.001,100,16,4,0.1,0.007108137218488587,0.00688373433995082
gat,0.001,100,16,4,0.2,0.006748755907432901,0.006743032677246674
gat,0.001,100,16,4,0.5,0.009127545770671633,0.008200893515879848
gat,0.001,100,32,2,0.0,0.005830537662323978,0.006222798859471546
gat,0.001,100,32,2,0.1,0.00792915095678634,0.0075819939264428985
gat,0.001,100,32,2,0.2,0.008191856245199839,0.007061601797394968
gat,0.001,100,32,2,0.5,0.012285577402346664,0.00926901738233985
gat,0.001,100,32,3,0.0,0.005449920991021726,0.00605747217694601
gat,0.001,100,32,3,0.1,0.007475676853209734,0.0066819628911019
gat,0.001,100,32,3,0.2,0.007908587778608004,0.006994553795346104
gat,0.001,100,32,3,0.5,0.010045265985859765,0.007892440840158877
gat,0.001,100,32,4,0.0,0.0051427591695553726,0.005699078626563025
gat,0.001,100,32,4,0.1,0.00638437896139092,0.006212619144834175
gat,0.001,100,32,4,0.2,0.0069807727717691,0.006344082880732582
gat,0.001,100,32,4,0.5,0.00968133056950238,0.008245113598831021
gat,0.001,200,4,2,0.0,0.006142919200162093,0.00690343753516105
gat,0.001,200,4,2,0.1,0.0072490098575750984,0.007153239455788984
gat,0.001,200,4,2,0.2,0.008113747281539772,0.007277906185000305
gat,0.001,200,4,2,0.5,0.01163022785137097,0.009396984495763316
gat,0.001,200,4,3,0.0,0.005540357354200548,0.005648579580953506
gat,0.001,200,4,3,0.1,0.0074785641911957,0.0072513601937750135
gat,0.001,200,4,3,0.2,0.008069479568964906,0.007732823068851591
gat,0.001,200,4,3,0.5,0.010338732667474284,0.00862212563599316
gat,0.001,200,4,4,0.0,0.005658677303128772,0.006463320223295721
gat,0.001,200,4,4,0.1,0.006862222196327316,0.006852362222083741
gat,0.001,200,4,4,0.2,0.0073277865846951805,0.007060283812754431
gat,0.001,200,4,4,0.5,0.009336618934240606,0.008000991061005002
gat,0.001,200,8,2,0.0,0.005906705972221163,0.006752642812358012
gat,0.001,200,8,2,0.1,0.007636001949302024,0.007055276589735637
gat,0.001,200,8,2,0.2,0.008793706032964919,0.0070441786276333575
gat,0.001,200,8,2,0.5,0.012584138568490744,0.008666486983996701
gat,0.001,200,8,3,0.0,0.005621373746544122,0.005564524955263828
gat,0.001,200,8,3,0.1,0.006934582545525498,0.006286086234605914
gat,0.001,200,8,3,0.2,0.006518710466722647,0.006390252631805371
gat,0.001,200,8,3,0.5,0.010123954237335258,0.008450223862574546
gat,0.001,200,8,4,0.0,0.005915060101283921,0.005915299955057218
gat,0.001,200,8,4,0.1,0.006338412718226512,0.00609662847546204
gat,0.001,200,8,4,0.2,0.007281455045772924,0.006322657433172374
gat,0.001,200,8,4,0.5,0.009685936611559656,0.007555696687957169
gat,0.001,200,16,2,0.0,0.00571273753626479,0.005723145960033626
gat,0.001,200,16,2,0.1,0.0071516369572944116,0.006338147871149236
gat,0.001,200,16,2,0.2,0.0075442725171645485,0.0067669972103636235
gat,0.001,200,16,2,0.5,0.010545863811340596,0.007493933329533853
gat,0.001,200,16,3,0.0,0.0051436398281819295,0.0058816080759762635
gat,0.001,200,16,3,0.1,0.006462485363913907,0.0059706368974518755
gat,0.001,200,16,3,0.2,0.007225967364178763,0.006426144239762089
gat,0.001,200,16,3,0.5,0.009791881301336819,0.00761097876021175
gat,0.001,200,16,4,0.0,0.004618275517390834,0.006815674596198118
gat,0.001,200,16,4,0.1,0.005868455017399457,0.0060915715178488485
gat,0.001,200,16,4,0.2,0.006262684427201748,0.0063595875100968865
gat,0.001,200,16,4,0.5,0.0086505647127827,0.006555135393658507
gat,0.001,200,32,2,0.0,0.005247321476538976,0.005805298899633726
gat,0.001,200,32,2,0.1,0.006522467349552446,0.005999504193991622
gat,0.001,200,32,2,0.2,0.007920616161492136,0.006666608406663332
gat,0.001,200,32,2,0.5,0.011501529647244348,0.007299652050948247
gat,0.001,200,32,3,0.0,0.004525761720207002,0.006034785987988123
gat,0.001,200,32,3,0.1,0.005766107835289505,0.006720376207057832
gat,0.001,200,32,3,0.2,0.006841102863351504,0.006570493238122132
gat,0.001,200,32,3,0.5,0.009032847194208039,0.007275918243673818
gat,0.001,200,32,4,0.0,0.004445509933349159,0.005547499322763549
gat,0.001,200,32,4,0.1,0.004986073801087009,0.007076392747876525
gat,0.001,200,32,4,0.2,0.0058529277021686235,0.006024814958365354
gat,0.001,200,32,4,0.5,0.009399477878792419,0.006445518002870987
gat,0.001,300,4,2,0.0,0.0055083433166146275,0.0062547387401243
gat,0.001,300,4,2,0.1,0.007353460271325376,0.006783616611298981
gat,0.001,300,4,2,0.2,0.008671965532832676,0.007383708036571779
gat,0.001,300,4,2,0.5,0.01226322508106629,0.008366071070363556
gat,0.001,300,4,3,0.0,0.005326306447386742,0.006277525616174895
gat,0.001,300,4,3,0.1,0.006814594186532001,0.006742001777962159
gat,0.001,300,4,3,0.2,0.007057797163724899,0.006714377059337373
gat,0.001,300,4,3,0.5,0.010642919078883198,0.008318764520362976
gat,0.001,300,4,4,0.0,0.005399511237111357,0.005645495805197598
gat,0.001,300,4,4,0.1,0.006534218995107545,0.006545712513730084
gat,0.001,300,4,4,0.2,0.007526206018196212,0.006956325221572257
gat,0.001,300,4,4,0.5,0.008618817473244335,0.007595151507376307
gat,0.001,300,8,2,0.0,0.005688898886243503,0.006712203604942335
gat,0.001,300,8,2,0.1,0.00652094218466017,0.0062000418010955015
gat,0.001,300,8,2,0.2,0.007443275116384029,0.0067007105256709385
gat,0.001,300,8,2,0.5,0.012046145968553093,0.007586757841949954
gat,0.001,300,8,3,0.0,0.005043639325433307,0.005492533961296964
gat,0.001,300,8,3,0.1,0.006060814702262481,0.00625935413701475
gat,0.001,300,8,3,0.2,0.007405679176251094,0.006589721701426221
gat,0.001,300,8,3,0.5,0.009880119148227904,0.007748415252404506
gat,0.001,300,8,4,0.0,0.004799757235580021,0.0066845623224893735
gat,0.001,300,8,4,0.1,0.006041329954233434,0.005788772182485413
gat,0.001,300,8,4,0.2,0.0062436247968839275,0.006224788536805104
gat,0.001,300,8,4,0.5,0.008240788688676224,0.00633395111216375
gat,0.001,300,16,2,0.0,0.005292663743926419,0.0061783108539866126
gat,0.001,300,16,2,0.1,0.0073624270036816595,0.006883914992805185
gat,0.001,300,16,2,0.2,0.007295346756776174,0.00678893728848049
gat,0.001,300,16,2,0.5,0.012001478672027588,0.006980313087515811
gat,0.001,300,16,3,0.0,0.00458177195654975,0.006468800231946759
gat,0.001,300,16,3,0.1,0.006218290660116407,0.006419191109552536
gat,0.001,300,16,3,0.2,0.006702690281801754,0.006425309865286355
gat,0.001,300,16,3,0.5,0.009114987444546488,0.007106313204298065
gat,0.001,300,16,4,0.0,0.004130655620247126,0.006216188312290161
gat,0.001,300,16,4,0.1,0.004931656281567282,0.0062479325776238605
gat,0.001,300,16,4,0.2,0.005880421451810333,0.00585513866226135
gat,0.001,300,16,4,0.5,0.007604787105487453,0.005914913257933918
gat,0.001,300,32,2,0.0,0.004903045751982265,0.00579301108238095
gat,0.001,300,32,2,0.1,0.006009054763449563,0.005563722796963688
gat,0.001,300,32,2,0.2,0.007191045737514893,0.006887504484337725
gat,0.001,300,32,2,0.5,0.011853495488564174,0.008808140046140434
gat,0.001,300,32,3,0.0,0.004556769536187251,0.006389895520424638
gat,0.001,300,32,3,0.1,0.005922399854494466,0.005482802350169358
gat,0.001,300,32,3,0.2,0.006487377505335543,0.006491794403122952
gat,0.001,300,32,3,0.5,0.010442965187960201,0.006794457836028745
gat,0.001,300,32,4,0.0,0.004007269442081451,0.007030744335297001
gat,0.001,300,32,4,0.1,0.004690371619330512,0.006080612233341753
gat,0.001,300,32,4,0.2,0.0049008664700927,0.006025073652634294
gat,0.001,300,32,4,0.5,0.007912794024580054,0.0060729500502822555
gat,0.001,50,4,2,0.0,0.007180050284498267,0.007881385018734921
gat,0.001,50,4,2,0.1,0.01325942538678646,0.012736927680730935
gat,0.001,50,4,2,0.2,0.00918348588877254,0.007509412768261381
gat,0.001,50,4,2,0.5,0.012240698664552636,0.010709691522160636
gat,0.001,50,4,3,0.0,0.006532255446331368,0.008014131043364348
gat,0.001,50,4,3,0.1,0.007250224302212397,0.007815341076878734
gat,0.001,50,4,3,0.2,0.008635027892887592,0.007635052641015961
gat,0.001,50,4,3,0.5,0.01303324175791608,0.01041669523062545
gat,0.001,50,4,4,0.0,0.006318318512704637,0.007101162049433096
gat,0.001,50,4,4,0.1,0.008421637718048361,0.007903992852504782
gat,0.001,50,4,4,0.2,0.008897163977639542,0.00820502858161216
gat,0.001,50,4,4,0.5,0.013049644976854324,0.00914036348604741
gat,0.001,50,8,2,0.0,0.00616620352698697,0.007902751950848153
gat,0.001,50,8,2,0.1,0.0071538791112187835,0.007133285224381769
gat,0.001,50,8,2,0.2,0.00898219403396878,0.007671554460813912
gat,0.001,50,8,2,0.5,0.012863628193736076,0.010494812336966319
gat,0.001,50,8,3,0.0,0.006178997229370806,0.007561461278079218
gat,0.001,50,8,3,0.1,0.007485338321162595,0.007933746556158017
gat,0.001,50,8,3,0.2,0.00842304051750236,0.0076590264437209395
gat,0.001,50,8,3,0.5,0.011267195817910962,0.008973039533133331
gat,0.001,50,8,4,0.0,0.005991059541702271,0.0073553734410751305
gat,0.001,50,8,4,0.1,0.007159310310251183,0.007824556894532809
gat,0.001,50,8,4,0.2,0.008192564722978406,0.008159469218004745
gat,0.001,50,8,4,0.5,0.011069765024715,0.008362701182828669
gat,0.001,50,16,2,0.0,0.005969160484770934,0.007133702126829444
gat,0.001,50,16,2,0.1,0.00799194106625186,0.00831753347028732
gat,0.001,50,16,2,0.2,0.008490237738523218,0.008691950422549156
gat,0.001,50,16,2,0.5,0.011538594764553838,0.009708634844088326
gat,0.001,50,16,3,0.0,0.00586948042942418,0.007444598789443635
gat,0.001,50,16,3,0.1,0.00707209457953771,0.007563504784619202
gat,0.001,50,16,3,0.2,0.008184644093530046,0.007859901195766027
gat,0.001,50,16,3,0.5,0.010420770632723968,0.00885494035333192
gat,0.001,50,16,4,0.0,0.006030982981125514,0.006779979663353508
gat,0.001,50,16,4,0.1,0.007306290376517508,0.007430908921138712
gat,0.001,50,16,4,0.2,0.007523661500049962,0.007510521118071978
gat,0.001,50,16,4,0.5,0.009592879273825222,0.00860814142654549
gat,0.001,50,32,2,0.0,0.00604150869573156,0.007262112509977836
gat,0.001,50,32,2,0.1,0.007113282692929109,0.008330183155663029
gat,0.001,50,32,2,0.2,0.008603589940402242,0.00797781391451311
gat,0.001,50,32,2,0.5,0.012844100015030967,0.010100035471728752
gat,0.001,50,32,3,0.0,0.005688750992218653,0.006997906406154187
gat,0.001,50,32,3,0.1,0.00702648407055272,0.0074813278029568055
gat,0.001,50,32,3,0.2,0.00790747751792272,0.007815116170972303
gat,0.001,50,32,3,0.5,0.010117084367407693,0.008240584592109367
gat,0.001,50,32,4,0.0,0.00593103107271923,0.006965016708713456
gat,0.001,50,32,4,0.1,0.007142735365778208,0.007564628098085535
gat,0.001,50,32,4,0.2,0.007442767918109894,0.008014192017908161
gat,0.001,50,32,4,0.5,0.009250630272759332,0.00846846597010753
gat,0.001,100,4,2,0.0,0.006096304104559951,0.00785047762661728
gat,0.001,100,4,2,0.1,0.0077566265852914915,0.008096889310708733
gat,0.001,100,4,2,0.2,0.012386898779206805,0.013105948287744074
gat,0.001,100,4,2,0.5,0.012040367225805919,0.010568658984538803
gat,0.001,100,4,3,0.0,0.006020936193979449,0.007038024136887167
gat,0.001,100,4,3,0.1,0.007453242378930251,0.007764388989326765
gat,0.001,100,4,3,0.2,0.008079602921174631,0.00796250262538285
gat,0.001,100,4,3,0.5,0.01129115658501784,0.009136196805196306
gat,0.001,100,4,4,0.0,0.00600192519939608,0.007325354179853161
gat,0.001,100,4,4,0.1,0.007115664188232687,0.007340208071412846
gat,0.001,100,4,4,0.2,0.007745268190693524,0.007727726616330521
gat,0.001,100,4,4,0.5,0.00991764243485199,0.008352013944266901
gat,0.001,100,8,2,0.0,0.005782990188648304,0.007105306314221682
gat,0.001,100,8,2,0.1,0.00804346435599857,0.008196356469304611
gat,0.001,100,8,2,0.2,0.009659232954598135,0.008542804577066843
gat,0.001,100,8,2,0.5,0.012610452497998874,0.009203449993810864
gat,0.001,100,8,3,0.0,0.005988236444277896,0.007154668690554367
gat,0.001,100,8,3,0.1,0.006650387723412778,0.007307305966226796
gat,0.001,100,8,3,0.2,0.00786767742700047,0.007663074507020973
gat,0.001,100,8,3,0.5,0.009621137711736892,0.008400670973599488
gat,0.001,100,8,4,0.0,0.005769160622730851,0.006804347052449877
gat,0.001,100,8,4,0.1,0.007404276356101036,0.007483482848831624
gat,0.001,100,8,4,0.2,0.00675731079859866,0.007291587960011369
gat,0.001,100,8,4,0.5,0.00888725175625748,0.008454560186189041
gat,0.001,100,16,2,0.0,0.005886481971376472,0.00721485956633181
gat,0.001,100,16,2,0.1,0.00718165131078826,0.007402514322700604
gat,0.001,100,16,2,0.2,0.007909201747841306,0.007048975782337497
gat,0.001,100,16,2,0.5,0.01187479698823558,0.009141371173226265
gat,0.001,100,16,3,0.0,0.0055552476396163305,0.006153614975661715
gat,0.001,100,16,3,0.1,0.006337653584260907,0.007545131327780031
gat,0.001,100,16,3,0.2,0.007073639012459252,0.007546648254167554
gat,0.001,100,16,3,0.5,0.009312573365039295,0.008696968562121122
gat,0.001,100,16,4,0.0,0.005465029583623012,0.0063068639038935895
gat,0.001,100,16,4,0.1,0.006742776366364625,0.00723422327313763
gat,0.001,100,16,4,0.2,0.006717885347704093,0.007422936662269208
gat,0.001,100,16,4,0.5,0.008811555181940397,0.008351927280823101
gat,0.001,100,32,2,0.0,0.0055409612082358865,0.0067105755334289086
gat,0.001,100,32,2,0.1,0.0072384188676046,0.007290328032887583
gat,0.001,100,32,2,0.2,0.008878157774193419,0.008219847955698079
gat,0.001,100,32,2,0.5,0.009882524216340647,0.008325965617997966
gat,0.001,100,32,3,0.0,0.005729757870237033,0.007061039594173746
gat,0.001,100,32,3,0.1,0.005983403457018237,0.00671339563099016
gat,0.001,100,32,3,0.2,0.007772947568446398,0.007426511340105702
gat,0.001,100,32,3,0.5,0.009555880984084473,0.008332409833842914
gat,0.001,100,32,4,0.0,0.005318877442429463,0.007019120907980269
gat,0.001,100,32,4,0.1,0.005926043612675534,0.006671633900815532
gat,0.001,100,32,4,0.2,0.006787707294440932,0.007018376702101215
gat,0.001,100,32,4,0.5,0.008692795348664125,0.0076615079077341445
gat,0.001,200,4,2,0.0,0.00591635984989504,0.0077425521473064585
gat,0.001,200,4,2,0.1,0.007069935028751691,0.008108063237369479
gat,0.001,200,4,2,0.2,0.008742464556255275,0.008194987970808577
gat,0.001,200,4,2,0.5,0.011531708927618133,0.009624066448238988
gat,0.001,200,4,3,0.0,0.005650511415054401,0.006472865496114632
gat,0.001,200,4,3,0.1,0.006516252996193038,0.007009078859367168
gat,0.001,200,4,3,0.2,0.007620651730232768,0.007852571542365006
gat,0.001,200,4,3,0.5,0.009605848364945916,0.008584708075899084
gat,0.001,200,4,4,0.0,0.00579073793358273,0.006536168436968382
gat,0.001,200,4,4,0.1,0.0069372615776956085,0.006972917691029412
gat,0.001,200,4,4,0.2,0.0075602661818265915,0.007572750409380191
gat,0.001,200,4,4,0.5,0.008930844565232595,0.007858428391069604
gat,0.001,200,8,2,0.0,0.005730262688464589,0.0077613755601361415
gat,0.001,200,8,2,0.1,0.0067957595301171144,0.007016182404187355
gat,0.001,200,8,2,0.2,0.008050326506296794,0.007563529688818793
gat,0.001,200,8,2,0.5,0.010406242393785053,0.008631292571923587
gat,0.001,200,8,3,0.0,0.005443328349954552,0.006337276551906879
gat,0.001,200,8,3,0.1,0.006994645463095771,0.007291764114006671
gat,0.001,200,8,3,0.2,0.007974377647042275,0.007266671649878109
gat,0.001,200,8,3,0.5,0.009973334308920636,0.008460587953001041
gat,0.001,200,8,4,0.0,0.00521569089550111,0.0055398479078769824
gat,0.001,200,8,4,0.1,0.006190864710758129,0.006566023281586286
gat,0.001,200,8,4,0.2,0.006805128743872046,0.007361901663539694
gat,0.001,200,8,4,0.5,0.009028044694827663,0.007979779240402874
gat,0.001,200,16,2,0.0,0.005647083289093442,0.006445238452071234
gat,0.001,200,16,2,0.1,0.0065378565548194776,0.006972485800703776
gat,0.001,200,16,2,0.2,0.00734012843006187,0.006964392730126434
gat,0.001,200,16,2,0.5,0.01009994215435452,0.008272155960157956
gat,0.001,200,16,3,0.0,0.005256883944902155,0.005363838469819271
gat,0.001,200,16,3,0.1,0.006353732426133421,0.006731627848224608
gat,0.001,200,16,3,0.2,0.007394747518830829,0.0077519468589597905
gat,0.001,200,16,3,0.5,0.010019871696001954,0.008792666335084931
gat,0.001,200,16,4,0.0,0.005100316864748796,0.005920690643763304
gat,0.001,200,16,4,0.1,0.005569466958857245,0.006269589572299861
gat,0.001,200,16,4,0.2,0.006535870902654197,0.006950654451365068
gat,0.001,200,16,4,0.5,0.009058318100869656,0.007775650094598597
gat,0.001,200,32,2,0.0,0.005250876934991942,0.006336705650409513
gat,0.001,200,32,2,0.1,0.006816546536154217,0.006560302986093447
gat,0.001,200,32,2,0.2,0.007574510263899962,0.007661812236716692
gat,0.001,200,32,2,0.5,0.011089815489119954,0.00812785120556674
gat,0.001,200,32,3,0.0,0.0045184061966008614,0.004890285123584359
gat,0.001,200,32,3,0.1,0.0064236154986752406,0.006338984568234984
gat,0.001,200,32,3,0.2,0.007029971935682827,0.007359728211583594
gat,0.001,200,32,3,0.5,0.008158749445445007,0.008217363063380034
gat,0.001,200,32,4,0.0,0.004388051417966683,0.006019702532107996
gat,0.001,200,32,4,0.1,0.005461029428988695,0.005685826256698334
gat,0.001,200,32,4,0.2,0.006390464712037808,0.005549588763033952
gat,0.001,200,32,4,0.5,0.008046607269595068,0.007932107190391146
gat,0.001,300,4,2,0.0,0.005430075381365087,0.006139448292722527
gat,0.001,300,4,2,0.1,0.007086294661793444,0.0075495034274436715
gat,0.001,300,4,2,0.2,0.008429723088112143,0.007445225452647364
gat,0.001,300,4,2,0.5,0.011957776587870386,0.010131383873108035
gat,0.001,300,4,3,0.0,0.005141627343578471,0.005625466167392545
gat,0.001,300,4,3,0.1,0.007035200380616718,0.006943458420168458
gat,0.001,300,4,3,0.2,0.008361644773847527,0.007515238000088598
gat,0.001,300,4,3,0.5,0.010401367499596543,0.008275613950980708
gat,0.001,300,4,4,0.0,0.0053614475453893345,0.006323601669627976
gat,0.001,300,4,4,0.1,0.006149883040537437,0.006182913177650562
gat,0.001,300,4,4,0.2,0.007087080698046419,0.006796419286998567
gat,0.001,300,4,4,0.5,0.008755553141236305,0.007670728565297225
gat,0.001,300,8,2,0.0,0.005250323268895348,0.006130923095408214
gat,0.001,300,8,2,0.1,0.007220579259511497,0.007609428807452278
gat,0.001,300,8,2,0.2,0.007944115127126375,0.008085240654515945
gat,0.001,300,8,2,0.5,0.012017603922221396,0.008244786600200804
gat,0.001,300,8,3,0.0,0.00581432001458274,0.006702635234664989
gat,0.001,300,8,3,0.1,0.006477498304512766,0.006807228578846835
gat,0.001,300,8,3,0.2,0.007203178956276841,0.007260982487389445
gat,0.001,300,8,3,0.5,0.009627133318119579,0.008490191269855262
gat,0.001,300,8,4,0.0,0.004946304014366534,0.006205934131619362
gat,0.001,300,8,4,0.1,0.00572380552896195,0.005030978844064204
gat,0.001,300,8,4,0.2,0.006886551198032167,0.007000374154148137
gat,0.001,300,8,4,0.5,0.009406551998108626,0.007691201381075352
gat,0.001,300,16,2,0.0,0.005183650160001384,0.006445913229290135
gat,0.001,300,16,2,0.1,0.007017232353488604,0.007027924003762643
gat,0.001,300,16,2,0.2,0.008166841955648528,0.007472958417766318
gat,0.001,300,16,2,0.5,0.010675746388733387,0.008099273179806766
gat,0.001,300,16,3,0.0,0.004594143159273598,0.005431372318022732
gat,0.001,300,16,3,0.1,0.00592475761142042,0.0065099034521500345
gat,0.001,300,16,3,0.2,0.0065364281853867905,0.0070687382491055216
gat,0.001,300,16,3,0.5,0.009257564259072145,0.008152082117473824
gat,0.001,300,16,4,0.0,0.004424437911560138,0.00577167069621165
gat,0.001,300,16,4,0.1,0.005201421678066254,0.005181984186670707
gat,0.001,300,16,4,0.2,0.0061466740858223705,0.005269626004196226
gat,0.001,300,16,4,0.5,0.007906950472129717,0.007246309355155222
gat,0.001,300,32,2,0.0,0.005419301831473907,0.006822943233237844
gat,0.001,300,32,2,0.1,0.0062807076196703645,0.0061061340174502375
gat,0.001,300,32,2,0.2,0.006589196860376331,0.006365484183963677
gat,0.001,300,32,2,0.5,0.011301545446945562,0.00985552942561494
gat,0.001,300,32,3,0.0,0.00510216025221679,0.005814713952853534
gat,0.001,300,32,3,0.1,0.0063566700037982725,0.005718969414472497
gat,0.001,300,32,3,0.2,0.007393585559394625,0.006889176318168655
gat,0.001,300,32,3,0.5,0.00877685472369194,0.00748208964624526
gat,0.001,300,32,4,0.0,0.004193574034919341,0.005510056803661634
gat,0.001,300,32,4,0.1,0.005117979097283549,0.004750516612061872
gat,0.001,300,32,4,0.2,0.005321747664776113,0.004377673765610801
gat,0.001,300,32,4,0.5,0.008040114430089791,0.0068393803086404855
