model,learning_rate,epochs,hidden_dim,num_layers,dropout,train_loss,val_loss
graph_sage,0.001,50,4,2,0.0,0.014854473144643837,0.01546477383876992
graph_sage,0.001,50,4,2,0.1,0.0453658241364691,0.05276038332560233
graph_sage,0.001,50,4,2,0.2,0.014613510626885626,0.014311061718314288
graph_sage,0.001,50,4,2,0.5,0.017070824859870805,0.01770420762956837
graph_sage,0.001,50,4,3,0.0,0.018771147396829394,0.02095879279254973
graph_sage,0.001,50,4,3,0.1,0.01283258121046755,0.013049610135939993
graph_sage,0.001,50,4,3,0.2,0.01945830595990022,0.015894137334702574
graph_sage,0.001,50,4,3,0.5,0.038241574250989493,0.03012995748224805
graph_sage,0.001,50,4,4,0.0,0.012944958917796612,0.013680157287172446
graph_sage,0.001,50,4,4,0.1,0.015099615086283949,0.013596300388335526
graph_sage,0.001,50,4,4,0.2,0.011383337072200246,0.009431039029073319
graph_sage,0.001,50,4,4,0.5,0.03150409104095565,0.02765027599142007
graph_sage,0.001,50,8,2,0.0,0.008035351749923494,0.008347859297063743
graph_sage,0.001,50,8,2,0.1,0.010233948876460394,0.009156555063212756
graph_sage,0.001,50,8,2,0.2,0.013041714475386672,0.011323049969505306
graph_sage,0.001,50,8,2,0.5,0.012937599544723828,0.012393215575549288
graph_sage,0.001,50,8,3,0.0,0.008920518888367547,0.00944474117792824
graph_sage,0.001,50,8,3,0.1,0.008500810241740611,0.007928212389151756
graph_sage,0.001,50,8,3,0.2,0.010489932530456119,0.008732415509344893
graph_sage,0.001,50,8,3,0.5,0.022367031541135576,0.014353779696187896
graph_sage,0.001,50,8,4,0.0,0.006559947619421615,0.006194746264702377
graph_sage,0.001,50,8,4,0.1,0.008693607648213704,0.007892226989835294
graph_sage,0.001,50,8,4,0.2,0.01192554912219445,0.009116179584549577
graph_sage,0.001,50,8,4,0.5,0.02255071196705103,0.015550769229375127
graph_sage,0.001,50,16,2,0.0,0.00646028086129162,0.006892423234219192
graph_sage,0.001,50,16,2,0.1,0.01302026082865066,0.011897322891066065
graph_sage,0.001,50,16,2,0.2,0.008996620939837562,0.007048915464769667
graph_sage,0.001,50,16,2,0.5,0.012751348896159066,0.008484683854166963
graph_sage,0.001,50,16,3,0.0,0.006500649679866102,0.006773197399411224
graph_sage,0.001,50,16,3,0.1,0.007657904674609502,0.007396975744886891
graph_sage,0.001,50,16,3,0.2,0.008514842577278614,0.0072350419633827375
graph_sage,0.001,50,16,3,0.5,0.012076854043536716,0.00843050552351885
graph_sage,0.001,50,16,4,0.0,0.006947465096082952,0.007324870325091127
graph_sage,0.001,50,16,4,0.1,0.008192612106601398,0.00816365290221972
graph_sage,0.001,50,16,4,0.2,0.008993066091918283,0.008584974136020662
graph_sage,0.001,50,16,4,0.5,0.014729666109714244,0.00896393102120543
graph_sage,0.001,50,32,2,0.0,0.0060001271466414135,0.006502306818661929
graph_sage,0.001,50,32,2,0.1,0.007124876417219639,0.006772780819962776
graph_sage,0.001,50,32,2,0.2,0.007575418241322041,0.006727519659103831
graph_sage,0.001,50,32,2,0.5,0.01052817412548595,0.00819903787483911
graph_sage,0.001,50,32,3,0.0,0.005955732324057155,0.006671120566463529
graph_sage,0.001,50,32,3,0.1,0.006808659931023916,0.007548463985271159
graph_sage,0.001,50,32,3,0.2,0.007153789098891947,0.006989756727079399
graph_sage,0.001,50,32,3,0.5,0.011093428275651402,0.007758895193116189
graph_sage,0.001,50,32,4,0.0,0.0060085931378934115,0.006324080913626973
graph_sage,0.001,50,32,4,0.1,0.006716450202899674,0.006608366821623246
graph_sage,0.001,50,32,4,0.2,0.006945837868584527,0.006370243761611505
graph_sage,0.001,50,32,4,0.5,0.010217689722776414,0.008249162684961852
graph_sage,0.001,100,4,2,0.0,0.0071963706157273715,0.007908724571822656
graph_sage,0.001,100,4,2,0.1,0.009053392873870001,0.008317837012713093
graph_sage,0.001,100,4,2,0.2,0.0156837350792355,0.008648061093235172
graph_sage,0.001,100,4,2,0.5,0.014743677609496646,0.014705105091034554
graph_sage,0.001,100,4,3,0.0,0.006531862200548252,0.006904408285939745
graph_sage,0.001,100,4,3,0.1,0.017328658286068173,0.01851932420656439
graph_sage,0.001,100,4,3,0.2,0.01101762554090884,0.00916739740779553
graph_sage,0.001,100,4,3,0.5,0.01435430793919497,0.013470013119409253
graph_sage,0.001,100,4,4,0.0,0.006629630281693406,0.0068907329299773504
graph_sage,0.001,100,4,4,0.1,0.009081803965899679,0.007097404164500531
graph_sage,0.001,100,4,4,0.2,0.009725559037178755,0.008532470793310942
graph_sage,0.001,100,4,4,0.5,0.016919983343945608,0.015798823630218718
graph_sage,0.001,100,8,2,0.0,0.006596979664431678,0.006911956368305394
graph_sage,0.001,100,8,2,0.1,0.008786609541210863,0.007383434822586299
graph_sage,0.001,100,8,2,0.2,0.008161024521622392,0.007277616533524345
graph_sage,0.001,100,8,2,0.5,0.012633245272768868,0.011090070119839979
graph_sage,0.001,100,8,3,0.0,0.006491296862562498,0.0070399465371241195
graph_sage,0.001,100,8,3,0.1,0.008652207007010778,0.007324880667399736
graph_sage,0.001,100,8,3,0.2,0.010223215590748522,0.0070968777224113214
graph_sage,0.001,100,8,3,0.5,0.013662361850341162,0.01098693321942168
graph_sage,0.001,100,8,4,0.0,0.005890093205703629,0.006087502817973878
graph_sage,0.001,100,8,4,0.1,0.008399186200565761,0.006913618853996528
graph_sage,0.001,100,8,4,0.2,0.008525897862596644,0.0067532511834742515
graph_sage,0.001,100,8,4,0.5,0.012500380269355245,0.008630691174480898
graph_sage,0.001,100,16,2,0.0,0.005941090712116824,0.006404848399866059
graph_sage,0.001,100,16,2,0.1,0.007219763990077708,0.0068744029869368005
graph_sage,0.001,100,16,2,0.2,0.007257862999621365,0.00681658651285213
graph_sage,0.001,100,16,2,0.5,0.009828844231863816,0.008095022855293177
graph_sage,0.001,100,16,3,0.0,0.005133182027687629,0.006518786382997632
graph_sage,0.001,100,16,3,0.1,0.006527890906565719,0.006938148113835951
graph_sage,0.001,100,16,3,0.2,0.008369615477406316,0.006588075905950519
graph_sage,0.001,100,16,3,0.5,0.009693918335768912,0.00888399642859845
graph_sage,0.001,100,16,4,0.0,0.005130075218362941,0.0059639626113511925
graph_sage,0.001,100,16,4,0.1,0.00629961056013902,0.006798402446799923
graph_sage,0.001,100,16,4,0.2,0.007682039630081919,0.006622388997886053
graph_sage,0.001,100,16,4,0.5,0.011864819708797667,0.008287326355800229
graph_sage,0.001,100,32,2,0.0,0.005053795346369346,0.006219031893593141
graph_sage,0.001,100,32,2,0.1,0.0061272316301862395,0.006494269048715684
graph_sage,0.001,100,32,2,0.2,0.006406225740081734,0.006200877056120313
graph_sage,0.001,100,32,2,0.5,0.008342654816806317,0.006463821570296724
graph_sage,0.001,100,32,3,0.0,0.005105463177379635,0.006678817947911165
graph_sage,0.001,100,32,3,0.1,0.006180074459148778,0.0065369968291733695
graph_sage,0.001,100,32,3,0.2,0.006174473728363713,0.006162502421059912
graph_sage,0.001,100,32,3,0.5,0.007830940807859102,0.006911301005054771
graph_sage,0.001,100,32,4,0.0,0.005157725425023171,0.007244628282127174
graph_sage,0.001,100,32,4,0.1,0.005794083513319492,0.005758375168726904
graph_sage,0.001,100,32,4,0.2,0.005979295633733272,0.006214026477107937
graph_sage,0.001,100,32,4,0.5,0.00866498893333806,0.0078072106601780435
graph_sage,0.001,200,4,2,0.0,0.005911784826053514,0.006127140777938944
graph_sage,0.001,200,4,2,0.1,0.00865252891348468,0.0077259604969219355
graph_sage,0.001,200,4,2,0.2,0.008483566467960675,0.007734036365045061
graph_sage,0.001,200,4,2,0.5,0.0125378067087796,0.009801078054917412
graph_sage,0.001,200,4,3,0.0,0.017257353208131262,0.018364648983457955
graph_sage,0.001,200,4,3,0.1,0.008804038451570604,0.007871245293953777
graph_sage,0.001,200,4,3,0.2,0.017135298396978114,0.018051514576438166
graph_sage,0.001,200,4,3,0.5,0.012640382680628035,0.010859769031532717
graph_sage,0.001,200,4,4,0.0,0.005986133507556385,0.006751708843473403
graph_sage,0.001,200,4,4,0.1,0.010080245727052291,0.007974118109166461
graph_sage,0.001,200,4,4,0.2,0.008895071181986068,0.007391028599079341
graph_sage,0.001,200,4,4,0.5,0.011639619287517335,0.009578312920790833
graph_sage,0.001,200,8,2,0.0,0.005554797800464762,0.00642886240231022
graph_sage,0.001,200,8,2,0.1,0.007677217407359017,0.007062606312161801
graph_sage,0.001,200,8,2,0.2,0.007888269662443135,0.007233015362233442
graph_sage,0.001,200,8,2,0.5,0.010446677170693874,0.008384528477816122
graph_sage,0.001,200,8,3,0.0,0.005036370761485563,0.006289321934645042
graph_sage,0.001,200,8,3,0.1,0.007315250310218997,0.006766543083512588
graph_sage,0.001,200,8,3,0.2,0.007126655564126041,0.0064213889315564154
graph_sage,0.001,200,8,3,0.5,0.01107028824173742,0.008307462888447326
graph_sage,0.001,200,8,4,0.0,0.004734142207437091,0.006150508697557999
graph_sage,0.001,200,8,4,0.1,0.008246641005906793,0.0071681131282376855
graph_sage,0.001,200,8,4,0.2,0.016993387126260334,0.017381401960926014
graph_sage,0.001,200,8,4,0.5,0.009589178549746672,0.008049259347707416
graph_sage,0.001,200,16,2,0.0,0.005164200160652399,0.0058652563317553195
graph_sage,0.001,200,16,2,0.1,0.006063343170616362,0.0064112312313590715
graph_sage,0.001,200,16,2,0.2,0.006835211130479971,0.006749083455919269
graph_sage,0.001,200,16,2,0.5,0.007986366396976842,0.0069457145576402365
graph_sage,0.001,200,16,3,0.0,0.004977595030019681,0.006224016613913741
graph_sage,0.001,200,16,3,0.1,0.006491879932582378,0.006600375245733758
graph_sage,0.001,200,16,3,0.2,0.006613906917886602,0.007021119468628201
graph_sage,0.001,200,16,3,0.5,0.008600056823343038,0.00754432947642174
graph_sage,0.001,200,16,4,0.0,0.00458890243122975,0.006010691840753535
graph_sage,0.001,200,16,4,0.1,0.005667999241915014,0.005784603221644868
graph_sage,0.001,200,16,4,0.2,0.006888876958853669,0.006007024925080651
graph_sage,0.001,200,16,4,0.5,0.008311813428170152,0.007714824853279012
graph_sage,0.001,200,32,2,0.0,0.0043842938728630544,0.0062264569301306635
graph_sage,0.001,200,32,2,0.1,0.004966421611607074,0.005958045618418328
graph_sage,0.001,200,32,2,0.2,0.005444772645003266,0.005666365336058377
graph_sage,0.001,200,32,2,0.5,0.006577062296370665,0.006408740474364927
graph_sage,0.001,200,32,3,0.0,0.004392071844389041,0.005954401857154146
graph_sage,0.001,200,32,3,0.1,0.00550362940153314,0.006193838053305622
graph_sage,0.001,200,32,3,0.2,0.005272087268531322,0.005588413411695825
graph_sage,0.001,200,32,3,0.5,0.0069846525891787475,0.0061423019031268565
graph_sage,0.001,200,32,4,0.0,0.004366251971158717,0.005650047542879055
graph_sage,0.001,200,32,4,0.1,0.005415327950484223,0.006530172924611844
graph_sage,0.001,200,32,4,0.2,0.0054004895604319045,0.005689751201790228
graph_sage,0.001,200,32,4,0.5,0.006566082960408595,0.006444400662684924
graph_sage,0.001,300,4,2,0.0,0.0058097303948468635,0.006213640146990773
graph_sage,0.001,300,4,2,0.1,0.007510013034981158,0.007478647031739794
graph_sage,0.001,300,4,2,0.2,0.009097940454052555,0.008183108791212045
graph_sage,0.001,300,4,2,0.5,0.013629232077962822,0.010993921981762522
graph_sage,0.001,300,4,3,0.0,0.005360897589060995,0.005778121771699696
graph_sage,0.001,300,4,3,0.1,0.016992078142033684,0.01737575471005002
graph_sage,0.001,300,4,3,0.2,0.008160801904482973,0.007465834968218665
graph_sage,0.001,300,4,3,0.5,0.012333607259723876,0.010404623040673045
graph_sage,0.001,300,4,4,0.0,0.0056912234880858,0.0066331733423939275
graph_sage,0.001,300,4,4,0.1,0.00839214813378122,0.007749049662625662
graph_sage,0.001,300,4,4,0.2,0.008155785739007923,0.007778693779937474
graph_sage,0.001,300,4,4,0.5,0.01462425875167052,0.014071558830463803
graph_sage,0.001,300,8,2,0.0,0.005739469702045123,0.006083797859543605
graph_sage,0.001,300,8,2,0.1,0.007148840112818612,0.006864544223850455
graph_sage,0.001,300,8,2,0.2,0.007970443378306097,0.007012847638161457
graph_sage,0.001,300,8,2,0.5,0.009360803622338506,0.008161076306411186
graph_sage,0.001,300,8,3,0.0,0.005306076972434918,0.006579314519745072
graph_sage,0.001,300,8,3,0.1,0.007303060053123368,0.007242786439073434
graph_sage,0.001,300,8,3,0.2,0.007195510267693963,0.00652536130233603
graph_sage,0.001,300,8,3,0.5,0.010050980901966492,0.008593915110402328
graph_sage,0.001,300,8,4,0.0,0.005493408524327808,0.006352816947440077
graph_sage,0.001,300,8,4,0.1,0.006738020210630364,0.006609375983578225
graph_sage,0.001,300,8,4,0.2,0.007540881871763203,0.00717450045928798
graph_sage,0.001,300,8,4,0.5,0.010344493109732867,0.00858518152027754
graph_sage,0.001,300,16,2,0.0,0.004788201736907164,0.006132354119757655
graph_sage,0.001,300,16,2,0.1,0.006058926838967535,0.006472278401680964
graph_sage,0.001,300,16,2,0.2,0.006586795103632742,0.006012639369242212
graph_sage,0.001,300,16,2,0.5,0.006886011279291577,0.0069281317804400725
graph_sage,0.001,300,16,3,0.0,0.004618680684102906,0.005689261065422913
graph_sage,0.001,300,16,3,0.1,0.005946493780033456,0.006158524738561
graph_sage,0.001,300,16,3,0.2,0.006580762068430583,0.006243764340951708
graph_sage,0.001,300,16,3,0.5,0.008200767760475477,0.006670809439332448
graph_sage,0.001,300,16,4,0.0,0.004621716112726265,0.005993274001521542
graph_sage,0.001,300,16,4,0.1,0.005528791300538513,0.006095460445005618
graph_sage,0.001,300,16,4,0.2,0.006180295037726561,0.0058212065298322456
graph_sage,0.001,300,16,4,0.5,0.008379559612108602,0.007011287659033805
graph_sage,0.001,300,32,2,0.0,0.004400362824607227,0.005894986447701566
graph_sage,0.001,300,32,2,0.1,0.0051946004024810265,0.005486835009963653
graph_sage,0.001,300,32,2,0.2,0.00535262915202313,0.006046479491412548
graph_sage,0.001,300,32,2,0.5,0.006571197292457024,0.006400450092506204
graph_sage,0.001,300,32,3,0.0,0.004045113258891635,0.006070121384396198
graph_sage,0.001,300,32,3,0.1,0.004882457086609469,0.005600420261346439
graph_sage,0.001,300,32,3,0.2,0.004943582746717665,0.005286138814556041
graph_sage,0.001,300,32,3,0.5,0.006638111955382758,0.005770796467081074
graph_sage,0.001,300,32,4,0.0,0.004126850375905633,0.0070421468572379855
graph_sage,0.001,300,32,4,0.1,0.0051228750911023885,0.006367526651239364
graph_sage,0.001,300,32,4,0.2,0.0049996855461763015,0.0056758238674414095
graph_sage,0.001,300,32,4,0.5,0.0065993568549553554,0.006102260842451646
graph_sage,0.001,50,4,2,0.0,0.013819979338182343,0.014938079689286465
graph_sage,0.001,50,4,2,0.1,0.022855492081079218,0.017433517485370344
graph_sage,0.001,50,4,2,0.2,0.013746444715393914,0.013188832228652924
graph_sage,0.001,50,4,2,0.5,0.025881546156273947,0.02028317979550265
graph_sage,0.001,50,4,3,0.0,0.015486991964280605,0.01645497535592899
graph_sage,0.001,50,4,3,0.1,0.020311237457725735,0.013169047760378149
graph_sage,0.001,50,4,3,0.2,0.016566140204668046,0.015787262677654755
graph_sage,0.001,50,4,3,0.5,0.03639506391353077,0.018065952488144733
graph_sage,0.001,50,4,4,0.0,0.007695017848163843,0.007427989509716526
graph_sage,0.001,50,4,4,0.1,0.016303502519925437,0.01445070082676685
graph_sage,0.001,50,4,4,0.2,0.02627614281243748,0.01596676922282463
graph_sage,0.001,50,4,4,0.5,0.042032182837526,0.02650798802181502
graph_sage,0.001,50,8,2,0.0,0.007984690678616365,0.008417286200715624
graph_sage,0.001,50,8,2,0.1,0.010354405724340016,0.008501876689650101
graph_sage,0.001,50,8,2,0.2,0.015465972262124221,0.010289233653514996
graph_sage,0.001,50,8,2,0.5,0.021018112285269633,0.012372743654205664
graph_sage,0.001,50,8,3,0.0,0.006476925427301062,0.006557214954238244
graph_sage,0.001,50,8,3,0.1,0.009327082708477975,0.007371427892998761
graph_sage,0.001,50,8,3,0.2,0.009609197618232833,0.00685185657344436
graph_sage,0.001,50,8,3,0.5,0.015912860052453147,0.012050619634364535
graph_sage,0.001,50,8,4,0.0,0.006740878977709346,0.006579459344925298
graph_sage,0.001,50,8,4,0.1,0.008637347237931357,0.00726702323752797
graph_sage,0.001,50,8,4,0.2,0.013768193084332678,0.007375464816120769
graph_sage,0.001,50,8,4,0.5,0.017228368235131106,0.015156902168159393
graph_sage,0.001,50,16,2,0.0,0.0066013686462408966,0.0068043515323862325
graph_sage,0.001,50,16,2,0.1,0.008212944482349688,0.006881500536200691
graph_sage,0.001,50,16,2,0.2,0.00847873143437836,0.0071626831888401245
graph_sage,0.001,50,16,2,0.5,0.017994780507352617,0.011432687279893572
graph_sage,0.001,50,16,3,0.0,0.006092026012225284,0.0068636971770765776
graph_sage,0.001,50,16,3,0.1,0.007620496509803666,0.00686869814301414
graph_sage,0.001,50,16,3,0.2,0.00853513048754798,0.007673142086941742
graph_sage,0.001,50,16,3,0.5,0.012028745991281337,0.007440011181886708
graph_sage,0.001,50,16,4,0.0,0.006667687257544862,0.006570253509368218
graph_sage,0.001,50,16,4,0.1,0.0072164623066782955,0.006453842933063147
graph_sage,0.001,50,16,4,0.2,0.009454681310388777,0.007112257789007814
graph_sage,0.001,50,16,4,0.5,0.01243393998593092,0.0075366611489595
graph_sage,0.001,50,32,2,0.0,0.00604565203603771,0.00672284336343223
graph_sage,0.001,50,32,2,0.1,0.006990343083937963,0.00711552818080421
graph_sage,0.001,50,32,2,0.2,0.008158260252740648,0.00707312180517603
graph_sage,0.001,50,32,2,0.5,0.010541297660933601,0.007453894987119925
graph_sage,0.001,50,32,3,0.0,0.0059634038764569495,0.0070829749690835666
graph_sage,0.001,50,32,3,0.1,0.006813350889003939,0.006254929491074979
graph_sage,0.001,50,32,3,0.2,0.007366626409606801,0.0061835310232464915
graph_sage,0.001,50,32,3,0.5,0.009794590963671605,0.006693213715644774
graph_sage,0.001,50,32,4,0.0,0.005790342494017548,0.006280898764650988
graph_sage,0.001,50,32,4,0.1,0.006806741732483109,0.006274444902036369
graph_sage,0.001,50,32,4,0.2,0.007048035640683439,0.006377917095352648
graph_sage,0.001,50,32,4,0.5,0.010047084589799245,0.006944962998016391
graph_sage,0.001,100,4,2,0.0,0.01874987841066387,0.019139277710559476
graph_sage,0.001,100,4,2,0.1,0.007998131919238302,0.007068134716900177
graph_sage,0.001,100,4,2,0.2,0.011595120477593607,0.008322579069089665
graph_sage,0.001,100,4,2,0.5,0.020106461085379123,0.016270000453330203
graph_sage,0.001,100,4,3,0.0,0.01694993306365278,0.017703861582251457
graph_sage,0.001,100,4,3,0.1,0.009901088072607915,0.007106357828121301
graph_sage,0.001,100,4,3,0.2,0.011832590877181954,0.007806016614275557
graph_sage,0.001,100,4,3,0.5,0.01725999932322237,0.014588297547695217
graph_sage,0.001,100,4,4,0.0,0.006098066394527753,0.00698900015380668
graph_sage,0.001,100,4,4,0.1,0.010174590328501331,0.006644473190093892
graph_sage,0.001,100,4,4,0.2,0.01187027030520969,0.008382720143722832
graph_sage,0.001,100,4,4,0.5,0.017828967349810734,0.015465069089205863
graph_sage,0.001,100,8,2,0.0,0.006155203769190444,0.006657321022868002
graph_sage,0.001,100,8,2,0.1,0.009087074879142973,0.007182742248611018
graph_sage,0.001,100,8,2,0.2,0.0102029618082775,0.00726233707668753
graph_sage,0.001,100,8,2,0.5,0.015729971871607833,0.010431589443597589
graph_sage,0.001,100,8,3,0.0,0.018524985160264705,0.018949458650787697
graph_sage,0.001,100,8,3,0.1,0.0077591225711835755,0.00695386986260591
graph_sage,0.001,100,8,3,0.2,0.009418375562462541,0.0067414077540718376
graph_sage,0.001,100,8,3,0.5,0.016717845698197682,0.008068567390117942
graph_sage,0.001,100,8,4,0.0,0.005714223171687788,0.00595567387067446
graph_sage,0.001,100,8,4,0.1,0.008314979717963272,0.00693249810885368
graph_sage,0.001,100,8,4,0.2,0.01707328338589933,0.01774785625170374
graph_sage,0.001,100,8,4,0.5,0.011040033979548348,0.007151514172094342
graph_sage,0.001,100,16,2,0.0,0.005749992094933987,0.006245746867611146
graph_sage,0.001,100,16,2,0.1,0.007383865863084793,0.00641724093253
graph_sage,0.001,100,16,2,0.2,0.00923147305018372,0.006700026676183501
graph_sage,0.001,100,16,2,0.5,0.009469170433779558,0.007145095876949647
graph_sage,0.001,100,16,3,0.0,0.005030565263910426,0.005521040047018322
graph_sage,0.001,100,16,3,0.1,0.0064430287728707,0.006320396059672828
graph_sage,0.001,100,16,3,0.2,0.007984219739834467,0.006357204581704412
graph_sage,0.001,100,16,3,0.5,0.009489941721161207,0.006859667600398312
graph_sage,0.001,100,16,4,0.0,0.005285071281509267,0.0061518225232158
graph_sage,0.001,100,16,4,0.1,0.0066410435260170035,0.006260787230292064
graph_sage,0.001,100,16,4,0.2,0.007463444624510076,0.0063197840532266845
graph_sage,0.001,100,16,4,0.5,0.009804010287755065,0.0073410672970566585
graph_sage,0.001,100,32,2,0.0,0.004983660547683636,0.005586430718736435
graph_sage,0.001,100,32,2,0.1,0.006112048040247626,0.006240808636753426
graph_sage,0.001,100,32,2,0.2,0.00686451922584739,0.006124943876677502
graph_sage,0.001,100,32,2,0.5,0.008505529765453603,0.006439548477575508
graph_sage,0.001,100,32,3,0.0,0.005789803423815304,0.006918694846478446
graph_sage,0.001,100,32,3,0.1,0.005650291674666934,0.005365738613103232
graph_sage,0.001,100,32,3,0.2,0.006587729313307338,0.005951779980012439
graph_sage,0.001,100,32,3,0.5,0.007897164879573716,0.006646324820068305
graph_sage,0.001,100,32,4,0.0,0.005169067614608341,0.0056078246872977465
graph_sage,0.001,100,32,4,0.1,0.005565141100022528,0.006284175917900115
graph_sage,0.001,100,32,4,0.2,0.005996206144077911,0.005528973038348095
graph_sage,0.001,100,32,4,0.5,0.008939029359155231,0.006949215222220606
graph_sage,0.001,200,4,2,0.0,0.006465195729914639,0.007147497604304243
graph_sage,0.001,200,4,2,0.1,0.009338089875462982,0.00718340548145886
graph_sage,0.001,200,4,2,0.2,0.009685722904072868,0.008377110990664894
graph_sage,0.001,200,4,2,0.5,0.014425277151167393,0.009982073275622417
graph_sage,0.001,200,4,3,0.0,0.01695184564838807,0.01771816781112421
graph_sage,0.001,200,4,3,0.1,0.00830088975942797,0.00692279439411918
graph_sage,0.001,200,4,3,0.2,0.01043103693260087,0.007838207061968938
graph_sage,0.001,200,4,3,0.5,0.012384369120829635,0.009812693884352464
graph_sage,0.001,200,4,4,0.0,0.00582339811242289,0.006137116271766918
graph_sage,0.001,200,4,4,0.1,0.008606727255715265,0.00717535687698796
graph_sage,0.001,200,4,4,0.2,0.01721887994143698,0.017850849438364524
graph_sage,0.001,200,4,4,0.5,0.012502230072600973,0.00904483315678688
graph_sage,0.001,200,8,2,0.0,0.0051136178688870534,0.006209141289360809
graph_sage,0.001,200,8,2,0.1,0.007091036645902528,0.00702858490756395
graph_sage,0.001,200,8,2,0.2,0.007633966569685274,0.0063436179621845
graph_sage,0.001,200,8,2,0.5,0.009863891949256262,0.00765172278640851
graph_sage,0.001,200,8,3,0.0,0.005169580680214696,0.00552245327558778
graph_sage,0.001,200,8,3,0.1,0.007430383252600829,0.006555911049683716
graph_sage,0.001,200,8,3,0.2,0.009125580918043852,0.006874760265258062
graph_sage,0.001,200,8,3,0.5,0.011241965647786855,0.007236310722244466
graph_sage,0.001,200,8,4,0.0,0.005673944692696548,0.006217092157836235
graph_sage,0.001,200,8,4,0.1,0.008075084268218942,0.006405468327090258
graph_sage,0.001,200,8,4,0.2,0.008263824611074395,0.006808306844077472
graph_sage,0.001,200,8,4,0.5,0.011020159266061253,0.007681705441729858
graph_sage,0.001,200,16,2,0.0,0.005007401015609503,0.005291400040706784
graph_sage,0.001,200,16,2,0.1,0.00683003705408838,0.006782919851257318
graph_sage,0.001,200,16,2,0.2,0.006838147756126192,0.005754558740205429
graph_sage,0.001,200,16,2,0.5,0.008269867363075415,0.007063595463414818
graph_sage,0.001,200,16,3,0.0,0.00472045186907053,0.0055408592271045665
graph_sage,0.001,200,16,3,0.1,0.005847043989019261,0.005822431121998784
graph_sage,0.001,200,16,3,0.2,0.0070074371579620575,0.006539289606789111
graph_sage,0.001,200,16,3,0.5,0.008836615665091408,0.007289580637656834
graph_sage,0.001,200,16,4,0.0,0.005097430944442749,0.0055448930070365774
graph_sage,0.001,200,16,4,0.1,0.005732009549521738,0.005741830350326915
graph_sage,0.001,200,16,4,0.2,0.006650446996920639,0.006548056476890984
graph_sage,0.001,200,16,4,0.5,0.009570833812985156,0.006854984862869995
graph_sage,0.001,200,32,2,0.0,0.004438288406365448,0.005296421398474305
graph_sage,0.001,200,32,2,0.1,0.005062043045957883,0.005274945608650694
graph_sage,0.001,200,32,2,0.2,0.005582134441162149,0.005265647105669502
graph_sage,0.001,200,32,2,0.5,0.006856311485171318,0.006030118617258329
graph_sage,0.001,200,32,3,0.0,0.004486619287894832,0.005330683987377527
graph_sage,0.001,200,32,3,0.1,0.005147556753622161,0.005404597361112207
graph_sage,0.001,200,32,3,0.2,0.006068812341739734,0.005306631541374696
graph_sage,0.001,200,32,3,0.5,0.007716104926334487,0.005953304620839206
graph_sage,0.001,200,32,4,0.0,0.004214293100974626,0.0057552470593909
graph_sage,0.001,200,32,4,0.1,0.005219510125203265,0.005906165857299595
graph_sage,0.001,200,32,4,0.2,0.005335849130319224,0.005405337881978856
graph_sage,0.001,200,32,4,0.5,0.0071564876370959814,0.006079379485612435
graph_sage,0.001,300,4,2,0.0,0.00665278653614223,0.007190812906614497
graph_sage,0.001,300,4,2,0.1,0.008454681539701091,0.007377634432282165
graph_sage,0.001,300,4,2,0.2,0.008930366155174044,0.0078032563071613
graph_sage,0.001,300,4,2,0.5,0.012613827735185624,0.009717426468457835
graph_sage,0.001,300,4,3,0.0,0.00622547608282831,0.006892700230515292
graph_sage,0.001,300,4,3,0.1,0.008001620477686325,0.006337133255818817
graph_sage,0.001,300,4,3,0.2,0.016951116981605688,0.01771125062638179
graph_sage,0.001,300,4,3,0.5,0.011437282504306898,0.008697548906180264
graph_sage,0.001,300,4,4,0.0,0.005987399837209119,0.006493261343285717
graph_sage,0.001,300,4,4,0.1,0.011196731299989753,0.009727649370444902
graph_sage,0.001,300,4,4,0.2,0.008866571945448716,0.007355972247328801
graph_sage,0.001,300,4,4,0.5,0.013744943506187863,0.009219876326242216
graph_sage,0.001,300,8,2,0.0,0.005671448881427447,0.006750681943203052
graph_sage,0.001,300,8,2,0.1,0.006570270678235425,0.006258064012986187
graph_sage,0.001,300,8,2,0.2,0.00767226821432511,0.006421147412352135
graph_sage,0.001,300,8,2,0.5,0.009220527898934152,0.007282504665329736
graph_sage,0.001,300,8,3,0.0,0.00470869205892086,0.00504920203113024
graph_sage,0.001,300,8,3,0.1,0.00686186860418982,0.006293898635894047
graph_sage,0.001,300,8,3,0.2,0.007480161994074782,0.006997750869486929
graph_sage,0.001,300,8,3,0.5,0.009623918164935377,0.007563384593715949
graph_sage,0.001,300,8,4,0.0,0.004900204028106398,0.005275505604609432
graph_sage,0.001,300,8,4,0.1,0.00677375691011548,0.005628057171008405
graph_sage,0.001,300,8,4,0.2,0.008024642585466306,0.007142705166422947
graph_sage,0.001,300,8,4,0.5,0.00875627872430616,0.007208836120036044
graph_sage,0.001,300,16,2,0.0,0.005175571122931109,0.006372021727097987
graph_sage,0.001,300,16,2,0.1,0.005621506139222118,0.005491634201006956
graph_sage,0.001,300,16,2,0.2,0.006290337919361061,0.005435333086014893
graph_sage,0.001,300,16,2,0.5,0.008737017110817962,0.006939091602324532
graph_sage,0.001,300,16,3,0.0,0.004552789291159974,0.005261761851506485
graph_sage,0.001,300,16,3,0.1,0.005428070502562656,0.0053551203858522856
graph_sage,0.001,300,16,3,0.2,0.005950254657202296,0.005709969455995978
graph_sage,0.001,300,16,3,0.5,0.007869415119704274,0.006699580781004433
graph_sage,0.001,300,16,4,0.0,0.004589313848151101,0.005371431793626447
graph_sage,0.001,300,16,4,0.1,0.005691996620347102,0.00566012726845957
graph_sage,0.001,300,16,4,0.2,0.0061436715639299816,0.00569576177876332
graph_sage,0.001,300,16,4,0.5,0.008205871465098527,0.006733585417693288
graph_sage,0.001,300,32,2,0.0,0.004392123863928848,0.005646416692028677
graph_sage,0.001,300,32,2,0.1,0.004626486760874589,0.005438948026681189
graph_sage,0.001,300,32,2,0.2,0.005584376305341721,0.005435390330108802
graph_sage,0.001,300,32,2,0.5,0.006029457102219264,0.006366420503122527
graph_sage,0.001,300,32,3,0.0,0.004345977523674567,0.005745485417400276
graph_sage,0.001,300,32,3,0.1,0.005089815292093489,0.005269761627874137
graph_sage,0.001,300,32,3,0.2,0.005379016397313939,0.005131171934485046
graph_sage,0.001,300,32,3,0.5,0.00709208282124665,0.006308390660098251
graph_sage,0.001,300,32,4,0.0,0.004124161994291676,0.005698057069917994
graph_sage,0.001,300,32,4,0.1,0.004857576307323244,0.005089819087478386
graph_sage,0.001,300,32,4,0.2,0.005133261862728331,0.005084336356720787
graph_sage,0.001,300,32,4,0.5,0.0065446790204279955,0.005495603043309605
graph_sage,0.001,50,4,2,0.0,0.021462861655486956,0.016935729809843925
graph_sage,0.001,50,4,2,0.1,0.013264842020968596,0.013613020910137252
graph_sage,0.001,50,4,2,0.2,0.022750695587860213,0.01711016093426203
graph_sage,0.001,50,4,2,0.5,0.035034992794195814,0.01575174601592828
graph_sage,0.001,50,4,3,0.0,0.04258583246005906,0.028779761764525902
graph_sage,0.001,50,4,3,0.1,0.018191143828961583,0.015834552483620024
graph_sage,0.001,50,4,3,0.2,0.02738291033440166,0.014857281954374923
graph_sage,0.001,50,4,3,0.5,0.024484704434871673,0.01445523435388989
graph_sage,0.001,50,4,4,0.0,0.016852007268203628,0.018657932858153203
graph_sage,0.001,50,4,4,0.1,0.017840690248542363,0.0168907676343234
graph_sage,0.001,50,4,4,0.2,0.02254793718457222,0.014853485349758722
graph_sage,0.001,50,4,4,0.5,0.026363866610659495,0.015447297617910772
graph_sage,0.001,50,8,2,0.0,0.007270717698459824,0.009242127013398816
graph_sage,0.001,50,8,2,0.1,0.01030794729789098,0.011210344900363656
graph_sage,0.001,50,8,2,0.2,0.014039598032832145,0.012257700867041189
graph_sage,0.001,50,8,2,0.5,0.014129030104312632,0.011893726102256275
graph_sage,0.001,50,8,3,0.0,0.044558565318584445,0.03014799304780047
graph_sage,0.001,50,8,3,0.1,0.025421946661339866,0.01841669385671596
graph_sage,0.001,50,8,3,0.2,0.012800419910086526,0.010039137762731288
graph_sage,0.001,50,8,3,0.5,0.015871475657655135,0.010651766897556425
graph_sage,0.001,50,8,4,0.0,0.0067076578684565095,0.008620165001823232
graph_sage,0.001,50,8,4,0.1,0.008725278948744138,0.010846302007140384
graph_sage,0.001,50,8,4,0.2,0.01149277515295479,0.009964471110089624
graph_sage,0.001,50,8,4,0.5,0.021448962638775507,0.012277921757527043
graph_sage,0.001,50,16,2,0.0,0.006306472006771299,0.008145645570441751
graph_sage,0.001,50,16,2,0.1,0.007629670130295886,0.008733327453030015
graph_sage,0.001,50,16,2,0.2,0.008253805877433882,0.00929554717319132
graph_sage,0.001,50,16,2,0.5,0.01196366318811973,0.00958940492179734
graph_sage,0.001,50,16,3,0.0,0.006105233790973822,0.007794836125015014
graph_sage,0.001,50,16,3,0.1,0.007668522993723551,0.008832122265863806
graph_sage,0.001,50,16,3,0.2,0.009389538566271465,0.01020124702827927
graph_sage,0.001,50,16,3,0.5,0.014417760363883442,0.009987973117059767
graph_sage,0.001,50,16,4,0.0,0.0061401973581976365,0.0081595687383347
graph_sage,0.001,50,16,4,0.1,0.007280072238710192,0.008437842164826393
graph_sage,0.001,50,16,4,0.2,0.009491856923947732,0.009095636907623762
graph_sage,0.001,50,16,4,0.5,0.011347073192397753,0.01033014654502129
graph_sage,0.001,50,32,2,0.0,0.006060415671931373,0.00759278933442582
graph_sage,0.001,50,32,2,0.1,0.006665567515624894,0.0076423771528813635
graph_sage,0.001,50,32,2,0.2,0.007080294667846627,0.007685230518969366
graph_sage,0.001,50,32,2,0.5,0.009103307997186979,0.009608168241913639
graph_sage,0.001,50,32,3,0.0,0.005658867417110337,0.007346932464204081
graph_sage,0.001,50,32,3,0.1,0.006566958791679806,0.007574150060868057
graph_sage,0.001,50,32,3,0.2,0.007860869955685404,0.008826440478316955
graph_sage,0.001,50,32,3,0.5,0.009873457935949166,0.008091616472451357
graph_sage,0.001,50,32,4,0.0,0.005955613756345378,0.007633352938078852
graph_sage,0.001,50,32,4,0.1,0.007106635553969278,0.007664448294841542
graph_sage,0.001,50,32,4,0.2,0.007748967579876383,0.007567906246122224
graph_sage,0.001,50,32,4,0.5,0.01000923824807008,0.009019039556691344
graph_sage,0.001,100,4,2,0.0,0.010627617448982265,0.01310968597417459
graph_sage,0.001,100,4,2,0.1,0.016272068065073756,0.013503501480274882
graph_sage,0.001,100,4,2,0.2,0.010320836243530114,0.009652160480884065
graph_sage,0.001,100,4,2,0.5,0.013824132002062268,0.012233451100626635
graph_sage,0.001,100,4,3,0.0,0.006663051599429713,0.00884323017894435
graph_sage,0.001,100,4,3,0.1,0.022382750217285422,0.01720487383120972
graph_sage,0.001,100,4,3,0.2,0.02876331638544798,0.02012327768893274
graph_sage,0.001,100,4,3,0.5,0.017091245204210282,0.011693011581822543
graph_sage,0.001,100,4,4,0.0,0.007043491407401032,0.009841647091249083
graph_sage,0.001,100,4,4,0.1,0.01160428724769089,0.010732195870658346
graph_sage,0.001,100,4,4,0.2,0.013546652988427214,0.010768509529078263
graph_sage,0.001,100,4,4,0.5,0.013902768906619813,0.013204997696287557
graph_sage,0.001,100,8,2,0.0,0.005729715898633003,0.00748520477717467
graph_sage,0.001,100,8,2,0.1,0.00796547167830997,0.008414162501676547
graph_sage,0.001,100,8,2,0.2,0.008386460088917778,0.009329335826108242
graph_sage,0.001,100,8,2,0.5,0.012625962040490574,0.01038662107178443
graph_sage,0.001,100,8,3,0.0,0.006654732250091102,0.008172740635318764
graph_sage,0.001,100,8,3,0.1,0.010518860982524024,0.008379981416816396
graph_sage,0.001,100,8,3,0.2,0.0106402393637432,0.009571022316223244
graph_sage,0.001,100,8,3,0.5,0.013311833598547512,0.0103083534412016
graph_sage,0.001,100,8,4,0.0,0.006032259772635168,0.007373590567304178
graph_sage,0.001,100,8,4,0.1,0.009389682217604584,0.009246656124557018
graph_sage,0.001,100,8,4,0.2,0.009640824639548858,0.009439176414332295
graph_sage,0.001,100,8,4,0.5,0.014869736714495553,0.010496647835591077
graph_sage,0.001,100,16,2,0.0,0.005701160161859459,0.007030115607248533
graph_sage,0.001,100,16,2,0.1,0.007280042043162717,0.008007695652778323
graph_sage,0.001,100,16,2,0.2,0.00693812660045094,0.007804676360701035
graph_sage,0.001,100,16,2,0.5,0.009863134432170127,0.009238009533164893
graph_sage,0.001,100,16,3,0.0,0.005691110249608755,0.007666025782871522
graph_sage,0.001,100,16,3,0.1,0.006545946985069249,0.007879207789107955
graph_sage,0.001,100,16,3,0.2,0.007710905502446823,0.006768215915608877
graph_sage,0.001,100,16,3,0.5,0.009921870318551858,0.009117844190736002
graph_sage,0.001,100,16,4,0.0,0.005355650372803211,0.007382305433278646
graph_sage,0.001,100,16,4,0.1,0.006074450651390685,0.006932708015196898
graph_sage,0.001,100,16,4,0.2,0.008417540643778112,0.008762930582174033
graph_sage,0.001,100,16,4,0.5,0.01068517958952321,0.009360627980941439
graph_sage,0.001,100,32,2,0.0,0.004977068967289395,0.0070209803771195565
graph_sage,0.001,100,32,2,0.1,0.0058364911367081935,0.007050336957240266
graph_sage,0.001,100,32,2,0.2,0.006087907838324706,0.006455204070114284
graph_sage,0.001,100,32,2,0.5,0.008341980114993122,0.008125914897483289
graph_sage,0.001,100,32,3,0.0,0.005268099883364306,0.007369865410901811
graph_sage,0.001,100,32,3,0.1,0.005937153618368838,0.0069452381558958946
graph_sage,0.001,100,32,3,0.2,0.0064678866002294754,0.007027418026572296
graph_sage,0.001,100,32,3,0.5,0.00866340229080783,0.007748528323386616
graph_sage,0.001,100,32,4,0.0,0.004805236061414083,0.008447051161828357
graph_sage,0.001,100,32,4,0.1,0.006367987311548657,0.006818913859501685
graph_sage,0.001,100,32,4,0.2,0.006097776670422819,0.006400190226726466
graph_sage,0.001,100,32,4,0.5,0.00853034628348218,0.008011081521650708
graph_sage,0.001,200,4,2,0.0,0.005713715093831221,0.007715810843482029
graph_sage,0.001,200,4,2,0.1,0.008730716620468431,0.008718758633255618
graph_sage,0.001,200,4,2,0.2,0.010143851074907515,0.010275395415416467
graph_sage,0.001,200,4,2,0.5,0.01045385150031911,0.011209064643962763
graph_sage,0.001,200,4,3,0.0,0.006168928431967894,0.006719876061510033
graph_sage,0.001,200,4,3,0.1,0.010555376071068975,0.008457434413685872
graph_sage,0.001,200,4,3,0.2,0.010648633891509638,0.009936656375027764
graph_sage,0.001,200,4,3,0.5,0.01227014892631107,0.011964377494479117
graph_sage,0.001,200,4,4,0.0,0.006079524962438477,0.007454767816321728
graph_sage,0.001,200,4,4,0.1,0.017037932533356878,0.017794798908453147
graph_sage,0.001,200,4,4,0.2,0.008804940722054906,0.01045451072899788
graph_sage,0.001,200,4,4,0.5,0.012598832551803853,0.011999066266746738
graph_sage,0.001,200,8,2,0.0,0.005263490664462248,0.006564519036690664
graph_sage,0.001,200,8,2,0.1,0.007125324776603116,0.0069521404494800485
graph_sage,0.001,200,8,2,0.2,0.007824647219644652,0.007920773019315975
graph_sage,0.001,200,8,2,0.5,0.009851568347464005,0.009776573407979262
graph_sage,0.001,200,8,3,0.0,0.005102693827615844,0.00736420453945108
graph_sage,0.001,200,8,3,0.1,0.007263709563348028,0.007766566633312344
graph_sage,0.001,200,8,3,0.2,0.008422252701388465,0.00838870565665426
graph_sage,0.001,200,8,3,0.5,0.010313471613658799,0.010294728387091844
graph_sage,0.001,200,8,4,0.0,0.005314208494706286,0.0074934482302911444
graph_sage,0.001,200,8,4,0.1,0.007772077620029449,0.008347778240850201
graph_sage,0.001,200,8,4,0.2,0.008650796637973851,0.009320828388078638
graph_sage,0.001,200,8,4,0.5,0.009680326945251888,0.010629700798090114
graph_sage,0.001,200,16,2,0.0,0.005078408468721642,0.006630751986601724
graph_sage,0.001,200,16,2,0.1,0.0064158937169445885,0.006923956223718819
graph_sage,0.001,200,16,2,0.2,0.006296821207635932,0.00709344940667409
graph_sage,0.001,200,16,2,0.5,0.008721007179054949,0.008606443341921576
graph_sage,0.001,200,16,3,0.0,0.005259155471705728,0.007183141267344428
graph_sage,0.001,200,16,3,0.1,0.006124664511945512,0.007621669622325067
graph_sage,0.001,200,16,3,0.2,0.006546436809003353,0.006651853758813875
graph_sage,0.001,200,16,3,0.5,0.00899200766450829,0.008471917275282714
graph_sage,0.001,200,16,4,0.0,0.004839550295016832,0.00751701014004853
graph_sage,0.001,200,16,4,0.1,0.006001322975175249,0.0069294723307123714
graph_sage,0.001,200,16,4,0.2,0.007310332254403167,0.006872974321915604
graph_sage,0.001,200,16,4,0.5,0.007729647468982471,0.00960690749576083
graph_sage,0.001,200,32,2,0.0,0.004618557552910513,0.007077833134872158
graph_sage,0.001,200,32,2,0.1,0.005215961506797207,0.007529250525640574
graph_sage,0.001,200,32,2,0.2,0.006243087030533287,0.006671858444511169
graph_sage,0.001,200,32,2,0.5,0.006981044717960887,0.006929361817489088
graph_sage,0.001,200,32,3,0.0,0.004426149522057838,0.00814913372799717
graph_sage,0.001,200,32,3,0.1,0.004680782711754243,0.007329421611611253
graph_sage,0.001,200,32,3,0.2,0.0055327191121048395,0.0068082087232984815
graph_sage,0.001,200,32,3,0.5,0.008093767902917333,0.0070342462210755356
graph_sage,0.001,200,32,4,0.0,0.004364972189068794,0.008138751958527113
graph_sage,0.001,200,32,4,0.1,0.004752244650282794,0.007412660281558403
graph_sage,0.001,200,32,4,0.2,0.006040426157414913,0.00744164615216969
graph_sage,0.001,200,32,4,0.5,0.007166241978605588,0.0075872430154174
graph_sage,0.001,300,4,2,0.0,0.005903845259712802,0.007291874264174769
graph_sage,0.001,300,4,2,0.1,0.00822083769987027,0.007921594473501959
graph_sage,0.001,300,4,2,0.2,0.009197682576874892,0.00891300664014072
graph_sage,0.001,300,4,2,0.5,0.010973592371576362,0.01009482036870477
graph_sage,0.001,300,4,3,0.0,0.00558888040896919,0.007646216258453742
graph_sage,0.001,300,4,3,0.1,0.008574582931275169,0.009581543826281291
graph_sage,0.001,300,4,3,0.2,0.008868833124223683,0.00921333006609466
graph_sage,0.001,300,4,3,0.5,0.012844477159281572,0.013161605435070833
graph_sage,0.001,300,4,4,0.0,0.005958391384532054,0.007787254229141283
graph_sage,0.001,300,4,4,0.1,0.007742685462451644,0.008496384963306824
graph_sage,0.001,300,4,4,0.2,0.01683931839134958,0.019018702426934042
graph_sage,0.001,300,4,4,0.5,0.011705154666884078,0.011391286386877319
graph_sage,0.001,300,8,2,0.0,0.005193479069405132,0.007302814939700775
graph_sage,0.001,300,8,2,0.1,0.006215563287130661,0.007360100595694963
graph_sage,0.001,300,8,2,0.2,0.0081422865183817,0.008395891520502841
graph_sage,0.001,300,8,2,0.5,0.010332492821746402,0.0102083940233616
graph_sage,0.001,300,8,3,0.0,0.005472731217741967,0.007220590893250045
graph_sage,0.001,300,8,3,0.1,0.0070772188612156445,0.006792168409908617
graph_sage,0.001,300,8,3,0.2,0.0073829065180487105,0.007147302374291375
graph_sage,0.001,300,8,3,0.5,0.009765723223487536,0.009590405513963441
graph_sage,0.001,300,8,4,0.0,0.016845542275243337,0.019101412839488963
graph_sage,0.001,300,8,4,0.1,0.006826640003257328,0.007045433767303533
graph_sage,0.001,300,8,4,0.2,0.006760423361427254,0.0068503267788910804
graph_sage,0.001,300,8,4,0.5,0.009443308309548431,0.010798285321146328
graph_sage,0.001,300,16,2,0.0,0.004660487516472737,0.006382850010380104
graph_sage,0.001,300,16,2,0.1,0.005945827501515548,0.005782787268459
graph_sage,0.001,300,16,2,0.2,0.006276155987547503,0.00678998422204693
graph_sage,0.001,300,16,2,0.5,0.007949067176216178,0.007698520953942656
graph_sage,0.001,300,16,3,0.0,0.004573113057348463,0.007096167149770771
graph_sage,0.001,300,16,3,0.1,0.006468838049719731,0.007442245474267662
graph_sage,0.001,300,16,3,0.2,0.0062846361349026365,0.00657045532363707
graph_sage,0.001,300,16,3,0.5,0.008883764408528805,0.00844106671460454
graph_sage,0.001,300,16,4,0.0,0.0049017975106835365,0.00793389785990819
graph_sage,0.001,300,16,4,0.1,0.005259879595703549,0.006644851766411719
graph_sage,0.001,300,16,4,0.2,0.0060521614116926985,0.006065032084099009
graph_sage,0.001,300,16,4,0.5,0.008642425450185934,0.009150099145542812
graph_sage,0.001,300,32,2,0.0,0.0042379380824665224,0.007955211413532037
graph_sage,0.001,300,32,2,0.1,0.005114717802239789,0.007574993949869246
graph_sage,0.001,300,32,2,0.2,0.0049798283519016375,0.007082212777223096
graph_sage,0.001,300,32,2,0.5,0.007162969559431076,0.006874663492549016
graph_sage,0.001,300,32,3,0.0,0.004044886368016402,0.006546976909775837
graph_sage,0.001,300,32,3,0.1,0.00489827209773163,0.007095450077877263
graph_sage,0.001,300,32,3,0.2,0.0046848133930729495,0.006775050628853774
graph_sage,0.001,300,32,3,0.5,0.006598172057420015,0.006372066093521589
graph_sage,0.001,300,32,4,0.0,0.004009252465847466,0.008102386970704423
graph_sage,0.001,300,32,4,0.1,0.004894518298614356,0.006937503306852411
graph_sage,0.001,300,32,4,0.2,0.0054511865600943565,0.006384557504300337
graph_sage,0.001,300,32,4,0.5,0.0063245838197569055,0.006400447015092681
graph_sage,0.001,50,4,2,0.0,0.01404088760415713,0.01204719653450248
graph_sage,0.001,50,4,2,0.1,0.017824356775316928,0.012747190576909895
graph_sage,0.001,50,4,2,0.2,0.02113740046819051,0.014943377163911475
graph_sage,0.001,50,4,2,0.5,0.019774387238754167,0.017950881202658153
graph_sage,0.001,50,4,3,0.0,0.0187530935017599,0.017037920934639784
graph_sage,0.001,50,4,3,0.1,0.010978470763398541,0.009706452433602686
graph_sage,0.001,50,4,3,0.2,0.01674948941088385,0.01036907579220021
graph_sage,0.001,50,4,3,0.5,0.018612760677933694,0.014905705006673408
graph_sage,0.001,50,4,4,0.0,0.007995577425592475,0.0068568903360223254
graph_sage,0.001,50,4,4,0.1,0.01754550871749719,0.01565601800295673
graph_sage,0.001,50,4,4,0.2,0.013670938068793879,0.00716484434842235
graph_sage,0.001,50,4,4,0.5,0.01841204317493571,0.01570986708823574
graph_sage,0.001,50,8,2,0.0,0.008810931806349093,0.0073978495401685555
graph_sage,0.001,50,8,2,0.1,0.015209130389201972,0.010984979226793912
graph_sage,0.001,50,8,2,0.2,0.015728768044047884,0.009393362950625072
graph_sage,0.001,50,8,2,0.5,0.020849116436309285,0.010706456269391507
graph_sage,0.001,50,8,3,0.0,0.008961329857508341,0.007457104296371253
graph_sage,0.001,50,8,3,0.1,0.008037797837621636,0.007597767086081686
graph_sage,0.001,50,8,3,0.2,0.010088616671661535,0.006816142015300763
graph_sage,0.001,50,8,3,0.5,0.018591726074616115,0.010669257242850816
graph_sage,0.001,50,8,4,0.0,0.006435776874423027,0.0056968094908425694
graph_sage,0.001,50,8,4,0.1,0.009414814702338643,0.007337674148082241
graph_sage,0.001,50,8,4,0.2,0.010115078784939316,0.007676395369987987
graph_sage,0.001,50,8,4,0.5,0.01461107772257593,0.008760807612600296
graph_sage,0.001,50,16,2,0.0,0.006388218380096886,0.005497667057758404
graph_sage,0.001,50,16,2,0.1,0.0076624922040436005,0.005801486271091449
graph_sage,0.001,50,16,2,0.2,0.008644560005308853,0.006024746232325673
graph_sage,0.001,50,16,2,0.5,0.012445823796507384,0.007475343552559211
graph_sage,0.001,50,16,3,0.0,0.006799269695248869,0.006211111536265457
graph_sage,0.001,50,16,3,0.1,0.00763470572936866,0.006649014958024169
graph_sage,0.001,50,16,3,0.2,0.008506225070191754,0.006338093757900532
graph_sage,0.001,50,16,3,0.5,0.011782297709335884,0.008621395868489423
graph_sage,0.001,50,16,4,0.0,0.00694044702168968,0.006280276787341732
graph_sage,0.001,50,16,4,0.1,0.007589596168448527,0.006206457311176572
graph_sage,0.001,50,16,4,0.2,0.009359749965369701,0.006660742654539242
graph_sage,0.001,50,16,4,0.5,0.01234106533229351,0.008412300246312588
graph_sage,0.001,50,32,2,0.0,0.006556360982358456,0.005509444698411148
graph_sage,0.001,50,32,2,0.1,0.00676021444507771,0.005344395220930509
graph_sage,0.001,50,32,2,0.2,0.007943052943381998,0.00564872780222363
graph_sage,0.001,50,32,2,0.5,0.011790258561571438,0.006376389499187796
graph_sage,0.001,50,32,3,0.0,0.00565901906746957,0.005259926339518417
graph_sage,0.001,50,32,3,0.1,0.006833391884962718,0.006088847094863769
graph_sage,0.001,50,32,3,0.2,0.007278748725851377,0.005641860968747192
graph_sage,0.001,50,32,3,0.5,0.009411129790047804,0.007883827674937139
graph_sage,0.001,50,32,4,0.0,0.005871321281625165,0.006239039443744776
graph_sage,0.001,50,32,4,0.1,0.006416974082175228,0.005418748054530398
graph_sage,0.001,50,32,4,0.2,0.008127614214188523,0.006507624066950446
graph_sage,0.001,50,32,4,0.5,0.010919274182783233,0.008150377176677215
graph_sage,0.001,100,4,2,0.0,0.006780618967281447,0.005719068555033613
graph_sage,0.001,100,4,2,0.1,0.010477338814073138,0.008395422402333107
graph_sage,0.001,100,4,2,0.2,0.010001936968829896,0.008458160479832721
graph_sage,0.001,100,4,2,0.5,0.018481235081950823,0.015376897896524544
graph_sage,0.001,100,4,3,0.0,0.006536921744959222,0.006136047284270441
graph_sage,0.001,100,4,3,0.1,0.0087686064446138,0.007455388707924393
graph_sage,0.001,100,4,3,0.2,0.012674476661615901,0.006783937327239031
graph_sage,0.001,100,4,3,0.5,0.017339520777265232,0.012924198206839255
graph_sage,0.001,100,4,4,0.0,0.00646948152118259,0.00559946073250348
graph_sage,0.001,100,4,4,0.1,0.009560355720006757,0.008295592425660492
graph_sage,0.001,100,4,4,0.2,0.011953327266706362,0.008022433094480719
graph_sage,0.001,100,4,4,0.5,0.020160375990801387,0.010413681409712817
graph_sage,0.001,100,8,2,0.0,0.007136432329813639,0.006121980365173707
graph_sage,0.001,100,8,2,0.1,0.007382972372902764,0.005850744740934677
graph_sage,0.001,100,8,2,0.2,0.00981583171006706,0.0062282677765084
graph_sage,0.001,100,8,2,0.5,0.011584226890570587,0.007867891719758302
graph_sage,0.001,100,8,3,0.0,0.006271973200556304,0.005449032565301182
graph_sage,0.001,100,8,3,0.1,0.009211548852423828,0.006514722921365923
graph_sage,0.001,100,8,3,0.2,0.00942579915540086,0.007329386902143242
graph_sage,0.001,100,8,3,0.5,0.014334111391670174,0.008260988836012229
graph_sage,0.001,100,8,4,0.0,0.005755846367941963,0.004951300701309025
graph_sage,0.001,100,8,4,0.1,0.00908418247062299,0.006697647071064438
graph_sage,0.001,100,8,4,0.2,0.009070022114449077,0.008540423899993788
graph_sage,0.001,100,8,4,0.5,0.014012148645189073,0.008778649072190814
graph_sage,0.001,100,16,2,0.0,0.005916273749123017,0.005051918194487581
graph_sage,0.001,100,16,2,0.1,0.00759406526469522,0.00547623302259288
graph_sage,0.001,100,16,2,0.2,0.008827363906635178,0.005648219612394745
graph_sage,0.001,100,16,2,0.5,0.009898709609276718,0.007739352933206179
graph_sage,0.001,100,16,3,0.0,0.005099552611096038,0.0045100556810611534
graph_sage,0.001,100,16,3,0.1,0.006922996644344595,0.0052097534294202495
graph_sage,0.001,100,16,3,0.2,0.007407914702263143,0.005795169336335904
graph_sage,0.001,100,16,3,0.5,0.010053379212816555,0.00770752165005748
graph_sage,0.001,100,16,4,0.0,0.005312831596367889,0.005006005151915049
graph_sage,0.001,100,16,4,0.1,0.006583476314942042,0.005541358584983058
graph_sage,0.001,100,16,4,0.2,0.007364962777743737,0.00541945770983916
graph_sage,0.001,100,16,4,0.5,0.009567737641433875,0.008456131341115846
graph_sage,0.001,100,32,2,0.0,0.005204727179888222,0.005177589053484555
graph_sage,0.001,100,32,2,0.1,0.005691149442767104,0.004976610100317936
graph_sage,0.001,100,32,2,0.2,0.006993857916030619,0.005277295663896053
graph_sage,0.001,100,32,2,0.5,0.008839149814512995,0.006456827305345336
graph_sage,0.001,100,32,3,0.0,0.005038194032385946,0.0049983514510765215
graph_sage,0.001,100,32,3,0.1,0.005833472094188134,0.004691324313864431
graph_sage,0.001,100,32,3,0.2,0.006662190871106254,0.005705588867888012
graph_sage,0.001,100,32,3,0.5,0.008547542430460454,0.0071229268654655845
graph_sage,0.001,100,32,4,0.0,0.005281169505582915,0.005503206973934649
graph_sage,0.001,100,32,4,0.1,0.0057049394067790775,0.004637534058210169
graph_sage,0.001,100,32,4,0.2,0.006229274140463935,0.005822582064673032
graph_sage,0.001,100,32,4,0.5,0.009487505867663356,0.0068798617601258496
graph_sage,0.001,200,4,2,0.0,0.017474460767375098,0.015878682396117248
graph_sage,0.001,200,4,2,0.1,0.008533221979935965,0.007557715182824354
graph_sage,0.001,200,4,2,0.2,0.010165300820436743,0.008644456738041328
graph_sage,0.001,200,4,2,0.5,0.012807108596381215,0.009474371704535156
graph_sage,0.001,200,4,3,0.0,0.006338481046259403,0.005443988236027897
graph_sage,0.001,200,4,3,0.1,0.01718340782034728,0.015647676696943356
graph_sage,0.001,200,4,3,0.2,0.009052183023757404,0.006758675870808273
graph_sage,0.001,200,4,3,0.5,0.014428058887521427,0.009519647052161795
graph_sage,0.001,200,4,4,0.0,0.005768982445200284,0.005183404683146997
graph_sage,0.001,200,4,4,0.1,0.01735420533352428,0.015775733225456466
graph_sage,0.001,200,4,4,0.2,0.011404429583085908,0.008053881923076323
graph_sage,0.001,200,4,4,0.5,0.014634315959281392,0.010846015927879215
graph_sage,0.001,200,8,2,0.0,0.005797244504921966,0.004940015435540901
graph_sage,0.001,200,8,2,0.1,0.008719233464863566,0.005705734856129174
graph_sage,0.001,200,8,2,0.2,0.009053747024801042,0.00609605237601214
graph_sage,0.001,200,8,2,0.5,0.009865773262249099,0.008566861563902805
graph_sage,0.001,200,8,3,0.0,0.005942390983303388,0.005457054214624635
graph_sage,0.001,200,8,3,0.1,0.0075849006987280315,0.0067309296955264
graph_sage,0.001,200,8,3,0.2,0.00831311032589939,0.005338671799452688
graph_sage,0.001,200,8,3,0.5,0.010089194070961741,0.008400959943397467
graph_sage,0.001,200,8,4,0.0,0.005431290736628903,0.005098872407110311
graph_sage,0.001,200,8,4,0.1,0.006666886620223522,0.006983454586522097
graph_sage,0.001,200,8,4,0.2,0.007891230585260523,0.007203586898714609
graph_sage,0.001,200,8,4,0.5,0.010140148322615358,0.008395184588555283
graph_sage,0.001,200,16,2,0.0,0.0053396558699508505,0.005243717451553942
graph_sage,0.001,200,16,2,0.1,0.0056022584541804265,0.004632222511430184
graph_sage,0.001,200,16,2,0.2,0.007243338092747662,0.005497947399695935
graph_sage,0.001,200,16,2,0.5,0.00884729331980149,0.007600119597364885
graph_sage,0.001,200,16,3,0.0,0.00509569025081065,0.0047854835426808014
graph_sage,0.001,200,16,3,0.1,0.006477797693676419,0.00543589741448749
graph_sage,0.001,200,16,3,0.2,0.006920296616024441,0.005173347154465735
graph_sage,0.001,200,16,3,0.5,0.009037456578678556,0.005851299343360106
graph_sage,0.001,200,16,4,0.0,0.005114213190972805,0.00488245604301425
graph_sage,0.001,200,16,4,0.1,0.005754625693791442,0.005486552899356778
graph_sage,0.001,200,16,4,0.2,0.00654150162720018,0.0054668632600251895
graph_sage,0.001,200,16,4,0.5,0.008691200313882695,0.007793568219927338
graph_sage,0.001,200,32,2,0.0,0.004646194076889919,0.005092362857042176
graph_sage,0.001,200,32,2,0.1,0.00512498863455322,0.0046560724604969295
graph_sage,0.001,200,32,2,0.2,0.005602710093888972,0.004953176974737428
graph_sage,0.001,200,32,2,0.5,0.00760215878383153,0.005593973615422176
graph_sage,0.001,200,32,3,0.0,0.004454521089792251,0.004568154176701045
graph_sage,0.001,200,32,3,0.1,0.0050311767703129185,0.004856740897749923
graph_sage,0.001,200,32,3,0.2,0.005848137848079205,0.005151225265866222
graph_sage,0.001,200,32,3,0.5,0.00781270114498006,0.0055935892586428835
graph_sage,0.001,200,32,4,0.0,0.004337676159209675,0.004615482926141223
graph_sage,0.001,200,32,4,0.1,0.005342027969244454,0.005554358474064824
graph_sage,0.001,200,32,4,0.2,0.00546785682025883,0.004792081657523118
graph_sage,0.001,200,32,4,0.5,0.008303538606398635,0.005682157104308772
graph_sage,0.001,300,4,2,0.0,0.0061696567469173005,0.006036081678192406
graph_sage,0.001,300,4,2,0.1,0.007954423191646735,0.007104188111752685
graph_sage,0.001,300,4,2,0.2,0.010225671146892839,0.009159367565412625
graph_sage,0.001,300,4,2,0.5,0.01240937862959173,0.008507550812306452
graph_sage,0.001,300,4,3,0.0,0.0060162852518260476,0.005559837240743293
graph_sage,0.001,300,4,3,0.1,0.008466703900032574,0.006935601114779399
graph_sage,0.001,300,4,3,0.2,0.01718478314578533,0.015647836526438596
graph_sage,0.001,300,4,3,0.5,0.01202773063754042,0.00923741749000755
graph_sage,0.001,300,4,4,0.0,0.01717994842264387,0.01565001580815235
graph_sage,0.001,300,4,4,0.1,0.0075207410587204825,0.007561089483840555
graph_sage,0.001,300,4,4,0.2,0.00974552474088139,0.00818740375336342
graph_sage,0.001,300,4,4,0.5,0.017171538383182552,0.015648696104257565
graph_sage,0.001,300,8,2,0.0,0.00539448326970968,0.005296676715821591
graph_sage,0.001,300,8,2,0.1,0.007287938354743851,0.005425744308284597
graph_sage,0.001,300,8,2,0.2,0.007569137991716464,0.005258871717756941
graph_sage,0.001,300,8,2,0.5,0.011249988112184736,0.007902402898774618
graph_sage,0.001,300,8,3,0.0,0.0053904226308481564,0.004860780896692884
graph_sage,0.001,300,8,3,0.1,0.006676421976751752,0.005158837670946359
graph_sage,0.001,300,8,3,0.2,0.007022867972652117,0.0056869291412479095
graph_sage,0.001,300,8,3,0.5,0.010297911779748068,0.00897004223136666
graph_sage,0.001,300,8,4,0.0,0.004972037740258707,0.005279860843918027
graph_sage,0.001,300,8,4,0.1,0.0067140360466308065,0.00511838648459575
graph_sage,0.001,300,8,4,0.2,0.006338953195760648,0.005152236682002043
graph_sage,0.001,300,8,4,0.5,0.010966621008184222,0.00876315993893082
graph_sage,0.001,300,16,2,0.0,0.004810739846693145,0.005145637252802038
graph_sage,0.001,300,16,2,0.1,0.0057089109077221815,0.0049737001313249875
graph_sage,0.001,300,16,2,0.2,0.0061557912888626255,0.00493397698147009
graph_sage,0.001,300,16,2,0.5,0.007343319938000706,0.005431316936363939
graph_sage,0.001,300,16,3,0.0,0.004765382036566734,0.005836032084338183
graph_sage,0.001,300,16,3,0.1,0.005489050389991867,0.004726912216230339
graph_sage,0.001,300,16,3,0.2,0.006128834839910269,0.0048909486703247575
graph_sage,0.001,300,16,3,0.5,0.0072884471414403785,0.006111917212625007
graph_sage,0.001,300,16,4,0.0,0.005002252043535312,0.006115519207799758
graph_sage,0.001,300,16,4,0.1,0.005995677194247643,0.004846701559370392
graph_sage,0.001,300,16,4,0.2,0.006204059031895465,0.004871679263851236
graph_sage,0.001,300,16,4,0.5,0.007935864312781229,0.0047777258201869175
graph_sage,0.001,300,32,2,0.0,0.004262083561884032,0.004905224686583875
graph_sage,0.001,300,32,2,0.1,0.00556519048081504,0.005165437553002428
graph_sage,0.001,300,32,2,0.2,0.005066454752037922,0.0047781438532229934
graph_sage,0.001,300,32,2,0.5,0.00596396906249639,0.005167178627358315
graph_sage,0.001,300,32,3,0.0,0.004346049902960658,0.0052819130326119176
graph_sage,0.001,300,32,3,0.1,0.005003237993352943,0.004899712470919604
graph_sage,0.001,300,32,3,0.2,0.005285481622235642,0.004570639867352466
graph_sage,0.001,300,32,3,0.5,0.006274202548795276,0.005407625545271655
graph_sage,0.001,300,32,4,0.0,0.004229022583199872,0.004904093007341737
graph_sage,0.001,300,32,4,0.1,0.005271668494161632,0.004726840585224701
graph_sage,0.001,300,32,4,0.2,0.005262363784843021,0.0052401897373149705
graph_sage,0.001,300,32,4,0.5,0.006380234844982624,0.0054292118712952805
graph_sage,0.001,50,4,2,0.0,0.015826875757839944,0.013848664647071374
graph_sage,0.001,50,4,2,0.1,0.016635637388875087,0.014409688688533161
graph_sage,0.001,50,4,2,0.2,0.03428360186517239,0.039616549972327594
graph_sage,0.001,50,4,2,0.5,0.032906458692418206,0.01627856056320045
graph_sage,0.001,50,4,3,0.0,0.007769714031989376,0.006877599511569343
graph_sage,0.001,50,4,3,0.1,0.017312975517577597,0.0146726956975205
graph_sage,0.001,50,4,3,0.2,0.014513014670875337,0.010923517033593377
graph_sage,0.001,50,4,3,0.5,0.020769972188605202,0.014687021111176878
graph_sage,0.001,50,4,4,0.0,0.0276683761841721,0.03143629824326357
graph_sage,0.001,50,4,4,0.1,0.011435825563967227,0.007266737243059396
graph_sage,0.001,50,4,4,0.2,0.01601237944430775,0.012993073312088743
graph_sage,0.001,50,4,4,0.5,0.030852319134606256,0.019591461213884286
graph_sage,0.001,50,8,2,0.0,0.00822381331688828,0.007422293326090923
graph_sage,0.001,50,8,2,0.1,0.009017982132111987,0.0073584399173367565
graph_sage,0.001,50,8,2,0.2,0.014114574653406937,0.00911798064446936
graph_sage,0.001,50,8,2,0.5,0.020474773686793117,0.012642241538849141
graph_sage,0.001,50,8,3,0.0,0.007307911167542139,0.00657314272595908
graph_sage,0.001,50,8,3,0.1,0.011124316313200527,0.008213429071057644
graph_sage,0.001,50,8,3,0.2,0.012536303243703313,0.008062022497215882
graph_sage,0.001,50,8,3,0.5,0.013682545969883601,0.010039000638570083
graph_sage,0.001,50,8,4,0.0,0.006086209354301294,0.006603007980917841
graph_sage,0.001,50,8,4,0.1,0.009016379703664118,0.006665541273388698
graph_sage,0.001,50,8,4,0.2,0.010473300371732977,0.007107229474158672
graph_sage,0.001,50,8,4,0.5,0.019986124253935283,0.01238721874703117
graph_sage,0.001,50,16,2,0.0,0.006511948578473595,0.006281953347056302
graph_sage,0.001,50,16,2,0.1,0.007679510189013349,0.006408928219358146
graph_sage,0.001,50,16,2,0.2,0.010870097991493013,0.0077505373792021715
graph_sage,0.001,50,16,2,0.5,0.010159363473455111,0.007086704328101057
graph_sage,0.001,50,16,3,0.0,0.006456965471928319,0.0063601222616402
graph_sage,0.001,50,16,3,0.1,0.008174492998255624,0.00652474217220167
graph_sage,0.001,50,16,3,0.2,0.009925369111200174,0.006612969411836556
graph_sage,0.001,50,16,3,0.5,0.013983410286406676,0.007517689677176165
graph_sage,0.001,50,16,4,0.0,0.0064423780681358445,0.006194268474330666
graph_sage,0.001,50,16,4,0.1,0.008886570400661892,0.006431855572909218
graph_sage,0.001,50,16,4,0.2,0.007554013100970123,0.006513292280020977
graph_sage,0.001,50,16,4,0.5,0.014266712239219083,0.006534658759671607
graph_sage,0.001,50,32,2,0.0,0.006447698781266808,0.006262658118196906
graph_sage,0.001,50,32,2,0.1,0.006132529593176312,0.006238036743478314
graph_sage,0.001,50,32,2,0.2,0.007251014084451729,0.006487620898199431
graph_sage,0.001,50,32,2,0.5,0.009611879516806867,0.006795102672147379
graph_sage,0.001,50,32,3,0.0,0.005742823166979684,0.006089455918027742
graph_sage,0.001,50,32,3,0.1,0.006560877591578497,0.006081489425452613
graph_sage,0.001,50,32,3,0.2,0.0074883833734525574,0.006132053879594234
graph_sage,0.001,50,32,3,0.5,0.009781261885331736,0.007363248221240859
graph_sage,0.001,50,32,4,0.0,0.005460669183068805,0.005907950562819142
graph_sage,0.001,50,32,4,0.1,0.007094784018894036,0.0060103951534579815
graph_sage,0.001,50,32,4,0.2,0.007888619343025817,0.005982052911973757
graph_sage,0.001,50,32,4,0.5,0.010010907478216622,0.007660700528188347
graph_sage,0.001,100,4,2,0.0,0.008208634207646053,0.006949484307247289
graph_sage,0.001,100,4,2,0.1,0.020029637300305898,0.021043932779280718
graph_sage,0.001,100,4,2,0.2,0.014031727156705327,0.010077696740726515
graph_sage,0.001,100,4,2,0.5,0.019921390422516397,0.01738391094866216
graph_sage,0.001,100,4,3,0.0,0.017243623381687535,0.015137408975403766
graph_sage,0.001,100,4,3,0.1,0.017604992497298452,0.01666305243415227
graph_sage,0.001,100,4,3,0.2,0.010737103306584887,0.00746959896178101
graph_sage,0.001,100,4,3,0.5,0.018118395821915732,0.012216840857368983
graph_sage,0.001,100,4,4,0.0,0.006580375735130575,0.006076310875710878
graph_sage,0.001,100,4,4,0.1,0.00900562268992265,0.006515635454354296
graph_sage,0.001,100,4,4,0.2,0.010734414578311972,0.006726318674639131
graph_sage,0.001,100,4,4,0.5,0.017260236624214383,0.014415644880707656
graph_sage,0.001,100,8,2,0.0,0.0065108848321768975,0.006220160796795682
graph_sage,0.001,100,8,2,0.1,0.007965823516456617,0.006431230737097238
graph_sage,0.001,100,8,2,0.2,0.008916540919906563,0.006407598138628945
graph_sage,0.001,100,8,2,0.5,0.015021479088399145,0.0085660344352128
graph_sage,0.001,100,8,3,0.0,0.0059088012824455895,0.00598277438851218
graph_sage,0.001,100,8,3,0.1,0.007305620507233672,0.006336599397659182
graph_sage,0.001,100,8,3,0.2,0.011662755202915933,0.006257211265425245
graph_sage,0.001,100,8,3,0.5,0.01306555060048898,0.007100971952026125
graph_sage,0.001,100,8,4,0.0,0.005848927713102765,0.006319797845694186
graph_sage,0.001,100,8,4,0.1,0.007644639557434453,0.005957973704624475
graph_sage,0.001,100,8,4,0.2,0.008507513420449362,0.006422551379813424
graph_sage,0.001,100,8,4,0.5,0.016622052465875944,0.008521262106698124
graph_sage,0.001,100,16,2,0.0,0.005941213527694345,0.0062569654277012
graph_sage,0.001,100,16,2,0.1,0.006750597204599116,0.005969008133827902
graph_sage,0.001,100,16,2,0.2,0.007938017261524995,0.00621925942307282
graph_sage,0.001,100,16,2,0.5,0.011718798490862051,0.006786890705298987
graph_sage,0.001,100,16,3,0.0,0.005703308009025123,0.00604763353366824
graph_sage,0.001,100,16,3,0.1,0.0065604695429404575,0.006072003650733038
graph_sage,0.001,100,16,3,0.2,0.007773408179895746,0.006089307329900251
graph_sage,0.001,100,16,3,0.5,0.009975334236191378,0.00608769247155525
graph_sage,0.001,100,16,4,0.0,0.005333788993044032,0.0060673847882372735
graph_sage,0.001,100,16,4,0.1,0.007513802850411998,0.005901790194125844
graph_sage,0.001,100,16,4,0.2,0.007031882347332106,0.0057595175077973515
graph_sage,0.001,100,16,4,0.5,0.010816957791232401,0.006839416561954703
graph_sage,0.001,100,32,2,0.0,0.004805401826484336,0.006128373767621387
graph_sage,0.001,100,32,2,0.1,0.006167648277348942,0.006066091035019383
graph_sage,0.001,100,32,2,0.2,0.006663103681057691,0.006060642402731809
graph_sage,0.001,100,32,2,0.5,0.00819737362778849,0.0062428677439055665
graph_sage,0.001,100,32,3,0.0,0.00543625708669424,0.005987038487233587
graph_sage,0.001,100,32,3,0.1,0.006055741674370236,0.006113024426023106
graph_sage,0.001,100,32,3,0.2,0.006140815945238702,0.005860144812281032
graph_sage,0.001,100,32,3,0.5,0.009299881094031863,0.005800063786704346
graph_sage,0.001,100,32,4,0.0,0.004578688637249999,0.005929657703015056
graph_sage,0.001,100,32,4,0.1,0.005824588906640808,0.006165542159126058
graph_sage,0.001,100,32,4,0.2,0.00725983939676856,0.006155613923590408
graph_sage,0.001,100,32,4,0.5,0.00807343369556798,0.006563373702714692
graph_sage,0.001,200,4,2,0.0,0.0068052715104487205,0.006137975154380815
graph_sage,0.001,200,4,2,0.1,0.007649060949269268,0.006852623812724623
graph_sage,0.001,200,4,2,0.2,0.01065863428844346,0.00677739969527007
graph_sage,0.001,200,4,2,0.5,0.013161869574752119,0.008028221635487665
graph_sage,0.001,200,4,3,0.0,0.017282275855541228,0.015619184607555247
graph_sage,0.001,200,4,3,0.1,0.01724089640710089,0.015201440074062055
graph_sage,0.001,200,4,3,0.2,0.009983014770680004,0.006413688788443927
graph_sage,0.001,200,4,3,0.5,0.011824986628360219,0.006639571686686008
graph_sage,0.001,200,4,4,0.0,0.00518483008361525,0.006819720401012574
graph_sage,0.001,200,4,4,0.1,0.009549379059010082,0.0063950857673315655
graph_sage,0.001,200,4,4,0.2,0.010373402718040678,0.006405561485332445
graph_sage,0.001,200,4,4,0.5,0.013117524277832773,0.006941754215618356
graph_sage,0.001,200,8,2,0.0,0.005050219512648052,0.005703379740327463
graph_sage,0.001,200,8,2,0.1,0.006752603935698668,0.006480964098275965
graph_sage,0.001,200,8,2,0.2,0.007494310274099311,0.006628000093572339
graph_sage,0.001,200,8,2,0.5,0.010279558019505607,0.006821590594169624
graph_sage,0.001,200,8,3,0.0,0.0055454781692889,0.006207532029840657
graph_sage,0.001,200,8,3,0.1,0.0076917569773892564,0.00619870540480445
graph_sage,0.001,200,8,3,0.2,0.008678986504673959,0.00587721205964602
graph_sage,0.001,200,8,3,0.5,0.012026191130280495,0.006456265469894085
graph_sage,0.001,200,8,4,0.0,0.005724270993636714,0.005837321557524966
graph_sage,0.001,200,8,4,0.1,0.007034483262234264,0.00613733296862673
graph_sage,0.001,200,8,4,0.2,0.007750313894616233,0.005816561536958353
graph_sage,0.001,200,8,4,0.5,0.011509040939725108,0.006045973346014044
graph_sage,0.001,200,16,2,0.0,0.004699067750738727,0.005977763524539448
graph_sage,0.001,200,16,2,0.1,0.006515726923114724,0.006511824919598741
graph_sage,0.001,200,16,2,0.2,0.007081885946293672,0.006047406906987973
graph_sage,0.001,200,16,2,0.5,0.008709197574191623,0.006168856544439017
graph_sage,0.001,200,16,3,0.0,0.005352904482020272,0.006174259933276982
graph_sage,0.001,200,16,3,0.1,0.0056914060169623954,0.006036662053629715
graph_sage,0.001,200,16,3,0.2,0.0066425967340668045,0.005490540980476055
graph_sage,0.001,200,16,3,0.5,0.008429455053475168,0.00660487533565064
graph_sage,0.001,200,16,4,0.0,0.017240859443942706,0.015190690327150414
graph_sage,0.001,200,16,4,0.1,0.005942763739989864,0.005405595392975471
graph_sage,0.001,200,16,4,0.2,0.007123338782952892,0.0060637694064880066
graph_sage,0.001,200,16,4,0.5,0.007846888082308903,0.0058775154914394
graph_sage,0.001,200,32,2,0.0,0.004481982708805137,0.005801367198894169
graph_sage,0.001,200,32,2,0.1,0.0054992130026221275,0.0063039491116500205
graph_sage,0.001,200,32,2,0.2,0.00533980874137746,0.005691041723300394
graph_sage,0.001,200,32,2,0.5,0.007158092223107815,0.0061067522116507785
graph_sage,0.001,200,32,3,0.0,0.004355096237527,0.006140195169691598
graph_sage,0.001,200,32,3,0.1,0.005168185590042008,0.0054374617382515035
graph_sage,0.001,200,32,3,0.2,0.005811030378875633,0.005652382256649968
graph_sage,0.001,200,32,3,0.5,0.0074923811687363515,0.006039020290012864
graph_sage,0.001,200,32,4,0.0,0.00436511736156212,0.005700466341699251
graph_sage,0.001,200,32,4,0.1,0.004684841312054131,0.006168835744356916
graph_sage,0.001,200,32,4,0.2,0.004967954744481378,0.005758318289366393
graph_sage,0.001,200,32,4,0.5,0.006677389258725776,0.0062392645811987
graph_sage,0.001,300,4,2,0.0,0.006364194076094363,0.006012768126863488
graph_sage,0.001,300,4,2,0.1,0.009235866574777497,0.006822134156494819
graph_sage,0.001,300,4,2,0.2,0.017240945415364372,0.015146681309085785
graph_sage,0.001,300,4,2,0.5,0.0172405118536618,0.015186756988580363
graph_sage,0.001,300,4,3,0.0,0.005450404238783651,0.005861548271799144
graph_sage,0.001,300,4,3,0.1,0.00758285667333338,0.005958950420511489
graph_sage,0.001,300,4,3,0.2,0.009653335995972156,0.0063454620338074365
graph_sage,0.001,300,4,3,0.5,0.012802611995074485,0.006328415155865841
graph_sage,0.001,300,4,4,0.0,0.017241304657525488,0.015228674737478265
graph_sage,0.001,300,4,4,0.1,0.008639712228129308,0.006330864978638395
graph_sage,0.001,300,4,4,0.2,0.00992812615715795,0.00637135962716755
graph_sage,0.001,300,4,4,0.5,0.012404426021708383,0.005878404373442958
graph_sage,0.001,300,8,2,0.0,0.00545493850691451,0.005741294414574582
graph_sage,0.001,300,8,2,0.1,0.006822697394010094,0.006249842421460716
graph_sage,0.001,300,8,2,0.2,0.006658720763193237,0.006178207979362682
graph_sage,0.001,300,8,2,0.5,0.009850126856731044,0.00609468591505653
graph_sage,0.001,300,8,3,0.0,0.005119359462211529,0.005896230286032011
graph_sage,0.001,300,8,3,0.1,0.006583829058541192,0.006019730207110818
graph_sage,0.001,300,8,3,0.2,0.007214929799859723,0.005896923581409563
graph_sage,0.001,300,8,3,0.5,0.01218024039020141,0.006163924510895047
graph_sage,0.001,300,8,4,0.0,0.0050999344119595155,0.005875534203008926
graph_sage,0.001,300,8,4,0.1,0.007828989500800769,0.006078518129182875
graph_sage,0.001,300,8,4,0.2,0.007517691339469618,0.005694566568380299
graph_sage,0.001,300,8,4,0.5,0.010618273437851005,0.005430377362190075
graph_sage,0.001,300,16,2,0.0,0.004867770874665843,0.006271019613575924
graph_sage,0.001,300,16,2,0.1,0.005816338708003362,0.006163595827121515
graph_sage,0.001,300,16,2,0.2,0.006095375006811486,0.005965622150981354
graph_sage,0.001,300,16,2,0.5,0.008245778290761842,0.00587656974578481
graph_sage,0.001,300,16,3,0.0,0.00484587631912695,0.00648652387809312
graph_sage,0.001,300,16,3,0.1,0.005689145862642262,0.005650948554237534
graph_sage,0.001,300,16,3,0.2,0.00577927924071749,0.005511841928224204
graph_sage,0.001,300,16,3,0.5,0.007614663232945734,0.005759269281325086
graph_sage,0.001,300,16,4,0.0,0.0044616744957036445,0.005645278674005372
graph_sage,0.001,300,16,4,0.1,0.005056492891162634,0.006085191018708613
graph_sage,0.001,300,16,4,0.2,0.00640824166023069,0.0061322279838933015
graph_sage,0.001,300,16,4,0.5,0.007697165653937393,0.005559559329761576
graph_sage,0.001,300,32,2,0.0,0.004362315374116103,0.0061005948640715955
graph_sage,0.001,300,32,2,0.1,0.0050012604850861765,0.005771123257489741
graph_sage,0.001,300,32,2,0.2,0.005587091255519126,0.005652346260718222
graph_sage,0.001,300,32,2,0.5,0.006084949026505152,0.005789423946413752
graph_sage,0.001,300,32,3,0.0,0.004796169387797515,0.006137927327207304
graph_sage,0.001,300,32,3,0.1,0.004940795443124242,0.005693391420979221
graph_sage,0.001,300,32,3,0.2,0.0053497852240171695,0.005689613831477658
graph_sage,0.001,300,32,3,0.5,0.006883515774582823,0.005605994105760725
graph_sage,0.001,300,32,4,0.0,0.004009070785509216,0.005946087630043362
graph_sage,0.001,300,32,4,0.1,0.0048574441526499056,0.006818441082744186
graph_sage,0.001,300,32,4,0.2,0.005453075520280334,0.005698223980709826
graph_sage,0.001,300,32,4,0.5,0.0069389490721126395,0.005530667304317394
graph_sage,0.001,50,4,2,0.0,0.018339901955591306,0.013898478280851645
graph_sage,0.001,50,4,2,0.1,0.011883451934489938,0.00890675515893582
graph_sage,0.001,50,4,2,0.2,0.03550461464458042,0.025539797107558205
graph_sage,0.001,50,4,2,0.5,0.030246980653868782,0.013651256697411185
graph_sage,0.001,50,4,3,0.0,0.015454723458323215,0.013328808160649786
graph_sage,0.001,50,4,3,0.1,0.01622845596737332,0.012514890412595481
graph_sage,0.001,50,4,3,0.2,0.01628712589542071,0.010721542777902115
graph_sage,0.001,50,4,3,0.5,0.022542185750272538,0.013667155394410546
graph_sage,0.001,50,4,4,0.0,0.04392510387632582,0.0324235235012158
graph_sage,0.001,50,4,4,0.1,0.02222626294112868,0.00984786242382194
graph_sage,0.001,50,4,4,0.2,0.016887102007038062,0.010714909182689247
graph_sage,0.001,50,4,4,0.5,0.01843847973893086,0.01343298892829301
graph_sage,0.001,50,8,2,0.0,0.010242173137764135,0.008991667876403842
graph_sage,0.001,50,8,2,0.1,0.012491933380564054,0.008882494340594427
graph_sage,0.001,50,8,2,0.2,0.016420465004112986,0.009837341084401707
graph_sage,0.001,50,8,2,0.5,0.012334846042924457,0.007211984124952409
graph_sage,0.001,50,8,3,0.0,0.006719570451726516,0.006156806480349619
graph_sage,0.001,50,8,3,0.1,0.011252734251320362,0.008132167491629438
graph_sage,0.001,50,8,3,0.2,0.013480473206275038,0.006845989701855437
graph_sage,0.001,50,8,3,0.5,0.02243074319428868,0.0158902226331052
graph_sage,0.001,50,8,4,0.0,0.006558800747411118,0.005603495107672085
graph_sage,0.001,50,8,4,0.1,0.00953455546663867,0.0064866533269106515
graph_sage,0.001,50,8,4,0.2,0.011694632801744672,0.006236041386747893
graph_sage,0.001,50,8,4,0.5,0.01995424965603484,0.008746150509310801
graph_sage,0.001,50,16,2,0.0,0.006466426907314194,0.005840357389464668
graph_sage,0.001,50,16,2,0.1,0.008135756250056955,0.006397843775722389
graph_sage,0.001,50,16,2,0.2,0.008771696117603117,0.006287411490375483
graph_sage,0.001,50,16,2,0.5,0.015175178895394008,0.008292486514463172
graph_sage,0.001,50,16,3,0.0,0.006177845012603535,0.005941151303848624
graph_sage,0.001,50,16,3,0.1,0.00751242937727107,0.006387245602329017
graph_sage,0.001,50,16,3,0.2,0.008497963286936283,0.006245242341583701
graph_sage,0.001,50,16,3,0.5,0.014425304718315601,0.006712978576935047
graph_sage,0.001,50,16,4,0.0,0.006528026362260183,0.005768764763233314
graph_sage,0.001,50,16,4,0.1,0.008265124147550927,0.006301398789774026
graph_sage,0.001,50,16,4,0.2,0.008237406859795253,0.006232298193483121
graph_sage,0.001,50,16,4,0.5,0.012280445194078816,0.006187247367718207
graph_sage,0.001,50,32,2,0.0,0.006167636884169446,0.006102712649631225
graph_sage,0.001,50,32,2,0.1,0.0063909650573299994,0.005688673626085272
graph_sage,0.001,50,32,2,0.2,0.0074444331228733064,0.005939611433679293
graph_sage,0.001,50,32,2,0.5,0.009382961918082503,0.006480626937865885
graph_sage,0.001,50,32,3,0.0,0.005831505130562517,0.0061082181854913205
graph_sage,0.001,50,32,3,0.1,0.006679543873502149,0.0060678308998032724
graph_sage,0.001,50,32,3,0.2,0.007631265144381259,0.0066016046300567234
graph_sage,0.001,50,32,3,0.5,0.00909687660427557,0.0061317238548642015
graph_sage,0.001,50,32,4,0.0,0.00574447497104605,0.006111298844919499
graph_sage,0.001,50,32,4,0.1,0.006199879654579693,0.006355748375629933
graph_sage,0.001,50,32,4,0.2,0.006741199787292216,0.006581514397664368
graph_sage,0.001,50,32,4,0.5,0.00921909881548749,0.006217991238980325
graph_sage,0.001,100,4,2,0.0,0.007599783388690816,0.0065472158227393605
graph_sage,0.001,100,4,2,0.1,0.009902149891584285,0.007115992124875081
graph_sage,0.001,100,4,2,0.2,0.01447726742674907,0.0077478559915853396
graph_sage,0.001,100,4,2,0.5,0.02922044661309984,0.013796895876004633
graph_sage,0.001,100,4,3,0.0,0.029308258203996553,0.02075160561822136
graph_sage,0.001,100,4,3,0.1,0.008559233860837089,0.005843833289084088
graph_sage,0.001,100,4,3,0.2,0.011128000759830078,0.005944987265583545
graph_sage,0.001,100,4,3,0.5,0.019462010347180897,0.012396618623894273
graph_sage,0.001,100,4,4,0.0,0.017747037899163036,0.013892654603514121
graph_sage,0.001,100,4,4,0.1,0.017749163756767907,0.014446326062490389
graph_sage,0.001,100,4,4,0.2,0.009303956758230925,0.006504986396958223
graph_sage,0.001,100,4,4,0.5,0.020389175787568093,0.012014114368819495
graph_sage,0.001,100,8,2,0.0,0.006721003436379962,0.0062289060528677
graph_sage,0.001,100,8,2,0.1,0.009012635548909504,0.006492303284270573
graph_sage,0.001,100,8,2,0.2,0.011346024026473363,0.006609954762336212
graph_sage,0.001,100,8,2,0.5,0.01057222398618857,0.006475375951642093
graph_sage,0.001,100,8,3,0.0,0.006055024235198895,0.006035707639859655
graph_sage,0.001,100,8,3,0.1,0.008910082187503577,0.006331819005116657
graph_sage,0.001,100,8,3,0.2,0.010375583834118313,0.006200878699694989
graph_sage,0.001,100,8,3,0.5,0.012135718224777116,0.006648755629753911
graph_sage,0.001,100,8,4,0.0,0.02354589771065447,0.01662334336774629
graph_sage,0.001,100,8,4,0.1,0.007573583101232847,0.00593926232810107
graph_sage,0.001,100,8,4,0.2,0.009096356936626963,0.006387214931185525
graph_sage,0.001,100,8,4,0.5,0.014189833361241553,0.006583899825163453
graph_sage,0.001,100,16,2,0.0,0.005584318128724893,0.00547215794215603
graph_sage,0.001,100,16,2,0.1,0.0077890448996590245,0.0057283087837616264
graph_sage,0.001,100,16,2,0.2,0.00888063611669673,0.0061602479710288986
graph_sage,0.001,100,16,2,0.5,0.008549837292068534,0.006287099598586021
graph_sage,0.001,100,16,3,0.0,0.005066096410155296,0.006505031084458768
graph_sage,0.001,100,16,3,0.1,0.007352050517996153,0.005762942672703275
graph_sage,0.001,100,16,3,0.2,0.007763554693924056,0.006396987641715324
graph_sage,0.001,100,16,3,0.5,0.011380408083399136,0.00602096965214125
graph_sage,0.001,100,16,4,0.0,0.005702114550189839,0.006005711613341891
graph_sage,0.001,100,16,4,0.1,0.006492964209367832,0.006474012873539969
graph_sage,0.001,100,16,4,0.2,0.006985273957252502,0.006138489118627089
graph_sage,0.001,100,16,4,0.5,0.010469159297645091,0.006479259140740989
graph_sage,0.001,100,32,2,0.0,0.005738322467853625,0.00594030536024146
graph_sage,0.001,100,32,2,0.1,0.006127001303765509,0.005912557142467545
graph_sage,0.001,100,32,2,0.2,0.006095534542368518,0.006043899324951418
graph_sage,0.001,100,32,2,0.5,0.009529890834043424,0.006318020408686032
graph_sage,0.001,100,32,3,0.0,0.005333818298661046,0.006044944647834427
graph_sage,0.001,100,32,3,0.1,0.005671062486039268,0.006467038167389116
graph_sage,0.001,100,32,3,0.2,0.006687589527832137,0.006146113279711507
graph_sage,0.001,100,32,3,0.5,0.00848122365358803,0.006066638498891841
graph_sage,0.001,100,32,4,0.0,0.004528916378815969,0.005861461511567434
graph_sage,0.001,100,32,4,0.1,0.00556007269769907,0.005253259427967727
graph_sage,0.001,100,32,4,0.2,0.0058446757702363865,0.00567143853982337
graph_sage,0.001,100,32,4,0.5,0.009155976523955663,0.0060126183179312065
graph_sage,0.001,200,4,2,0.0,0.006103956885635853,0.006284869931392478
graph_sage,0.001,200,4,2,0.1,0.009460068287120925,0.006136668166587711
graph_sage,0.001,200,4,2,0.2,0.009920744370255205,0.006522080305709022
graph_sage,0.001,200,4,2,0.5,0.01309353183541033,0.008058007047503235
graph_sage,0.001,200,4,3,0.0,0.006256302466822995,0.00625364228000036
graph_sage,0.001,200,4,3,0.1,0.009228766792350344,0.006389909326072374
graph_sage,0.001,200,4,3,0.2,0.01334741541908847,0.009112543206399338
graph_sage,0.001,200,4,3,0.5,0.011951938354306751,0.007349625916854485
graph_sage,0.001,200,4,4,0.0,0.01731332466006279,0.01449982004443635
graph_sage,0.001,200,4,4,0.1,0.010218304462937845,0.0061349126682639366
graph_sage,0.001,200,4,4,0.2,0.009093686048355367,0.005372700597739488
graph_sage,0.001,200,4,4,0.5,0.013284250390198496,0.007117615788679021
graph_sage,0.001,200,8,2,0.0,0.006039717017362515,0.005114174896231738
graph_sage,0.001,200,8,2,0.1,0.007417778184430466,0.006174644079880398
graph_sage,0.001,200,8,2,0.2,0.007987581255535284,0.006195059082320142
graph_sage,0.001,200,8,2,0.5,0.01069375980231497,0.006278037251604385
graph_sage,0.001,200,8,3,0.0,0.005198334943917062,0.005422740044646357
graph_sage,0.001,200,8,3,0.1,0.006821683194074366,0.006074541115142562
graph_sage,0.001,200,8,3,0.2,0.008234227539247109,0.00640986589364072
graph_sage,0.001,200,8,3,0.5,0.012280673699246512,0.006722557238268578
graph_sage,0.001,200,8,4,0.0,0.00521558393827743,0.006177585037908706
graph_sage,0.001,200,8,4,0.1,0.006872829277482298,0.005498586939113537
graph_sage,0.001,200,8,4,0.2,0.00847726170387533,0.006319007715175929
graph_sage,0.001,200,8,4,0.5,0.009710477085577117,0.006278555846098754
graph_sage,0.001,200,16,2,0.0,0.004984183630181683,0.005518035381876096
graph_sage,0.001,200,16,2,0.1,0.006313601674305068,0.005860029975685954
graph_sage,0.001,200,16,2,0.2,0.007242530584335327,0.006585979696902111
graph_sage,0.001,200,16,2,0.5,0.009194669251640638,0.006535068269141497
graph_sage,0.001,200,16,3,0.0,0.004787393680049314,0.00594805621486012
graph_sage,0.001,200,16,3,0.1,0.006162937352847722,0.0060980533863640215
graph_sage,0.001,200,16,3,0.2,0.00659211077209976,0.006118036803285864
graph_sage,0.001,200,16,3,0.5,0.009755020764552884,0.006692114066838428
graph_sage,0.001,200,16,4,0.0,0.00501136974328094,0.005474232096114839
graph_sage,0.001,200,16,4,0.1,0.005780113685048289,0.0055574078202363705
graph_sage,0.001,200,16,4,0.2,0.0064993491344567805,0.005768337103632959
graph_sage,0.001,200,16,4,0.5,0.009633540755344762,0.00626808875378293
graph_sage,0.001,200,32,2,0.0,0.00456960897685753,0.006148197810471867
graph_sage,0.001,200,32,2,0.1,0.004885630350973871,0.005625698415720493
graph_sage,0.001,200,32,2,0.2,0.005579223877025975,0.005989649815098375
graph_sage,0.001,200,32,2,0.5,0.00799254628105296,0.006032439594613148
graph_sage,0.001,200,32,3,0.0,0.004585803983112176,0.005121875740110404
graph_sage,0.001,200,32,3,0.1,0.005407140388463934,0.005676111580035314
graph_sage,0.001,200,32,3,0.2,0.006035469896677467,0.005613305187249474
graph_sage,0.001,200,32,3,0.5,0.006725759452415837,0.005807484138949093
graph_sage,0.001,200,32,4,0.0,0.004118100181221962,0.006743413221544081
graph_sage,0.001,200,32,4,0.1,0.005573386916269859,0.00618194118402986
graph_sage,0.001,200,32,4,0.2,0.005857047004004319,0.0051413696978364065
graph_sage,0.001,200,32,4,0.5,0.007118907405270471,0.00579153486370787
graph_sage,0.001,300,4,2,0.0,0.01731373800171746,0.014554674822097536
graph_sage,0.001,300,4,2,0.1,0.007727834872073598,0.006282821186418719
graph_sage,0.001,300,4,2,0.2,0.008557412773370743,0.006476556800273858
graph_sage,0.001,300,4,2,0.5,0.01186055907358726,0.007459622057925408
graph_sage,0.001,300,4,3,0.0,0.005529901819924513,0.005324797445666274
graph_sage,0.001,300,4,3,0.1,0.007487819698225293,0.006332303235322722
graph_sage,0.001,300,4,3,0.2,0.008691353040436904,0.005177219188464211
graph_sage,0.001,300,4,3,0.5,0.015632301693161328,0.013313676744361213
graph_sage,0.001,300,4,4,0.0,0.005740749308218559,0.0061217463361767695
graph_sage,0.001,300,4,4,0.1,0.008384624765151076,0.006030160903269443
graph_sage,0.001,300,4,4,0.2,0.009848413699203067,0.00572250419593896
graph_sage,0.001,300,4,4,0.5,0.01246154010295868,0.007001678731956229
graph_sage,0.001,300,8,2,0.0,0.0054093004100852545,0.005473533090049276
graph_sage,0.001,300,8,2,0.1,0.007273381203413009,0.006044523661972256
graph_sage,0.001,300,8,2,0.2,0.007754838621864716,0.006011571427136353
graph_sage,0.001,300,8,2,0.5,0.009899412923389011,0.006711062159980319
graph_sage,0.001,300,8,3,0.0,0.004814210772100422,0.005729096624839958
graph_sage,0.001,300,8,3,0.1,0.006280711893406179,0.006120473131411596
graph_sage,0.001,300,8,3,0.2,0.008075752295553684,0.006426139813205012
graph_sage,0.001,300,8,3,0.5,0.010042430067227947,0.006502268743862149
graph_sage,0.001,300,8,4,0.0,0.004435017585961355,0.006182017501567216
graph_sage,0.001,300,8,4,0.1,0.0069111504643741585,0.006032431226988511
graph_sage,0.001,300,8,4,0.2,0.00774836339470413,0.005918450958623911
graph_sage,0.001,300,8,4,0.5,0.010755427699122164,0.006415582604913883
graph_sage,0.001,300,16,2,0.0,0.004613392282691267,0.00511366513172451
graph_sage,0.001,300,16,2,0.1,0.006186503182268805,0.006140550187081662
graph_sage,0.001,300,16,2,0.2,0.005713028916054302,0.005431370131302416
graph_sage,0.001,300,16,2,0.5,0.008353730342868302,0.006519397006079508
graph_sage,0.001,300,16,3,0.0,0.004307828574544854,0.005844086034370299
graph_sage,0.001,300,16,3,0.1,0.005852674097857542,0.00603895769875411
graph_sage,0.001,300,16,3,0.2,0.006278574984106753,0.0053310828017608895
graph_sage,0.001,300,16,3,0.5,0.008686936149994532,0.006084679316831476
graph_sage,0.001,300,16,4,0.0,0.004789194195634789,0.006136417745112954
graph_sage,0.001,300,16,4,0.1,0.005403318287183841,0.005082269667264505
graph_sage,0.001,300,16,4,0.2,0.005858866021864944,0.0055506201380274515
graph_sage,0.001,300,16,4,0.5,0.007329386162261168,0.005932763440238631
graph_sage,0.001,300,32,2,0.0,0.00452179012613164,0.006703191425404942
graph_sage,0.001,300,32,2,0.1,0.005165835014647908,0.005937439746955153
graph_sage,0.001,300,32,2,0.2,0.005332250386062595,0.005634554248503854
graph_sage,0.001,300,32,2,0.5,0.0061657136306166645,0.0056050851849253295
graph_sage,0.001,300,32,3,0.0,0.004278383285014166,0.006650683131283674
graph_sage,0.001,300,32,3,0.1,0.004774914495646954,0.00635695593179344
graph_sage,0.001,300,32,3,0.2,0.005379827289531628,0.006009618128108407
graph_sage,0.001,300,32,3,0.5,0.006739572766754362,0.005937652876219346
graph_sage,0.001,300,32,4,0.0,0.003979180153045389,0.006956952687448226
graph_sage,0.001,300,32,4,0.1,0.004770894379665454,0.005765132318772892
graph_sage,0.001,300,32,4,0.2,0.004980927498804198,0.005504053939570497
graph_sage,0.001,300,32,4,0.5,0.006436426218392121,0.005723424103423014
graph_sage,0.001,50,4,2,0.0,0.02323443384634124,0.029273174185150408
graph_sage,0.001,50,4,2,0.1,0.015267428434971307,0.01572567270684231
graph_sage,0.001,50,4,2,0.2,0.022485276642772885,0.016369428727152125
graph_sage,0.001,50,4,2,0.5,0.024880131085713703,0.018388916711964985
graph_sage,0.001,50,4,3,0.0,0.017482764770587286,0.02142025681530977
graph_sage,0.001,50,4,3,0.1,0.013170175895922714,0.013693779548197015
graph_sage,0.001,50,4,3,0.2,0.014379582926630973,0.014477769928609118
graph_sage,0.001,50,4,3,0.5,0.021902354723877377,0.02386735275632206
graph_sage,0.001,50,4,4,0.0,0.012006645152966181,0.014777156192975528
graph_sage,0.001,50,4,4,0.1,0.016539112561278872,0.014682300219957556
graph_sage,0.001,50,4,4,0.2,0.02467483730158872,0.0199563675646655
graph_sage,0.001,50,4,4,0.5,0.021052514182196724,0.021101819128671595
graph_sage,0.001,50,8,2,0.0,0.010317172648178207,0.011830059126724945
graph_sage,0.001,50,8,2,0.1,0.01645529137717353,0.01471179738776649
graph_sage,0.001,50,8,2,0.2,0.012850036058160994,0.012003942818182933
graph_sage,0.001,50,8,2,0.5,0.01448552364276515,0.014079384537689466
graph_sage,0.001,50,8,3,0.0,0.006231502029630873,0.007104999941574097
graph_sage,0.001,50,8,3,0.1,0.009202820310990015,0.00832764886887447
graph_sage,0.001,50,8,3,0.2,0.010659341514110566,0.00942429010508108
graph_sage,0.001,50,8,3,0.5,0.015079875662922858,0.015021014270357513
graph_sage,0.001,50,8,4,0.0,0.006461802932123343,0.007917105268570212
graph_sage,0.001,50,8,4,0.1,0.008192718577467733,0.008339412722718764
graph_sage,0.001,50,8,4,0.2,0.019727893877360556,0.019981423830557742
graph_sage,0.001,50,8,4,0.5,0.018462498693002594,0.012913582078346897
graph_sage,0.001,50,16,2,0.0,0.006180997441212336,0.006891271167931779
graph_sage,0.001,50,16,2,0.1,0.007667254418548611,0.007560404154629219
graph_sage,0.001,50,16,2,0.2,0.008490818325016233,0.008899895853156403
graph_sage,0.001,50,16,2,0.5,0.010950400142206086,0.009721404578481562
graph_sage,0.001,50,16,3,0.0,0.006862483608225982,0.007462109749350998
graph_sage,0.001,50,16,3,0.1,0.00716840001857943,0.007748343250542744
graph_sage,0.001,50,16,3,0.2,0.008433090895414353,0.007869321135059915
graph_sage,0.001,50,16,3,0.5,0.013597885519266129,0.00855102323443977
graph_sage,0.001,50,16,4,0.0,0.006797634313503901,0.007705245416335105
graph_sage,0.001,50,16,4,0.1,0.00810046536434028,0.007445464928607359
graph_sage,0.001,50,16,4,0.2,0.007991724192268318,0.007767339875563684
graph_sage,0.001,50,16,4,0.5,0.011943718584047424,0.010556273972508422
graph_sage,0.001,50,32,2,0.0,0.006189914430595107,0.006935596429493018
graph_sage,0.001,50,32,2,0.1,0.006463606427941058,0.006842701793683892
graph_sage,0.001,50,32,2,0.2,0.007170245568785403,0.007174450865663507
graph_sage,0.001,50,32,2,0.5,0.00926444044129716,0.008540081151692247
graph_sage,0.001,50,32,3,0.0,0.005836113180137343,0.006564510428048153
graph_sage,0.001,50,32,3,0.1,0.006354157171315617,0.006317586391133068
graph_sage,0.001,50,32,3,0.2,0.007753265649080276,0.007086195388675565
graph_sage,0.001,50,32,3,0.5,0.009040556992921564,0.008326840852117944
graph_sage,0.001,50,32,4,0.0,0.005911114584240648,0.006328041281861219
graph_sage,0.001,50,32,4,0.1,0.006528646250565847,0.00639081730878428
graph_sage,0.001,50,32,4,0.2,0.007806934302465783,0.006969318964012627
graph_sage,0.001,50,32,4,0.5,0.01074908110830519,0.008291042857011677
graph_sage,0.001,100,4,2,0.0,0.010154150881701046,0.012735772112428333
graph_sage,0.001,100,4,2,0.1,0.013527205462257068,0.012138498391425178
graph_sage,0.001,100,4,2,0.2,0.017525038205915028,0.01726471000410821
graph_sage,0.001,100,4,2,0.5,0.016925146306554475,0.020331334150186064
graph_sage,0.001,100,4,3,0.0,0.007033733381993241,0.008114345473095908
graph_sage,0.001,100,4,3,0.1,0.012627786377237903,0.01074497952389133
graph_sage,0.001,100,4,3,0.2,0.011722193492783441,0.010306600764814933
graph_sage,0.001,100,4,3,0.5,0.020393384289410378,0.016677265068658943
graph_sage,0.001,100,4,4,0.0,0.006931663470135795,0.007822290449605385
graph_sage,0.001,100,4,4,0.1,0.009279411731080876,0.008321510818243505
graph_sage,0.001,100,4,4,0.2,0.010435416590836313,0.008983298313429122
graph_sage,0.001,100,4,4,0.5,0.01595901379154788,0.017809774887381426
graph_sage,0.001,100,8,2,0.0,0.006645649102412992,0.006872340632490048
graph_sage,0.001,100,8,2,0.1,0.008542090675069227,0.007108707911431145
graph_sage,0.001,100,8,2,0.2,0.010640550032258033,0.008853925703981646
graph_sage,0.001,100,8,2,0.5,0.010714753624051809,0.009847137910876613
graph_sage,0.001,100,8,3,0.0,0.005657503567636013,0.006194714996258588
graph_sage,0.001,100,8,3,0.1,0.00792212440735764,0.0075732132269828775
graph_sage,0.001,100,8,3,0.2,0.008392268150217003,0.007935572143076053
graph_sage,0.001,100,8,3,0.5,0.01903897954357995,0.009797069052893593
graph_sage,0.001,100,8,4,0.0,0.0063614569500916535,0.0074613224465478025
graph_sage,0.001,100,8,4,0.1,0.0065368778589699,0.00676995845515187
graph_sage,0.001,100,8,4,0.2,0.008780330792069435,0.008282863271030071
graph_sage,0.001,100,8,4,0.5,0.010531872159077062,0.010602840400507985
graph_sage,0.001,100,16,2,0.0,0.005880747311231163,0.006923770604454704
graph_sage,0.001,100,16,2,0.1,0.00809552985140019,0.007278380642059923
graph_sage,0.001,100,16,2,0.2,0.007783780691938268,0.007371108412521932
graph_sage,0.001,100,16,2,0.5,0.011156347373293506,0.008099721677203986
graph_sage,0.001,100,16,3,0.0,0.0055268832741098275,0.006618371655445587
graph_sage,0.001,100,16,3,0.1,0.006886412079135577,0.0069873677594604056
graph_sage,0.001,100,16,3,0.2,0.007333899154845211,0.00718411165302435
graph_sage,0.001,100,16,3,0.5,0.011796381637557514,0.008252527259694142
graph_sage,0.001,100,16,4,0.0,0.006063567407222257,0.00639123274229283
graph_sage,0.001,100,16,4,0.1,0.006776039633486006,0.006269612534276758
graph_sage,0.001,100,16,4,0.2,0.0070374234062102105,0.006336610599825976
graph_sage,0.001,100,16,4,0.5,0.008837918875118096,0.008928923488925511
graph_sage,0.001,100,32,2,0.0,0.005559992976486683,0.006121954307381672
graph_sage,0.001,100,32,2,0.1,0.006251734888388051,0.006442486795565494
graph_sage,0.001,100,32,2,0.2,0.007003856201966603,0.006510413893901501
graph_sage,0.001,100,32,2,0.5,0.008669960064192612,0.007021145277615171
graph_sage,0.001,100,32,3,0.0,0.004905366473313835,0.005685054088659869
graph_sage,0.001,100,32,3,0.1,0.0060181764678822625,0.006440329871651551
graph_sage,0.001,100,32,3,0.2,0.00579471035550038,0.006349348178625047
graph_sage,0.001,100,32,3,0.5,0.009535995643171999,0.00801455548825225
graph_sage,0.001,100,32,4,0.0,0.004736069051755799,0.006195002121773307
graph_sage,0.001,100,32,4,0.1,0.005675759156131082,0.005813365560470673
graph_sage,0.001,100,32,4,0.2,0.006503231285346879,0.005822245225730649
graph_sage,0.001,100,32,4,0.5,0.009468949565456974,0.006779498021092456
graph_sage,0.001,200,4,2,0.0,0.006445493207623562,0.00699031745199632
graph_sage,0.001,200,4,2,0.1,0.008490048887001143,0.007812505407898884
graph_sage,0.001,200,4,2,0.2,0.011450912492970625,0.009237496214375395
graph_sage,0.001,200,4,2,0.5,0.012690266718467076,0.010915479906712688
graph_sage,0.001,200,4,3,0.0,0.005886955393685235,0.007352144824488649
graph_sage,0.001,200,4,3,0.1,0.007639351818296645,0.00804552271631409
graph_sage,0.001,200,4,3,0.2,0.009992255353265339,0.009364217202085046
graph_sage,0.001,200,4,3,0.5,0.01229787545485629,0.01211045467731009
graph_sage,0.001,200,4,4,0.0,0.006568042064706485,0.006933516703504905
graph_sage,0.001,200,4,4,0.1,0.00862573805368609,0.008144102270069231
graph_sage,0.001,200,4,4,0.2,0.01896368817736705,0.019805954537341065
graph_sage,0.001,200,4,4,0.5,0.015661375700599618,0.016707139639382484
graph_sage,0.001,200,8,2,0.0,0.0060064932124482264,0.006473309893452095
graph_sage,0.001,200,8,2,0.1,0.007678672733406226,0.006877234934446919
graph_sage,0.001,200,8,2,0.2,0.00792314333634244,0.007680991081723798
graph_sage,0.001,200,8,2,0.5,0.010334675883253415,0.009135626004411757
graph_sage,0.001,200,8,3,0.0,0.005266278325062659,0.006677268929277891
graph_sage,0.001,200,8,3,0.1,0.006963148733807934,0.006508556212558259
graph_sage,0.001,200,8,3,0.2,0.008576516496638457,0.006775200966003791
graph_sage,0.001,200,8,3,0.5,0.01017450514352984,0.009439104519579855
graph_sage,0.001,200,8,4,0.0,0.005012790548304716,0.007246533354507312
graph_sage,0.001,200,8,4,0.1,0.007023781910538674,0.00648328230376054
graph_sage,0.001,200,8,4,0.2,0.008317336605654823,0.008223231878993298
graph_sage,0.001,200,8,4,0.5,0.009592989263021283,0.009107777277147067
graph_sage,0.001,200,16,2,0.0,0.004526722255266375,0.006182302603600709
graph_sage,0.001,200,16,2,0.1,0.00698797729694181,0.0064726051663041686
graph_sage,0.001,200,16,2,0.2,0.0074923865186671415,0.006922202218766893
graph_sage,0.001,200,16,2,0.5,0.008178060874342918,0.00791581274549098
graph_sage,0.001,200,16,3,0.0,0.004818503719030155,0.00650944397424198
graph_sage,0.001,200,16,3,0.1,0.005641502307520973,0.00611639025374564
graph_sage,0.001,200,16,3,0.2,0.006771934363577101,0.00659601727575867
graph_sage,0.001,200,16,3,0.5,0.008225495016409292,0.00847378277570141
graph_sage,0.001,200,16,4,0.0,0.004940726980566979,0.0062982108746958195
graph_sage,0.001,200,16,4,0.1,0.005469700642344024,0.00635580383868386
graph_sage,0.001,200,16,4,0.2,0.006090396590944794,0.0065909885900243825
graph_sage,0.001,200,16,4,0.5,0.00859841969795525,0.008653713844869548
graph_sage,0.001,200,32,2,0.0,0.004608302258162035,0.006286539716342898
graph_sage,0.001,200,32,2,0.1,0.005691234353515837,0.006449512208249741
graph_sage,0.001,200,32,2,0.2,0.005344738293853071,0.00588079263248722
graph_sage,0.001,200,32,2,0.5,0.007371122555600272,0.006891450797626897
graph_sage,0.001,200,32,3,0.0,0.004414501361962822,0.006414628910883247
graph_sage,0.001,200,32,3,0.1,0.0049310932453307844,0.006143356209014628
graph_sage,0.001,200,32,3,0.2,0.005464353029512697,0.00579125774077478
graph_sage,0.001,200,32,3,0.5,0.006895557811690702,0.006449721184741119
graph_sage,0.001,200,32,4,0.0,0.004236283820743362,0.0068977773066152045
graph_sage,0.001,200,32,4,0.1,0.005055016211958395,0.006130945662605946
graph_sage,0.001,200,32,4,0.2,0.005915507534518838,0.0058684945089559236
graph_sage,0.001,200,32,4,0.5,0.0077154078210393585,0.006531270107610454
graph_sage,0.001,300,4,2,0.0,0.005667231418192387,0.006605352351362059
graph_sage,0.001,300,4,2,0.1,0.008316210926406914,0.007962412169809108
graph_sage,0.001,300,4,2,0.2,0.008664763015177514,0.008025503594731332
graph_sage,0.001,300,4,2,0.5,0.013903030877312024,0.014029465426921872
graph_sage,0.001,300,4,3,0.0,0.0052144762542512685,0.006788291120877999
graph_sage,0.001,300,4,3,0.1,0.008154653540501992,0.007169914496970753
graph_sage,0.001,300,4,3,0.2,0.016746022200418844,0.01958672865121467
graph_sage,0.001,300,4,3,0.5,0.012280078811777962,0.010336414040897291
graph_sage,0.001,300,4,4,0.0,0.005852130427956581,0.006923091413844107
graph_sage,0.001,300,4,4,0.1,0.007790217010511293,0.00812711583261554
graph_sage,0.001,300,4,4,0.2,0.01048224549740553,0.011410195235983744
graph_sage,0.001,300,4,4,0.5,0.011760382975141207,0.0106238854062902
graph_sage,0.001,300,8,2,0.0,0.005203787133925491,0.006050439391928686
graph_sage,0.001,300,8,2,0.1,0.006276663289301925,0.007368583003571816
graph_sage,0.001,300,8,2,0.2,0.007462857239362266,0.008078856700503456
graph_sage,0.001,300,8,2,0.5,0.009902884893947177,0.00939622348746938
graph_sage,0.001,300,8,3,0.0,0.0053943036175850365,0.006525337363829142
graph_sage,0.001,300,8,3,0.1,0.007144654211070803,0.007466861930267266
graph_sage,0.001,300,8,3,0.2,0.008244402716971105,0.0084106271194766
graph_sage,0.001,300,8,3,0.5,0.009385019313130114,0.009520542715522894
graph_sage,0.001,300,8,4,0.0,0.004755626008328464,0.005825497620073272
graph_sage,0.001,300,8,4,0.1,0.0069052914209249945,0.008368371178489698
graph_sage,0.001,300,8,4,0.2,0.00758489446921481,0.006691133862979215
graph_sage,0.001,300,8,4,0.5,0.010272194176084465,0.00983704044257574
graph_sage,0.001,300,16,2,0.0,0.0045184179105692435,0.006485236277218154
graph_sage,0.001,300,16,2,0.1,0.006457813345413241,0.006594079218387461
graph_sage,0.001,300,16,2,0.2,0.006246267880002657,0.006779579632412114
graph_sage,0.001,300,16,2,0.5,0.00855083612518178,0.008075174048851119
graph_sage,0.001,300,16,3,0.0,0.004522838888482915,0.006067766954381359
graph_sage,0.001,300,16,3,0.1,0.0057372194818324515,0.006306345566408145
graph_sage,0.001,300,16,3,0.2,0.005858510691258642,0.006423771986816118
graph_sage,0.001,300,16,3,0.5,0.008202039636671543,0.0075080270316319805
graph_sage,0.001,300,16,4,0.0,0.004726156126707792,0.007133905600927503
graph_sage,0.001,300,16,4,0.1,0.005925450153234932,0.006046232467411561
graph_sage,0.001,300,16,4,0.2,0.0064946153873784674,0.0062768624633132266
graph_sage,0.001,300,16,4,0.5,0.008597257329771917,0.009022284487249132
graph_sage,0.001,300,32,2,0.0,0.004316423947198523,0.006335340426371472
graph_sage,0.001,300,32,2,0.1,0.004950990176035298,0.006116482588351091
graph_sage,0.001,300,32,2,0.2,0.005230191681120131,0.00594335815978213
graph_sage,0.001,300,32,2,0.5,0.006568125055895911,0.006569977205978117
graph_sage,0.001,300,32,3,0.0,0.0044191540011929145,0.006452579150154181
graph_sage,0.001,300,32,3,0.1,0.005055665804280175,0.005847740180161987
graph_sage,0.001,300,32,3,0.2,0.005394923531760772,0.006185658593543008
graph_sage,0.001,300,32,3,0.5,0.006031238163510959,0.006420879648509859
graph_sage,0.001,300,32,4,0.0,0.004084369835133354,0.0060785251996166466
graph_sage,0.001,300,32,4,0.1,0.004821723916878303,0.006167912881565973
graph_sage,0.001,300,32,4,0.2,0.00492873170102636,0.006775242408352633
graph_sage,0.001,300,32,4,0.5,0.006900811930083566,0.006445136786121397
graph_sage,0.001,50,4,2,0.0,0.011913318062822024,0.014342385510695643
graph_sage,0.001,50,4,2,0.1,0.01564136188891199,0.018061147252780897
graph_sage,0.001,50,4,2,0.2,0.015989019908010958,0.016682792225110998
graph_sage,0.001,50,4,2,0.5,0.0200763205687205,0.01824917374645063
graph_sage,0.001,50,4,3,0.0,0.013772378241022428,0.016577695609384803
graph_sage,0.001,50,4,3,0.1,0.01788218981689877,0.017783686504308727
graph_sage,0.001,50,4,3,0.2,0.017709478156434165,0.01636171088644478
graph_sage,0.001,50,4,3,0.5,0.022755076156722176,0.020853772657013648
graph_sage,0.001,50,4,4,0.0,0.01623957409626908,0.019403336056942444
graph_sage,0.001,50,4,4,0.1,0.018371763225230906,0.020382509316095133
graph_sage,0.001,50,4,4,0.2,0.018359731220536763,0.014361480220850376
graph_sage,0.001,50,4,4,0.5,0.03224796644515461,0.022132010401675138
graph_sage,0.001,50,8,2,0.0,0.006942263659503725,0.008212316507655726
graph_sage,0.001,50,8,2,0.1,0.012583019067015913,0.012555692807641905
graph_sage,0.001,50,8,2,0.2,0.012331644963059161,0.011162579427166208
graph_sage,0.001,50,8,2,0.5,0.01809462101923095,0.017693798827353314
graph_sage,0.001,50,8,3,0.0,0.008098702112005817,0.009898551753479468
graph_sage,0.001,50,8,3,0.1,0.010798177785343595,0.010738132152353886
graph_sage,0.001,50,8,3,0.2,0.00958536962668101,0.009475747755045939
graph_sage,0.001,50,8,3,0.5,0.016025606811874444,0.014934972780958077
graph_sage,0.001,50,8,4,0.0,0.00672117994270391,0.008262908604871578
graph_sage,0.001,50,8,4,0.1,0.007637536298069689,0.008808090859191186
graph_sage,0.001,50,8,4,0.2,0.009042994181315104,0.009211801409893394
graph_sage,0.001,50,8,4,0.5,0.012725217433439361,0.010896785189636327
graph_sage,0.001,50,16,2,0.0,0.006581563580160339,0.007875248217456332
graph_sage,0.001,50,16,2,0.1,0.007301136934094959,0.00783875573254227
graph_sage,0.001,50,16,2,0.2,0.007776944256491131,0.008702859776851323
graph_sage,0.001,50,16,2,0.5,0.015169074883063634,0.0106466402272422
graph_sage,0.001,50,16,3,0.0,0.006528600626107719,0.007375475121707354
graph_sage,0.001,50,16,3,0.1,0.008339866850939062,0.007810516050255356
graph_sage,0.001,50,16,3,0.2,0.00860823497383131,0.007918263344334186
graph_sage,0.001,50,16,3,0.5,0.010039277131565744,0.00945127514411379
graph_sage,0.001,50,16,4,0.0,0.006492379390531116,0.007182001946056271
graph_sage,0.001,50,16,4,0.1,0.007884919477833641,0.0077918097760407475
graph_sage,0.001,50,16,4,0.2,0.008826716161436505,0.008487642603362766
graph_sage,0.001,50,16,4,0.5,0.013763233977887366,0.00854164164918798
graph_sage,0.001,50,32,2,0.0,0.006298189744767216,0.007484853251413437
graph_sage,0.001,50,32,2,0.1,0.0064251921450098354,0.0076507951809810845
graph_sage,0.001,50,32,2,0.2,0.0075731173054211665,0.00787065471097943
graph_sage,0.001,50,32,2,0.5,0.010738758432368437,0.00842191949099098
graph_sage,0.001,50,32,3,0.0,0.0059105407550103135,0.006590826488266454
graph_sage,0.001,50,32,3,0.1,0.0063251135663853755,0.00686431787788484
graph_sage,0.001,50,32,3,0.2,0.00758012713243564,0.008225774124636608
graph_sage,0.001,50,32,3,0.5,0.009100621648960644,0.008412759580376527
graph_sage,0.001,50,32,4,0.0,0.0058885106506447,0.006563612346669001
graph_sage,0.001,50,32,4,0.1,0.006179324485775497,0.006296661767370204
graph_sage,0.001,50,32,4,0.2,0.007074589685847362,0.007718155188736575
graph_sage,0.001,50,32,4,0.5,0.009605422103777527,0.008882913411126413
graph_sage,0.001,100,4,2,0.0,0.00890118729116188,0.010414062597897834
graph_sage,0.001,100,4,2,0.1,0.010371732546223535,0.009285345564890801
graph_sage,0.001,100,4,2,0.2,0.010081464735170206,0.009845927698907197
graph_sage,0.001,100,4,2,0.5,0.013859737320389184,0.012896368232401057
graph_sage,0.001,100,4,3,0.0,0.023710612621572282,0.024367657981561062
graph_sage,0.001,100,4,3,0.1,0.02371327347225613,0.01566891197748437
graph_sage,0.001,100,4,3,0.2,0.01058579995814297,0.00972816684009017
graph_sage,0.001,100,4,3,0.5,0.019176487396988604,0.012055852791630906
graph_sage,0.001,100,4,4,0.0,0.017115428008966975,0.019772978382715523
graph_sage,0.001,100,4,4,0.1,0.008686138606733746,0.008959917313684795
graph_sage,0.001,100,4,4,0.2,0.012643889048033291,0.010632665338233616
graph_sage,0.001,100,4,4,0.5,0.019062018187509643,0.020839013086348702
graph_sage,0.001,100,8,2,0.0,0.0068531365858183965,0.008353578862160394
graph_sage,0.001,100,8,2,0.1,0.007833787405656444,0.008628786538651068
graph_sage,0.001,100,8,2,0.2,0.0090620926891764,0.007991329692409033
graph_sage,0.001,100,8,2,0.5,0.01114967902087503,0.010122075611594662
graph_sage,0.001,100,8,3,0.0,0.006053874941749705,0.006997896095243572
graph_sage,0.001,100,8,3,0.1,0.007337294953564803,0.0078341529440481
graph_sage,0.001,100,8,3,0.2,0.010808227418197525,0.008388871606249303
graph_sage,0.001,100,8,3,0.5,0.012055945582687855,0.01008302158007004
graph_sage,0.001,100,8,4,0.0,0.006151340446538396,0.00698663440183378
graph_sage,0.001,100,8,4,0.1,0.007857430840118064,0.008676893386797002
graph_sage,0.001,100,8,4,0.2,0.008079604959736269,0.009233248052039067
graph_sage,0.001,100,8,4,0.5,0.013196617406275537,0.01042960179193344
graph_sage,0.001,100,16,2,0.0,0.006000327029161983,0.006874788105749752
graph_sage,0.001,100,16,2,0.1,0.006840191305511527,0.007195042745902214
graph_sage,0.001,100,16,2,0.2,0.007653278381460243,0.007511793757717022
graph_sage,0.001,100,16,2,0.5,0.009403627345131503,0.00934037152032483
graph_sage,0.001,100,16,3,0.0,0.005762878970967398,0.0069174695791777594
graph_sage,0.001,100,16,3,0.1,0.006242549108962218,0.00681669261349358
graph_sage,0.001,100,16,3,0.2,0.007794478866789076,0.007559549210354799
graph_sage,0.001,100,16,3,0.5,0.009309021135171255,0.008387237851769248
graph_sage,0.001,100,16,4,0.0,0.005102879078023963,0.006327343049142464
graph_sage,0.001,100,16,4,0.1,0.006459930828875965,0.00651424960450937
graph_sage,0.001,100,16,4,0.2,0.007859744711054696,0.007431065963730466
graph_sage,0.001,100,16,4,0.5,0.01022321196893851,0.00906750723978631
graph_sage,0.001,100,32,2,0.0,0.004976082655290762,0.006381657199499657
graph_sage,0.001,100,32,2,0.1,0.005625625761846702,0.00699666396035401
graph_sage,0.001,100,32,2,0.2,0.006039357485456599,0.006318238104848839
graph_sage,0.001,100,32,2,0.5,0.007952279907961686,0.007488789687726172
graph_sage,0.001,100,32,3,0.0,0.0045793000298241775,0.006308797309917957
graph_sage,0.001,100,32,3,0.1,0.0056334310159501105,0.006425488616967745
graph_sage,0.001,100,32,3,0.2,0.00622434023146828,0.0061496275749381765
graph_sage,0.001,100,32,3,0.5,0.008420657914959722,0.008285563594746238
graph_sage,0.001,100,32,4,0.0,0.004750373235179318,0.005911578289192509
graph_sage,0.001,100,32,4,0.1,0.005658598497716917,0.006145560601928346
graph_sage,0.001,100,32,4,0.2,0.00713977909181267,0.006105589646654775
graph_sage,0.001,100,32,4,0.5,0.007952126839922535,0.007076419937710488
graph_sage,0.001,200,4,2,0.0,0.006347698852833775,0.007683616917658398
graph_sage,0.001,200,4,2,0.1,0.009114688179559178,0.008990566737441807
graph_sage,0.001,200,4,2,0.2,0.012457718782954746,0.011057533625255656
graph_sage,0.001,200,4,2,0.5,0.0122958415084415,0.010713619362773152
graph_sage,0.001,200,4,3,0.0,0.005748288561072614,0.0062850938436596285
graph_sage,0.001,200,4,3,0.1,0.007782190168897311,0.008939938862368036
graph_sage,0.001,200,4,3,0.2,0.010166429759313663,0.010521648107505244
graph_sage,0.001,200,4,3,0.5,0.011464473087754515,0.011012528063070914
graph_sage,0.001,200,4,4,0.0,0.005918097164895799,0.006802305106500661
graph_sage,0.001,200,4,4,0.1,0.00928169579969512,0.008624224478191533
graph_sage,0.001,200,4,4,0.2,0.00883779138740566,0.010115549522822431
graph_sage,0.001,200,4,4,0.5,0.01207570212168826,0.011232970302743107
graph_sage,0.001,200,8,2,0.0,0.005145658211161693,0.006978404720614772
graph_sage,0.001,200,8,2,0.1,0.006778488256451156,0.00787883897148014
graph_sage,0.001,200,8,2,0.2,0.008508539034260644,0.008516044152932011
graph_sage,0.001,200,8,2,0.5,0.00964542596290509,0.009900105836744477
graph_sage,0.001,200,8,3,0.0,0.005577324486027161,0.006615217056120781
graph_sage,0.001,200,8,3,0.1,0.007608400947517819,0.00631921554235868
graph_sage,0.001,200,8,3,0.2,0.008301773832903968,0.008790038286968671
graph_sage,0.001,200,8,3,0.5,0.00940886615879006,0.010047973395015597
graph_sage,0.001,200,8,4,0.0,0.005448100508915053,0.007162972383355393
graph_sage,0.001,200,8,4,0.1,0.007187560759484768,0.006907690266448196
graph_sage,0.001,200,8,4,0.2,0.008219713034729162,0.009446667343003168
graph_sage,0.001,200,8,4,0.5,0.010616274198724164,0.0098542312796144
graph_sage,0.001,200,16,2,0.0,0.004731832755108674,0.0064756945090776565
graph_sage,0.001,200,16,2,0.1,0.006178364850994614,0.006919972089312165
graph_sage,0.001,200,16,2,0.2,0.006724256960054239,0.006584199514601452
graph_sage,0.001,200,16,2,0.5,0.007930634646779962,0.008277281045606632
graph_sage,0.001,200,16,3,0.0,0.004723094465831915,0.006463428583217845
graph_sage,0.001,200,16,3,0.1,0.005625009743703736,0.005936907321805229
graph_sage,0.001,200,16,3,0.2,0.006697612297203805,0.006567697007994177
graph_sage,0.001,200,16,3,0.5,0.008284819084737036,0.008221270958065508
graph_sage,0.001,200,16,4,0.0,0.0045880717742774225,0.006182650832621506
graph_sage,0.001,200,16,4,0.1,0.00585385248478916,0.006516594307018409
graph_sage,0.001,200,16,4,0.2,0.006070667329347796,0.006435006095926355
graph_sage,0.001,200,16,4,0.5,0.00856679958394832,0.009439079562471009
graph_sage,0.001,200,32,2,0.0,0.00537847024647312,0.007238053385445142
graph_sage,0.001,200,32,2,0.1,0.005285836187087827,0.006612856994365157
graph_sage,0.001,200,32,2,0.2,0.005515811752734912,0.0062265135540645385
graph_sage,0.001,200,32,2,0.5,0.006836277018818591,0.007182283775312048
graph_sage,0.001,200,32,3,0.0,0.004425576293013162,0.006218891155423578
graph_sage,0.001,200,32,3,0.1,0.0054579663607809276,0.006531547173864305
graph_sage,0.001,200,32,3,0.2,0.005321978446510103,0.005908446396466793
graph_sage,0.001,200,32,3,0.5,0.007811485326641963,0.006451417630258849
graph_sage,0.001,200,32,4,0.0,0.004277782876872354,0.006651287851110355
graph_sage,0.001,200,32,4,0.1,0.004927096381369564,0.0057599329038278135
graph_sage,0.001,200,32,4,0.2,0.005369522086241179,0.006069401023466203
graph_sage,0.001,200,32,4,0.5,0.007484429805643029,0.006476610056903831
graph_sage,0.001,300,4,2,0.0,0.005522782539224459,0.006721780325821225
graph_sage,0.001,300,4,2,0.1,0.008410258115165763,0.009533890907745524
graph_sage,0.001,300,4,2,0.2,0.016709186881780625,0.019993343193727163
graph_sage,0.001,300,4,2,0.5,0.013335546913246314,0.012143517716648611
graph_sage,0.001,300,4,3,0.0,0.005651058701591359,0.007077510941256837
graph_sage,0.001,300,4,3,0.1,0.007321964111179113,0.008563337081725585
graph_sage,0.001,300,4,3,0.2,0.008419556419054668,0.009447297741022464
graph_sage,0.001,300,4,3,0.5,0.012241600143412749,0.011384785870695802
graph_sage,0.001,300,4,4,0.0,0.005493021756410599,0.006772667684710942
graph_sage,0.001,300,4,4,0.1,0.0075678553897887465,0.009290543387742666
graph_sage,0.001,300,4,4,0.2,0.009405381687813335,0.009535195921284356
graph_sage,0.001,300,4,4,0.5,0.012003557549582588,0.011486766987360508
graph_sage,0.001,300,8,2,0.0,0.0050305180251598355,0.006874217342291655
graph_sage,0.001,300,8,2,0.1,0.00725548029359844,0.008555860631435075
graph_sage,0.001,300,8,2,0.2,0.007700580668946107,0.007592444236564355
graph_sage,0.001,300,8,2,0.5,0.009035633649263117,0.008681079369340705
graph_sage,0.001,300,8,3,0.0,0.00555591806769371,0.006292679811261981
graph_sage,0.001,300,8,3,0.1,0.006834247811800904,0.00721568573311997
graph_sage,0.001,300,8,3,0.2,0.007164031639695168,0.007277961268275601
graph_sage,0.001,300,8,3,0.5,0.010965723989324437,0.010452562137810184
graph_sage,0.001,300,8,4,0.0,0.004564506550216013,0.006150077094683848
graph_sage,0.001,300,8,4,0.1,0.006523556996964746,0.006846282797130532
graph_sage,0.001,300,8,4,0.2,0.006904993816796276,0.00672912978196758
graph_sage,0.001,300,8,4,0.5,0.009553102590143681,0.010150917589980967
graph_sage,0.001,300,16,2,0.0,0.00445887735630903,0.006309364643402681
graph_sage,0.001,300,16,2,0.1,0.005817995603299804,0.0070101530894379534
graph_sage,0.001,300,16,2,0.2,0.0062571343758867845,0.006924628583853143
graph_sage,0.001,300,16,2,0.5,0.007349906344380644,0.008483976642458767
graph_sage,0.001,300,16,3,0.0,0.004686719629292687,0.0061724013383152474
graph_sage,0.001,300,16,3,0.1,0.005737417553448015,0.006445928950690405
graph_sage,0.001,300,16,3,0.2,0.006265788509820899,0.006678784676850591
graph_sage,0.001,300,16,3,0.5,0.008657334372401237,0.00710353589969559
graph_sage,0.001,300,16,4,0.0,0.004574461301995648,0.00642576360351903
graph_sage,0.001,300,16,4,0.1,0.0054872841263810795,0.006409733995078248
graph_sage,0.001,300,16,4,0.2,0.006390069238841533,0.005962365238628675
graph_sage,0.001,300,16,4,0.5,0.008660359556476276,0.007754811726949229
graph_sage,0.001,300,32,2,0.0,0.004275815385497279,0.006973444303981435
graph_sage,0.001,300,32,2,0.1,0.005214682852642404,0.00654912775068901
graph_sage,0.001,300,32,2,0.2,0.005147646310635739,0.006265620217350154
graph_sage,0.001,300,32,2,0.5,0.006418622678352727,0.006786435428141169
graph_sage,0.001,300,32,3,0.0,0.004444828194876512,0.006862056228007063
graph_sage,0.001,300,32,3,0.1,0.005053512669271893,0.006134626412115906
graph_sage,0.001,300,32,3,0.2,0.005412717877576748,0.005749483646814202
graph_sage,0.001,300,32,3,0.5,0.006351052679949337,0.006273631633594246
graph_sage,0.001,300,32,4,0.0,0.004259903149472342,0.006274781861694945
graph_sage,0.001,300,32,4,0.1,0.004482887400728133,0.00594937495970298
graph_sage,0.001,300,32,4,0.2,0.005223843926149938,0.0058126827849325656
graph_sage,0.001,300,32,4,0.5,0.006685268449493581,0.005990178056324536
graph_sage,0.001,50,4,2,0.0,0.014481358292202155,0.012725561639394378
graph_sage,0.001,50,4,2,0.1,0.01251184373266167,0.010300681159996827
graph_sage,0.001,50,4,2,0.2,0.025564606736103692,0.022609646489816095
graph_sage,0.001,50,4,2,0.5,0.017803633709748586,0.01399237003878051
graph_sage,0.001,50,4,3,0.0,0.011439710151818064,0.010759742341126977
graph_sage,0.001,50,4,3,0.1,0.04920421760115359,0.04599989323637299
graph_sage,0.001,50,4,3,0.2,0.015167212941580348,0.010420923216105748
graph_sage,0.001,50,4,3,0.5,0.02052818023496204,0.014814232024113316
graph_sage,0.001,50,4,4,0.0,0.01730668441289001,0.014497370977621316
graph_sage,0.001,50,4,4,0.1,0.03128967152701484,0.028259993118325433
graph_sage,0.001,50,4,4,0.2,0.017414420056674214,0.011307280597296021
graph_sage,0.001,50,4,4,0.5,0.035596836027171876,0.023533173541984632
graph_sage,0.001,50,8,2,0.0,0.007223873316413826,0.0073782207794103275
graph_sage,0.001,50,8,2,0.1,0.014230565271443792,0.010874177350479197
graph_sage,0.001,50,8,2,0.2,0.013833469235234791,0.01004692803943108
graph_sage,0.001,50,8,2,0.5,0.01291595424214999,0.009264049767626136
graph_sage,0.001,50,8,3,0.0,0.007868558230499426,0.007760074279284624
graph_sage,0.001,50,8,3,0.1,0.008003796864714887,0.007318089548396944
graph_sage,0.001,50,8,3,0.2,0.012438542851143413,0.008467351249460364
graph_sage,0.001,50,8,3,0.5,0.02920981612470415,0.014206107229471066
graph_sage,0.001,50,8,4,0.0,0.007831171444720692,0.00808311841858389
graph_sage,0.001,50,8,4,0.1,0.0090025439651476,0.007147323520802651
graph_sage,0.001,50,8,4,0.2,0.011317128356960084,0.007146137176500922
graph_sage,0.001,50,8,4,0.5,0.017261467004815737,0.012556057195598668
graph_sage,0.001,50,16,2,0.0,0.007302407133910391,0.0074857895555381585
graph_sage,0.001,50,16,2,0.1,0.007374791138701969,0.007400349169448183
graph_sage,0.001,50,16,2,0.2,0.008030160847637389,0.007270272511124176
graph_sage,0.001,50,16,2,0.5,0.014571119141247537,0.008235947715032933
graph_sage,0.001,50,16,3,0.0,0.005856667355530792,0.0068534942886406824
graph_sage,0.001,50,16,3,0.1,0.007549857617252403,0.006686960617707971
graph_sage,0.001,50,16,3,0.2,0.008273419013453855,0.006562723124672765
graph_sage,0.001,50,16,3,0.5,0.01088432621003853,0.008079044050658712
graph_sage,0.001,50,16,4,0.0,0.006277625148908959,0.006931903484201829
graph_sage,0.001,50,16,4,0.1,0.008328222690357103,0.006997428894890056
graph_sage,0.001,50,16,4,0.2,0.0089936806095971,0.0073178765455191195
graph_sage,0.001,50,16,4,0.5,0.012606085329833958,0.007735066461513273
graph_sage,0.001,50,32,2,0.0,0.006104478276231223,0.006857116067118696
graph_sage,0.001,50,32,2,0.1,0.0066899056753350625,0.006655853510192955
graph_sage,0.001,50,32,2,0.2,0.007211417456467946,0.006837508312068063
graph_sage,0.001,50,32,2,0.5,0.008802798907789918,0.007382287147405275
graph_sage,0.001,50,32,3,0.0,0.006237846654322412,0.006948328935861436
graph_sage,0.001,50,32,3,0.1,0.007123703095648024,0.00672493442618487
graph_sage,0.001,50,32,3,0.2,0.008052483201026917,0.006848356511697506
graph_sage,0.001,50,32,3,0.5,0.009939925496776898,0.0069188694215784885
graph_sage,0.001,50,32,4,0.0,0.006165051843143172,0.00694775954945257
graph_sage,0.001,50,32,4,0.1,0.006517503234661288,0.006882406680984587
graph_sage,0.001,50,32,4,0.2,0.007069251810510953,0.00628055776444425
graph_sage,0.001,50,32,4,0.5,0.010087702795863152,0.007379188938755998
graph_sage,0.001,100,4,2,0.0,0.007991749596678548,0.00816624120713989
graph_sage,0.001,100,4,2,0.1,0.01645881769557794,0.01193431766260833
graph_sage,0.001,100,4,2,0.2,0.014395137503743171,0.011037621118632402
graph_sage,0.001,100,4,2,0.5,0.02724300945798556,0.02431231733532808
graph_sage,0.001,100,4,3,0.0,0.017477332738538583,0.014664420571517489
graph_sage,0.001,100,4,3,0.1,0.015121491253376007,0.009687740996086802
graph_sage,0.001,100,4,3,0.2,0.01499699196881718,0.008851609030044205
graph_sage,0.001,100,4,3,0.5,0.016320130601525307,0.011713105659382439
graph_sage,0.001,100,4,4,0.0,0.005744827414552371,0.0066109258494594595
graph_sage,0.001,100,4,4,0.1,0.009349822749694188,0.0067458492122274725
graph_sage,0.001,100,4,4,0.2,0.011883644666522742,0.007018572218974395
graph_sage,0.001,100,4,4,0.5,0.01655354139705499,0.008947656344770395
graph_sage,0.001,100,8,2,0.0,0.0061033090576529505,0.0071094021706737285
graph_sage,0.001,100,8,2,0.1,0.00831801500171423,0.00703737557739732
graph_sage,0.001,100,8,2,0.2,0.0115819555396835,0.007385496130652936
graph_sage,0.001,100,8,2,0.5,0.012326693503806989,0.007819365532944822
graph_sage,0.001,100,8,3,0.0,0.0059140637827416265,0.006581666314695589
graph_sage,0.001,100,8,3,0.1,0.0074986312124464246,0.0067421332595648305
graph_sage,0.001,100,8,3,0.2,0.009607127743462722,0.006984590549639513
graph_sage,0.001,100,8,3,0.5,0.011894521448347304,0.007149041912952558
graph_sage,0.001,100,8,4,0.0,0.0058645475448833575,0.006577105665745186
graph_sage,0.001,100,8,4,0.1,0.010878355883889728,0.0069039565634168906
graph_sage,0.001,100,8,4,0.2,0.008428493556049134,0.006817367986246214
graph_sage,0.001,100,8,4,0.5,0.010622299400468667,0.006080829464996463
graph_sage,0.001,100,16,2,0.0,0.0060925836092792455,0.007111590469976559
graph_sage,0.001,100,16,2,0.1,0.0067781559916006194,0.006964809118110616
graph_sage,0.001,100,16,2,0.2,0.007544600052966012,0.006147111174480013
graph_sage,0.001,100,16,2,0.5,0.010020712442282174,0.007165151151489279
graph_sage,0.001,100,16,3,0.0,0.005029454734176398,0.0057090233819581115
graph_sage,0.001,100,16,3,0.1,0.0071605676992072,0.006732542356657501
graph_sage,0.001,100,16,3,0.2,0.0065211661263472505,0.0062554338234660275
graph_sage,0.001,100,16,3,0.5,0.010658902571433121,0.00658924104319496
graph_sage,0.001,100,16,4,0.0,0.00534918249791695,0.006083761952412203
graph_sage,0.001,100,16,4,0.1,0.006322341184649203,0.006182884945997724
graph_sage,0.001,100,16,4,0.2,0.007029906701710489,0.006499366731183276
graph_sage,0.001,100,16,4,0.5,0.009396693462298976,0.0066953703794112585
graph_sage,0.001,100,32,2,0.0,0.004995025984115071,0.0057274088282674995
graph_sage,0.001,100,32,2,0.1,0.0057389019057154655,0.006079328766510983
graph_sage,0.001,100,32,2,0.2,0.0065583061012956835,0.0065785973095350055
graph_sage,0.001,100,32,2,0.5,0.007962164978703692,0.00695319012170037
graph_sage,0.001,100,32,3,0.0,0.0048763321609132815,0.0054757222067617125
graph_sage,0.001,100,32,3,0.1,0.006016846001148224,0.006065261788339793
graph_sage,0.001,100,32,3,0.2,0.00631283594088422,0.006152047724714826
graph_sage,0.001,100,32,3,0.5,0.008236162302394708,0.006847751178352191
graph_sage,0.001,100,32,4,0.0,0.005120050068944693,0.005738079187784883
graph_sage,0.001,100,32,4,0.1,0.0058531038463115696,0.005429269483400123
graph_sage,0.001,100,32,4,0.2,0.007105637962619464,0.0064276209967560225
graph_sage,0.001,100,32,4,0.5,0.009438114592598544,0.006698303464038347
graph_sage,0.001,200,4,2,0.0,0.00610320915778478,0.007056739828228587
graph_sage,0.001,200,4,2,0.1,0.01732076598952214,0.0145106074748794
graph_sage,0.001,200,4,2,0.2,0.008920085802674293,0.0069402485319637105
graph_sage,0.001,200,4,2,0.5,0.01439941908336348,0.009700473612578708
graph_sage,0.001,200,4,3,0.0,0.005776233070840438,0.006684223343829565
graph_sage,0.001,200,4,3,0.1,0.009429655596613884,0.006979351391820909
graph_sage,0.001,200,4,3,0.2,0.011974157868987985,0.007177632475663031
graph_sage,0.001,200,4,3,0.5,0.01564859040081501,0.011237979769622885
graph_sage,0.001,200,4,4,0.0,0.005556367803364992,0.006427916252923538
graph_sage,0.001,200,4,4,0.1,0.007979650381538602,0.0065247408884591355
graph_sage,0.001,200,4,4,0.2,0.010696475125021405,0.006834023994326355
graph_sage,0.001,200,4,4,0.5,0.01396826787127389,0.007568940111900879
graph_sage,0.001,200,8,2,0.0,0.005307584245585733,0.006160372534419434
graph_sage,0.001,200,8,2,0.1,0.007227617295251953,0.006903850039707305
graph_sage,0.001,200,8,2,0.2,0.008753334089285797,0.006860288717691887
graph_sage,0.001,200,8,2,0.5,0.009817501737011803,0.00693904943238115
graph_sage,0.001,200,8,3,0.0,0.006301257355759541,0.00581298127857961
graph_sage,0.001,200,8,3,0.1,0.006947963136351771,0.006590980205563035
graph_sage,0.001,200,8,3,0.2,0.008104273821744654,0.006459693761674679
graph_sage,0.001,200,8,3,0.5,0.010908609794245825,0.006474635149035723
graph_sage,0.001,200,8,4,0.0,0.00558121321308944,0.006216825934677051
graph_sage,0.001,200,8,4,0.1,0.007245500158104632,0.006893127390119158
graph_sage,0.001,200,8,4,0.2,0.008269538937343491,0.006576198950964063
graph_sage,0.001,200,8,4,0.5,0.009971492799619834,0.006130922439377073
graph_sage,0.001,200,16,2,0.0,0.005224129992226759,0.006314955555786028
graph_sage,0.001,200,16,2,0.1,0.0062326774001121524,0.005823722554867583
graph_sage,0.001,200,16,2,0.2,0.007123381023605665,0.006714125940616711
graph_sage,0.001,200,16,2,0.5,0.007629441594084104,0.006538630962890757
graph_sage,0.001,200,16,3,0.0,0.005013956610734264,0.005880393386026128
graph_sage,0.001,200,16,3,0.1,0.006148039466804928,0.0053319524911835
graph_sage,0.001,200,16,3,0.2,0.006360497325658798,0.005610836707246847
graph_sage,0.001,200,16,3,0.5,0.008705265633761883,0.0064076799383252945
graph_sage,0.001,200,16,4,0.0,0.004735780052012867,0.005935672783170176
graph_sage,0.001,200,16,4,0.1,0.005348942615091801,0.00539748678563523
graph_sage,0.001,200,16,4,0.2,0.006728881287078063,0.005942676274187164
graph_sage,0.001,200,16,4,0.5,0.00946850296523836,0.0062981728513036295
graph_sage,0.001,200,32,2,0.0,0.004694657374380363,0.005095668589642966
graph_sage,0.001,200,32,2,0.1,0.005563416425138712,0.005455469239805488
graph_sage,0.001,200,32,2,0.2,0.006021724092877574,0.005579172053825054
graph_sage,0.001,200,32,2,0.5,0.007076642620894644,0.005754455702177719
graph_sage,0.001,200,32,3,0.0,0.004485085420310497,0.005681658414808943
graph_sage,0.001,200,32,3,0.1,0.005468326061964035,0.0051465300381374314
graph_sage,0.001,200,32,3,0.2,0.005718063128491243,0.005302498806858047
graph_sage,0.001,200,32,3,0.5,0.007647493885209163,0.006088854689232548
graph_sage,0.001,200,32,4,0.0,0.004708666675206688,0.005461011940925608
graph_sage,0.001,200,32,4,0.1,0.00522324044464363,0.005686989232660622
graph_sage,0.001,200,32,4,0.2,0.005630016720129384,0.005453335327385833
graph_sage,0.001,200,32,4,0.5,0.007191281139643656,0.006179790694854415
graph_sage,0.001,300,4,2,0.0,0.017308796880145867,0.014496854928922965
graph_sage,0.001,300,4,2,0.1,0.008162350414527788,0.00683829377113474
graph_sage,0.001,300,4,2,0.2,0.009608691703114245,0.0069374669383597265
graph_sage,0.001,300,4,2,0.5,0.017309413850307466,0.014498243747446616
graph_sage,0.001,300,4,3,0.0,0.0055160835592283144,0.006458598416426042
graph_sage,0.001,300,4,3,0.1,0.008348794716099898,0.006363120299254721
graph_sage,0.001,300,4,3,0.2,0.008184910027517213,0.006086380221910481
graph_sage,0.001,300,4,3,0.5,0.013869171486132675,0.011549234302689814
graph_sage,0.001,300,4,4,0.0,0.006078465686490138,0.006402205277824979
graph_sage,0.001,300,4,4,0.1,0.008490369215400683,0.00632665002486732
graph_sage,0.001,300,4,4,0.2,0.009417592071824604,0.006543887620039523
graph_sage,0.001,300,4,4,0.5,0.013718910680876838,0.00846659165954602
graph_sage,0.001,300,8,2,0.0,0.006422367547121313,0.006700514668538648
graph_sage,0.001,300,8,2,0.1,0.006848018740614256,0.006279275636956605
graph_sage,0.001,300,8,2,0.2,0.0070284393926461535,0.006153364417882478
graph_sage,0.001,300,8,2,0.5,0.010241977673851781,0.0064889528365347894
graph_sage,0.001,300,8,3,0.0,0.005153386450062195,0.005532930984313645
graph_sage,0.001,300,8,3,0.1,0.00611027248410715,0.005705199870681632
graph_sage,0.001,300,8,3,0.2,0.008125150669366121,0.006562929781240711
graph_sage,0.001,300,8,3,0.5,0.00988589779784282,0.006853849133949819
graph_sage,0.001,300,8,4,0.0,0.0048746049818065434,0.005720891193680444
graph_sage,0.001,300,8,4,0.1,0.008029209853460392,0.006214447648013976
graph_sage,0.001,300,8,4,0.2,0.007457002366168632,0.006192464002237852
graph_sage,0.001,300,8,4,0.5,0.010447396751907137,0.006123661110620038
graph_sage,0.001,300,16,2,0.0,0.005370346829295158,0.005497061398360969
graph_sage,0.001,300,16,2,0.1,0.005866980118056139,0.005731395655270077
graph_sage,0.001,300,16,2,0.2,0.005953390689359771,0.00529166685180984
graph_sage,0.001,300,16,2,0.5,0.008185273760722743,0.006051971987156168
graph_sage,0.001,300,16,3,0.0,0.004791433255498608,0.005394660915271477
graph_sage,0.001,300,16,3,0.1,0.006017438756922881,0.005682585591725164
graph_sage,0.001,300,16,3,0.2,0.005686642157120837,0.005641946882087368
graph_sage,0.001,300,16,3,0.5,0.008736892836168408,0.006051939006755091
graph_sage,0.001,300,16,4,0.0,0.0044573602266609665,0.005224438225398487
graph_sage,0.001,300,16,4,0.1,0.0051396262521545095,0.005451989239816069
graph_sage,0.001,300,16,4,0.2,0.006398251559585333,0.00558052895675063
graph_sage,0.001,300,16,4,0.5,0.008353313265575302,0.006452043031854693
graph_sage,0.001,300,32,2,0.0,0.004507236187863681,0.005462053498802355
graph_sage,0.001,300,32,2,0.1,0.004956943976382414,0.005312442018145536
graph_sage,0.001,300,32,2,0.2,0.0057286117846767105,0.005816329829039191
graph_sage,0.001,300,32,2,0.5,0.006264594342145655,0.005340231313795218
graph_sage,0.001,300,32,3,0.0,0.004181004377702872,0.005989977654680878
graph_sage,0.001,300,32,3,0.1,0.0049578217272129325,0.005495058982190581
graph_sage,0.001,300,32,3,0.2,0.0049923588418298295,0.0052440037583049385
graph_sage,0.001,300,32,3,0.5,0.006725213800867398,0.005511303832773695
graph_sage,0.001,300,32,4,0.0,0.00407771064589421,0.006109287195876512
graph_sage,0.001,300,32,4,0.1,0.005123160696691937,0.005497194998690702
graph_sage,0.001,300,32,4,0.2,0.005188352304200331,0.005495903060536822
graph_sage,0.001,300,32,4,0.5,0.006117264077895217,0.005417754315161449
graph_sage,0.001,50,4,2,0.0,0.017607986595895554,0.019569913344436075
graph_sage,0.001,50,4,2,0.1,0.0188096078319682,0.017711582346420764
graph_sage,0.001,50,4,2,0.2,0.018805970872441926,0.01879906007968124
graph_sage,0.001,50,4,2,0.5,0.016467756322688525,0.0156260314801413
graph_sage,0.001,50,4,3,0.0,0.008747317103876008,0.008863098317921115
graph_sage,0.001,50,4,3,0.1,0.017090698269506297,0.012556806837409784
graph_sage,0.001,50,4,3,0.2,0.012819382982949415,0.009679218760505304
graph_sage,0.001,50,4,3,0.5,0.01693905649913682,0.01678678845775412
graph_sage,0.001,50,4,4,0.0,0.007374813759492504,0.007486650200009315
graph_sage,0.001,50,4,4,0.1,0.020326706953346728,0.015679781474217513
graph_sage,0.001,50,4,4,0.2,0.010258082310772604,0.008672249593579017
graph_sage,0.001,50,4,4,0.5,0.032296421751379964,0.02736360199480057
graph_sage,0.001,50,8,2,0.0,0.008988549151561326,0.009199076021527386
graph_sage,0.001,50,8,2,0.1,0.00814133727302154,0.007523415427212488
graph_sage,0.001,50,8,2,0.2,0.013979690728916062,0.011203507119863421
graph_sage,0.001,50,8,2,0.5,0.01519010371218125,0.011657100042265788
graph_sage,0.001,50,8,3,0.0,0.007242322878705131,0.0075309731249128655
graph_sage,0.001,50,8,3,0.1,0.00856590328945054,0.0077733297725900204
graph_sage,0.001,50,8,3,0.2,0.012983423481798834,0.00948502601207588
graph_sage,0.001,50,8,3,0.5,0.019803792403803932,0.022912712883948316
graph_sage,0.001,50,8,4,0.0,0.006665170575595564,0.007292114465445465
graph_sage,0.001,50,8,4,0.1,0.008167670625779364,0.007314600931682414
graph_sage,0.001,50,8,4,0.2,0.010895108472969798,0.008390876816195991
graph_sage,0.001,50,8,4,0.5,0.01573989972886112,0.010507717165417495
graph_sage,0.001,50,16,2,0.0,0.007147058389253087,0.007972484891511566
graph_sage,0.001,50,16,2,0.1,0.00801364649604592,0.007402140206112318
graph_sage,0.001,50,16,2,0.2,0.008321818321322401,0.007668503392720805
graph_sage,0.001,50,16,2,0.5,0.013626753228406112,0.009294137308773464
graph_sage,0.001,50,16,3,0.0,0.006561793123061458,0.007393748767514285
graph_sage,0.001,50,16,3,0.1,0.007579477555635903,0.007714201696246636
graph_sage,0.001,50,16,3,0.2,0.007978504047625595,0.0074926054117809395
graph_sage,0.001,50,16,3,0.5,0.012627748793198003,0.008287468974067558
graph_sage,0.001,50,16,4,0.0,0.006148898115174638,0.007093091007031038
graph_sage,0.001,50,16,4,0.1,0.0072887304652896195,0.006827567697983383
graph_sage,0.001,50,16,4,0.2,0.008897370182805592,0.007481810279892453
graph_sage,0.001,50,16,4,0.5,0.010185499613483747,0.007191294952534744
graph_sage,0.001,50,32,2,0.0,0.006186144447161091,0.007189957714013051
graph_sage,0.001,50,32,2,0.1,0.007054445364822944,0.007274997376215264
graph_sage,0.001,50,32,2,0.2,0.008141909663875898,0.00707320195737191
graph_sage,0.001,50,32,2,0.5,0.009047369783123335,0.007563719179167627
graph_sage,0.001,50,32,3,0.0,0.005721532253341543,0.007200838578090707
graph_sage,0.001,50,32,3,0.1,0.006873927710370885,0.007829238466527588
graph_sage,0.001,50,32,3,0.2,0.007462931765864293,0.007534197359080341
graph_sage,0.001,50,32,3,0.5,0.009798599179420206,0.007764729148595962
graph_sage,0.001,50,32,4,0.0,0.005558247460673253,0.006761014147137878
graph_sage,0.001,50,32,4,0.1,0.006471375831299358,0.0072211144833229214
graph_sage,0.001,50,32,4,0.2,0.00734888580110338,0.007395808506090962
graph_sage,0.001,50,32,4,0.5,0.010173842466125885,0.007456804042982945
graph_sage,0.001,100,4,2,0.0,0.016958652850654392,0.017999892943493377
graph_sage,0.001,100,4,2,0.1,0.010889642768436007,0.009177267294229362
graph_sage,0.001,100,4,2,0.2,0.010847126547661092,0.007951822626050742
graph_sage,0.001,100,4,2,0.5,0.012340313692887624,0.009079418623093981
graph_sage,0.001,100,4,3,0.0,0.007111564754611916,0.00781121227888093
graph_sage,0.001,100,4,3,0.1,0.008905387804326084,0.008111641096035882
graph_sage,0.001,100,4,3,0.2,0.010759572063883146,0.008121489811821102
graph_sage,0.001,100,4,3,0.5,0.01731220715575748,0.018495703525967057
graph_sage,0.001,100,4,4,0.0,0.012099959928956296,0.015188505314349943
graph_sage,0.001,100,4,4,0.1,0.011781506074799431,0.007746222978659567
graph_sage,0.001,100,4,4,0.2,0.011803614430957371,0.009331661809679837
graph_sage,0.001,100,4,4,0.5,0.014835817946328057,0.014528929667547352
graph_sage,0.001,100,8,2,0.0,0.006324498893486129,0.007507103485615474
graph_sage,0.001,100,8,2,0.1,0.007917042521552908,0.007359481920503797
graph_sage,0.001,100,8,2,0.2,0.009326958883967664,0.007308432879515792
graph_sage,0.001,100,8,2,0.5,0.011552840657532214,0.008395652198642444
graph_sage,0.001,100,8,3,0.0,0.006060937253965272,0.0072520165698609414
graph_sage,0.001,100,8,3,0.1,0.008527917373511527,0.007382207658529172
graph_sage,0.001,100,8,3,0.2,0.009536479165156682,0.007285292275399513
graph_sage,0.001,100,8,3,0.5,0.016122010412315528,0.00938437796769529
graph_sage,0.001,100,8,4,0.0,0.006128582736063335,0.007463211589980645
graph_sage,0.001,100,8,4,0.1,0.0075416803566945925,0.006832146126737104
graph_sage,0.001,100,8,4,0.2,0.007918582453082005,0.006638633326900223
graph_sage,0.001,100,8,4,0.5,0.012139667208409971,0.00791097265129892
graph_sage,0.001,100,16,2,0.0,0.006008995603770018,0.006800911094995854
graph_sage,0.001,100,16,2,0.1,0.0074366985302832395,0.007283540528532928
graph_sage,0.001,100,16,2,0.2,0.008409934563355313,0.007514008111927239
graph_sage,0.001,100,16,2,0.5,0.009567984255651633,0.007581171116220897
graph_sage,0.001,100,16,3,0.0,0.005365852928823895,0.006052510357224516
graph_sage,0.001,100,16,3,0.1,0.006654619187530544,0.007134067155348589
graph_sage,0.001,100,16,3,0.2,0.008313713388310539,0.006789143237167483
graph_sage,0.001,100,16,3,0.5,0.00994055022795995,0.007555986234841505
graph_sage,0.001,100,16,4,0.0,0.0053392183242572675,0.006179651767204408
graph_sage,0.001,100,16,4,0.1,0.006893655036886533,0.006914769218810246
graph_sage,0.001,100,16,4,0.2,0.007726500338564316,0.007473184356710227
graph_sage,0.001,100,16,4,0.5,0.010819027738438711,0.007498062851870291
graph_sage,0.001,100,32,2,0.0,0.004962725585533513,0.005413863078767544
graph_sage,0.001,100,32,2,0.1,0.006275453175314598,0.0066626677087322506
graph_sage,0.001,100,32,2,0.2,0.006127797056817346,0.006475466020972131
graph_sage,0.001,100,32,2,0.5,0.008126108803682856,0.007235245550628466
graph_sage,0.001,100,32,3,0.0,0.005112419691350725,0.0059917473151981145
graph_sage,0.001,100,32,3,0.1,0.005613586472140418,0.006221140516808088
graph_sage,0.001,100,32,3,0.2,0.006275831618242794,0.0063558471210843235
graph_sage,0.001,100,32,3,0.5,0.008083451559974088,0.007351269150840523
graph_sage,0.001,100,32,4,0.0,0.005001723973287476,0.005814671974175489
graph_sage,0.001,100,32,4,0.1,0.005841829301789403,0.00611140868621689
graph_sage,0.001,100,32,4,0.2,0.006762589741912153,0.007377261299298077
graph_sage,0.001,100,32,4,0.5,0.008580909628007147,0.007046115312525458
graph_sage,0.001,200,4,2,0.0,0.006586962503691515,0.007744270157375421
graph_sage,0.001,200,4,2,0.1,0.008970005272163285,0.007285707016978726
graph_sage,0.001,200,4,2,0.2,0.012584339723818831,0.008926191075537559
graph_sage,0.001,200,4,2,0.5,0.011710099462005828,0.008274987388014932
graph_sage,0.001,200,4,3,0.0,0.005668696937047773,0.005599940668799519
graph_sage,0.001,200,4,3,0.1,0.009150621336367395,0.007185657573779291
graph_sage,0.001,200,4,3,0.2,0.00922466086016761,0.006672688303664387
graph_sage,0.001,200,4,3,0.5,0.016957446104950376,0.018035956595464243
graph_sage,0.001,200,4,4,0.0,0.0054161276461349595,0.006085867388771149
graph_sage,0.001,200,4,4,0.1,0.00869540096157127,0.0068124935197309885
graph_sage,0.001,200,4,4,0.2,0.008875160053786304,0.00725055618564543
graph_sage,0.001,200,4,4,0.5,0.014568149112164974,0.013338243192031385
graph_sage,0.001,200,8,2,0.0,0.006063828420721822,0.006799456948061966
graph_sage,0.001,200,8,2,0.1,0.0070112139503988955,0.007145283133197289
graph_sage,0.001,200,8,2,0.2,0.008306325020061598,0.006949575414869624
graph_sage,0.001,200,8,2,0.5,0.00944336350593302,0.006810975221464765
graph_sage,0.001,200,8,3,0.0,0.017027690096033943,0.01830316438244246
graph_sage,0.001,200,8,3,0.1,0.007316043812574612,0.007307428560892592
graph_sage,0.001,200,8,3,0.2,0.008677811444633537,0.007307137418707832
graph_sage,0.001,200,8,3,0.5,0.010904710905419456,0.007393000000409433
graph_sage,0.001,200,8,4,0.0,0.005307531367159552,0.006031251943011728
graph_sage,0.001,200,8,4,0.1,0.007530870060953829,0.006991772121240203
graph_sage,0.001,200,8,4,0.2,0.008777640439156029,0.007052381693146525
graph_sage,0.001,200,8,4,0.5,0.011553501358462705,0.00813255751662707
graph_sage,0.001,200,16,2,0.0,0.005381984398182896,0.005899662806598283
graph_sage,0.001,200,16,2,0.1,0.005653784092929628,0.004962316566624203
graph_sage,0.001,200,16,2,0.2,0.007157989860408836,0.006675671088010126
graph_sage,0.001,200,16,2,0.5,0.009080599600242243,0.006791619954866235
graph_sage,0.001,200,16,3,0.0,0.004652893936468496,0.005119393856118659
graph_sage,0.001,200,16,3,0.1,0.006071249995794561,0.006359613824389853
graph_sage,0.001,200,16,3,0.2,0.005797660609500275,0.006511992576360903
graph_sage,0.001,200,16,3,0.5,0.00919597079563472,0.007360258871322589
graph_sage,0.001,200,16,4,0.0,0.0050822865217924115,0.005308322592763215
graph_sage,0.001,200,16,4,0.1,0.0062621405555142295,0.006406260352907811
graph_sage,0.001,200,16,4,0.2,0.006674395687878132,0.00600639844432731
graph_sage,0.001,200,16,4,0.5,0.00950056171665589,0.007175724348425216
graph_sage,0.001,200,32,2,0.0,0.004489933451016744,0.004559413202530216
graph_sage,0.001,200,32,2,0.1,0.005419965502288606,0.004917684571885595
graph_sage,0.001,200,32,2,0.2,0.005968279593313734,0.0055408965755181505
graph_sage,0.001,200,32,2,0.5,0.006508524539983935,0.00636816528750046
graph_sage,0.001,200,32,3,0.0,0.004859494190249178,0.005249909438257294
graph_sage,0.001,200,32,3,0.1,0.005289666985885964,0.0052749360456370905
graph_sage,0.001,200,32,3,0.2,0.005825881287455559,0.005529978430168825
graph_sage,0.001,200,32,3,0.5,0.0071498516326149305,0.006939428759460497
graph_sage,0.001,200,32,4,0.0,0.0046407389040622445,0.0057037737099972395
graph_sage,0.001,200,32,4,0.1,0.004793855925608013,0.004880517841376619
graph_sage,0.001,200,32,4,0.2,0.005669272401266628,0.004906142997564001
graph_sage,0.001,200,32,4,0.5,0.00697686727055245,0.006417435682975192
graph_sage,0.001,300,4,2,0.0,0.00506225550133321,0.00552475200239746
graph_sage,0.001,300,4,2,0.1,0.00757943152760466,0.007307791343996062
graph_sage,0.001,300,4,2,0.2,0.016946424999170834,0.01783938544903414
graph_sage,0.001,300,4,2,0.5,0.011987491303847896,0.007981454480638916
graph_sage,0.001,300,4,3,0.0,0.005969702245460617,0.00718907134832838
graph_sage,0.001,300,4,3,0.1,0.007443548987309138,0.0072768082040343355
graph_sage,0.001,300,4,3,0.2,0.016943701480825742,0.017826824125012665
graph_sage,0.001,300,4,3,0.5,0.01359234315653642,0.009407589485064882
graph_sage,0.001,300,4,4,0.0,0.005058044836752944,0.005816137635559482
graph_sage,0.001,300,4,4,0.1,0.008050659505857361,0.006808777166087765
graph_sage,0.001,300,4,4,0.2,0.008822673497100671,0.00527388514905498
graph_sage,0.001,300,4,4,0.5,0.01606051710744699,0.014799705154008524
graph_sage,0.001,300,8,2,0.0,0.005002521175063319,0.004930049502934963
graph_sage,0.001,300,8,2,0.1,0.007192005092899005,0.005582516963968232
graph_sage,0.001,300,8,2,0.2,0.007268318989210659,0.007109775641144367
graph_sage,0.001,300,8,2,0.5,0.009069720490111245,0.0067937830282136956
graph_sage,0.001,300,8,3,0.0,0.005243514519598749,0.0058734279895147345
graph_sage,0.001,300,8,3,0.1,0.0070655575436022544,0.007009557916437448
graph_sage,0.001,300,8,3,0.2,0.006761702605419689,0.006719444527382201
graph_sage,0.001,300,8,3,0.5,0.010445077986352974,0.007190239067310955
graph_sage,0.001,300,8,4,0.0,0.005161412929495176,0.005488550434191985
graph_sage,0.001,300,8,4,0.1,0.006446477129227585,0.00603872974226558
graph_sage,0.001,300,8,4,0.2,0.00820642380664746,0.0070111748574559485
graph_sage,0.001,300,8,4,0.5,0.010965224841816558,0.007080920967134308
graph_sage,0.001,300,16,2,0.0,0.004672318164052234,0.004671142868619161
graph_sage,0.001,300,16,2,0.1,0.005757474795811706,0.006271113126318095
graph_sage,0.001,300,16,2,0.2,0.006367233343836334,0.0059557783450014945
graph_sage,0.001,300,16,2,0.5,0.007646393775939941,0.007122773545367167
graph_sage,0.001,300,16,3,0.0,0.004919869814895921,0.005023672677218105
graph_sage,0.001,300,16,3,0.1,0.00510877152490947,0.005373473680808161
graph_sage,0.001,300,16,3,0.2,0.006453486449188656,0.005669088151000512
graph_sage,0.001,300,16,3,0.5,0.007179666082892153,0.007032726284183432
graph_sage,0.001,300,16,4,0.0,0.004753860965785053,0.005025631492389326
graph_sage,0.001,300,16,4,0.1,0.005180733795795176,0.005541234357144109
graph_sage,0.001,300,16,4,0.2,0.006185195910640888,0.005545534089606008
graph_sage,0.001,300,16,4,0.5,0.008995517839988072,0.007276307877597432
graph_sage,0.001,300,32,2,0.0,0.0046450496030350525,0.004910370100203387
graph_sage,0.001,300,32,2,0.1,0.005099300998780462,0.004934728517872156
graph_sage,0.001,300,32,2,0.2,0.005430180062022474,0.004594136207943933
graph_sage,0.001,300,32,2,0.5,0.006809675486551391,0.005084684644632897
graph_sage,0.001,300,32,3,0.0,0.004614225981964005,0.005339583451542218
graph_sage,0.001,300,32,3,0.1,0.0042862996459007265,0.004875412609793095
graph_sage,0.001,300,32,3,0.2,0.00531015515120493,0.005195996209668064
graph_sage,0.001,300,32,3,0.5,0.007030655360884137,0.005463427777736118
graph_sage,0.001,300,32,4,0.0,0.0040756142180826925,0.0051942111069089416
graph_sage,0.001,300,32,4,0.1,0.005327534851514631,0.005051437206962639
graph_sage,0.001,300,32,4,0.2,0.005375656257900927,0.005019780543355968
graph_sage,0.001,300,32,4,0.5,0.0061188469175249335,0.0054096174993923715
